[{"title":"忍犬大乱踏","description":"連擊5~8次，每次造成20%傷害"},
    {"title":"忍犬の術","description":"隨機1種寶珠轉廢珠，並造成80%傷害"},
    {"title":"忍法・霞隠れ","description":"5回合內，將受到的暗屬性傷害轉換成自己的生命值"},
    {"title":"お色気の術","description":"封鎖隨機3隻隊員寵物1~2回合，並造成50%傷害"},
    {"title":"木遁・木枯し","description":"隱藏全畫面的寶珠，並造成50%傷害"},
    {"title":"猿飛流抜刀術","description":"連擊6次，造成120%傷害"},
    {"title":"鬼人化の秘術","description":"下次攻擊時造成600%傷害"},
    {"title":"傀儡の術","description":"封鎖隨機1隻隊員寵物2~4回合"},
    {"title":"からくり演舞","description":"隨機1種寶珠轉廢珠，並造成110%傷害"},
    {"title":"太平の願い","description":"10回合內，無法發動任何主動技能"},
    {"title":"幼龍神の息吹","description":"木轉火，並造成90%傷害"},
    {"title":"大いなる神光","description":"暗轉光，並造成100%傷害"},
    {"title":"母なる大海","description":"火轉水，並造成110%傷害"},
    {"title":"儚き夢想","description":"隨機3種寶珠轉廢珠"},
    {"title":"森羅万象","description":"連擊5次，造成250%傷害"},
    {"title":"大海の衣","description":"999回合內，將 4COMBO 或以下時所造成的傷害全部吸收"},
    {"title":"海刃","description":"木轉水，並造成100%傷害"},
    {"title":"神水の災恵","description":"水轉心，並造成150%傷害"},
    {"title":"父なる海神の呪詛","description":"隨機3種寶珠轉廢珠"},
    {"title":"海神の一撃","description":"重擊，造成400%傷害"},
    {"title":"穢れを落としてさしあげますっ！","description":"回復玩家100%HP"},
    {"title":"不死の薬","description":"回復100%HP"},
    {"title":"蓬莱の玉の枝","description":"封鎖惡魔類寵物2~3回合"},
    {"title":"燕の産んだ子安貝","description":"暗轉心，並造成125%傷害"},
    {"title":"龍の首の珠","description":"所有寶珠變為火水木光暗，並造成75%傷害"},
    {"title":"火鼠の裘","description":"心轉火，並造成75%傷害"},
    {"title":"仏の御石の鉢","description":"造成玩家目前HP99%的傷害"},
    {"title":"夜穿天昇","description":"左方起第3直行及第4直行轉光，並造成200%傷害"},
    {"title":"攻勢の狼煙","description":"3回合內，寶珠移動時間減少1秒"},
    {"title":"","description":""},
    {"title":"一撃","description":"重擊，造成80%傷害"},
    {"title":"二撃","description":"連擊2次，造成160%傷害"},
    {"title":"三撃","description":"連擊3次，造成240%傷害"},
    {"title":"四撃","description":"連擊4次，造成320%傷害"},
    {"title":"終撃","description":"連擊4次，造成2000%傷害"},
    {"title":"混沌の衣","description":"3回合內，將受到的暗屬性傷害轉換成自己的生命值"},
    {"title":"ブラックストーム","description":"廢轉暗，並造成200%傷害"},
    {"title":"カオスサイス","description":"隨機1種寶珠轉廢，並造成100%傷害"},
    {"title":"アモン、参上っ！！！","description":"造成玩家目前HP99%的傷害"},
    {"title":"オール・フォー・ミー","description":"999回合內攻擊力提升至300%"},
    {"title":"スーパーデビルフック","description":"隨機1種寶珠轉廢，並造成80%傷害"},
    {"title":"ホー！　ホー！　ホーッ！！","description":"連擊3次，造成150%傷害"},
    {"title":"屍龍の呪い","description":"10回合內，毒珠的掉落機率提升5%"},
    {"title":"アシッドブレス","description":"隨機1種寶珠轉廢，並造成100%傷害"},
    {"title":"屍龍の怨念","description":"封鎖龍類寵物3回合"},
    {"title":"ヘルポイズンブレス","description":"隨機3粒寶珠轉毒，並造成100%傷害"},
    {"title":"怨みの冷笑","description":"10回合內，寶珠移動時間減少2秒"},
    {"title":"腐敗への誘い","description":"隨機8粒寶珠轉毒"},
    {"title":"絶望の慟哭","description":"隨機1種寶珠轉廢，並造成100%傷害"},
    {"title":"神滅の業火","description":"連擊5次，造成150%傷害"},
    {"title":"神怨","description":"封鎖 神類 寵物1~3回合"},
    {"title":"イビルスラッシュ","description":"連擊6次，造成180%傷害"},
    {"title":"ウォーターバインド","description":"封鎖水寵物2~4回合"},
    {"title":"リーフバインド","description":"封鎖木寵物2~4回合"},
    {"title":"ファイアバインド","description":"封鎖火寵物2~4回合"},
    {"title":"ダークバインド","description":"封鎖暗寵物2~4回合"},
    {"title":"フラッシュバインド","description":"封鎖光寵物2~4回合"},
    {"title":"不死鳥の輝き","description":"回復玩家100%HP"},
    {"title":"イモータルフレイム","description":"水轉心，並造成75%傷害"},
    {"title":"転生の炎","description":"回復100%HP"},
    {"title":"不死鳥の輝き","description":"回復玩家100%HP"},
    {"title":"エターナルフレア","description":"連擊5次，造成400%傷害"},
    {"title":"這い寄る魔手","description":"封鎖木寵物3回合"},
    {"title":"ブラックアウト","description":"隱藏全畫面的寶珠，並造成25%傷害"},
    {"title":"触手攻撃","description":"封鎖隨機2隻隊員寵物2回合，並造成75%傷害"},
    {"title":"ハードテンタクル","description":"連擊3次，造成150%傷害"},
    {"title":"ダウンバースト","description":"造成玩家目前HP99%的傷害"},
    {"title":"スナイパーアイ","description":"封鎖隨機1隻寵物2~3回合"},
    {"title":"ハンティングゲイル","description":"連擊5次，造成100%傷害"},
    {"title":"女神の祝福","description":"3回合內，將單一傷害值在 200000 點以上的傷害吸收"},
    {"title":"女神の祈り","description":"封鎖暗寵物3回合"},
    {"title":"セイクリッドアサルト","description":"隨機將4粒光珠以外的寶珠變成光珠，並造成100%傷害"},
    {"title":"レインボーロード","description":"所有寶珠變為火水木光暗心，並造成125%傷害"},
    {"title":"ヘルハウリング","description":"隨機2種寶珠轉廢珠"},
    {"title":"デスバイト","description":"隨機3粒寶珠轉毒珠，並造成25%傷害"},
    {"title":"トリニティファング","description":"連擊3次，造成150%傷害"},
    {"title":"ピュアスマイル","description":"封鎖隨機1隻寵物3回合"},
    {"title":"ぐんぐにーるたまぁ！","description":"隨機1種寶珠轉光 ，並造成200%傷害"},
    {"title":"まそうぐんぐにーるたまぁ！","description":"隨機1種寶珠轉暗珠 ，並造成90%傷害"},
    {"title":"サイレントスマイル","description":"5回合內，無法發動任何主動技能"},
    {"title":"立チ去レたまぁ･･･","description":"甚麼都不做"},
    {"title":"ソーラーレーザー","description":"重擊，造成100%傷害"},
    {"title":"ちぇんじ・ざ","description":"甚麼都不做"},
    {"title":"わーるどたまぁ！","description":"連擊12次，造成1200%傷害"},
    {"title":"いやすたまぁ！","description":"回復玩家100%HP"},
    {"title":"くいっくたまぁ！","description":"封鎖隨機1隻寵物2回合，並造成100%傷害 "},
    {"title":"大地のコア","description":"5回合內，將受到的火屬性傷害轉換成自己的生命值"},
    {"title":"封印の巨石","description":"封鎖隨機1隻寵物2回合，並造成75%傷害"},
    {"title":"グラウンド・リベンジ","description":"連擊3次，造成120%傷害"},
    {"title":"恵みの土塊","description":"隨機1種寶珠轉心珠，並造成100%傷害"},
    {"title":"アースグラビティ","description":"造成玩家目前HP99%的傷害"},
    {"title":"ストーングレイブ","description":"連擊2次，造成60%傷害"},
    {"title":"我こそは張益徳！","description":"3回合內，寶珠移動時間減少1秒"},
    {"title":"こいつで終わりだぁ！！","description":"甚麼都不做"},
    {"title":"西方爆砕陣","description":"重擊，造成200%傷害"},
    {"title":"白虎蛇矛","description":"連擊4次，造成120%傷害"},
    {"title":"猛虎乱撃","description":"連擊12次，造成1200%傷害"},
    {"title":"関銀屏、行くぜっ！","description":"999回合內，將 3COMBO 或以下時所造成的傷害全部吸收"},
    {"title":"魔除けの翠真珠","description":"封鎖火寵物3回合"},
    {"title":"いただきまーすっ！","description":"回復50%HP"},
    {"title":"風刃","description":"隨機1種寶珠轉木珠，並造成90%傷害"},
    {"title":"南方華演陣","description":"連擊3次，造成150%傷害"},
    {"title":"青龍焔月刀","description":"隨機1種寶珠轉火珠，並造成90%傷害"},
    {"title":"趙子龍、参る！","description":"999回合內異常狀態（如毒、威嚇、破防）無效化"},
    {"title":"一騎当千の覇気","description":"99回合內，將 5COMBO 或以下時所造成的傷害全部吸收"},
    {"title":"忠義の勇槍","description":"隨機1種寶珠轉光珠，並造成75%傷害"},
    {"title":"怒りの豪槍","description":"造成玩家目前HP99%的傷害"},
    {"title":"龍翼猛襲","description":"隱藏全畫面的寶珠，並造成75%傷害 "},
    {"title":"北方無双陣","description":"連擊4次，造成240%傷害"},
    {"title":"守護龍の壁陣","description":"5回合內，受到的所有傷害減少50%"},
    {"title":"この周公瑾の知略、お見せしよう！","description":"隱藏全畫面的寶珠"},
    {"title":"結界陣","description":"999回合內異常狀態（如毒、威嚇、破防）無效化"},
    {"title":"伏兵の奇襲","description":"連擊5次，造成100%傷害"},
    {"title":"剣の舞","description":"連擊3~5次，每次造成26%傷害"},
    {"title":"落石の計","description":"隨機將5粒寶珠變成廢珠，並造成120%傷害"},
    {"title":"守護龍の毒爪","description":"隨機4粒寶珠轉毒珠，並造成80%傷害"},
    {"title":"火攻めの包囲陣","description":"上方起第1橫行、第5橫行轉火珠 ，並造成60%傷害"},
    {"title":"君に突破できるかな？","description":"左方起第1直行、第6直行的轉火珠 ，並造成60%傷害"},
    {"title":"星乱の天舞","description":"連擊6次，造成300%傷害"},
    {"title":"ダークネスアーマー","description":"999回合內異常狀態（如毒、威嚇、破防）無效化"},
    {"title":"黒縛","description":"封鎖光寵物3回合"},
    {"title":"破滅の大盾","description":"隨機3粒寶珠轉毒，並造成60%傷害"},
    {"title":"魔炎","description":"光轉火，並造成100%傷害"},
    {"title":"暗黒","description":"隱藏全畫面的寶珠，並造成80%傷害"},
    {"title":"ブラッディエクスキューション","description":"連擊3次，造成180%傷害"},
    {"title":"君のパズル力、見せてもらおう！","description":"5回合內，將 5COMBO 下時所造成的傷害全部吸收"},
    {"title":"紅蓮一閃","description":"上方起第3橫行轉火，並造成140%傷害"},
    {"title":"興醒めだな","description":"999回合內攻擊力提升至300%"},
    {"title":"獄天の焦熱","description":"暗轉火，並造成200%傷害"},
    {"title":"獄天の焦熱","description":"隨機一種寶珠轉火，並造成200%傷害"},
    {"title":"我を打ち破って見せよ","description":"4回合內異常狀態（如毒、威嚇、破防）無效化"},
    {"title":"ヘブンズシュトローム","description":"上方第1橫行轉毒、下方第1橫行轉心 ，並造成25%傷害"},
    {"title":"ヘブンズシュトローム","description":"左方第1直行轉毒、右方第1直行轉心 ，並造成50%傷害"},
    {"title":"ヘブンズシュトローム","description":"上方第1橫行轉心、下方第1橫行轉毒 ，並造成75%傷害"},
    {"title":"ヘブンズシュトローム","description":"左方第1直行轉心、右方第1直行轉毒 ，並造成100%傷害"},
    {"title":"アビスシュトローム","description":"上方第1橫行轉毒、下方第1橫行轉毒 ，並造成200%傷害"},
    {"title":"私から逃れられるかしら？","description":"5回合內，無法發動任何主動技能"},
    {"title":"ソウルバースト","description":"所有寶珠變為木心，並造成300%傷害"},
    {"title":"ソウルキュアー","description":"回復100%HP "},
    {"title":"霊樹の呪縛","description":"封鎖隨機自己隊長1~2回合，並造成75%傷害"},
    {"title":"茨の檻","description":"封鎖隨機3隻隊員寵物1~2回合，並造成50%傷害"},
    {"title":"ウィップラッシュ","description":"連擊3~4次，每次造成40%傷害"},
    {"title":"･････････。","description":"造成玩家目前HP99%的傷害"},
    {"title":"デスサイズ","description":"上方起第3橫行轉暗，並造成1000%傷害"},
    {"title":"クルーエルウォー","description":"隱藏全畫面的寶珠，並造成50%傷害"},
    {"title":"破壊の炎槍","description":"造成玩家目前HP99%的傷害"},
    {"title":"狂乱の闇槍","description":"隨機1種寶珠轉廢，並造成100%傷害"},
    {"title":"ウォールブレイカー","description":"連擊2次，造成150%傷害"},
    {"title":"スピードスター","description":"隨機1種寶珠轉廢，並造成50%傷害"},
    {"title":"トリックスター","description":"5回合內，廢珠的掉落機率提升25%"},
    {"title":"ブラックレター","description":"隱藏全畫面的寶珠，並造成75%傷害"},
    {"title":"ラヴレター","description":"隨機1種寶珠轉心，並造成150%傷害"},
    {"title":"ヒュプノスレター","description":"封鎖隨機4隻寵物1~2回合，並造成50%傷害"},
    {"title":"タナトスレター","description":"隨機1種寶珠轉廢，並造成100%傷害"},
    {"title":"アルゲイポンテース","description":"連擊4次，造成200%傷害 "},
    {"title":"狩猟の極意","description":"10回合內，廢珠的掉落機率提升10%"},
    {"title":"ヘッドスナイプ","description":"封鎖自己隊長寵物2回合，並造成50%傷害"},
    {"title":"バラージショット","description":"連擊4~6次，每次造成20%傷害"},
    {"title":"ジャッジメントアロー","description":"重擊，造成150%傷害"},
    {"title":"焔の檻","description":"封鎖木寵物3回合"},
    {"title":"ライトニングアロー","description":"隨機1種寶珠轉光，並造成75%傷害"},
    {"title":"光明のリュラー","description":"封鎖惡魔類寵物3回合"},
    {"title":"陽光の魔弾","description":"隨機1種寶珠轉火，並造成125%傷害"},
    {"title":"灰塵と成り果てろ","description":"甚麼都不做"},
    {"title":"グランド・サン","description":"重擊，造成1000%傷害"},
    {"title":"フレイムシールド","description":"10回合內，將受到的火屬性傷害轉換成自己的生命值"},
    {"title":"レッドタックル","description":"隨機1種寶珠轉火，並造成75%傷害"},
    {"title":"シールドバッシュ","description":"重擊，造成100%傷害"},
    {"title":"アクアシールド","description":"10回合內，將受到的水屬性傷害轉換成自己的生命值"},
    {"title":"ブルータックル","description":"隨機1種寶珠轉水，並造成75%傷害"},
    {"title":"ウィンドシールド","description":"10回合內，將受到的木屬性傷害轉換成自己的生命值"},
    {"title":"グリーンタックル","description":"隨機1種寶珠轉木，並造成75%傷害"},
    {"title":"ライトシールド","description":"10回合內，將受到的光屬性傷害轉換成自己的生命值"},
    {"title":"イエロータックル","description":"隨機1種寶珠轉光，並造成75%傷害"},
    {"title":"シャドウシールド","description":"10回合內，將受到的暗屬性傷害轉換成自己的生命值"},
    {"title":"パープルタックル","description":"隨機1種寶珠轉暗，並造成75%傷害"},
    {"title":"封印の波動","description":"5回合內，無法發動任何主動技能"},
    {"title":"南方七星陣","description":"連擊7次，造成560%傷害"},
    {"title":"東方七星陣","description":"連擊7次，造成490%傷害"},
    {"title":"北方七星陣","description":"連擊7次，造成210%傷害"},
    {"title":"四源の舞","description":"連擊4次，造成800%傷害"},
    {"title":"西方七星陣","description":"連擊7次，造成490%傷害"},
    {"title":"龍星の輝き","description":"5回合內，無法發動任何主動技能"},
    {"title":"真・双龍掌","description":"連擊2次，造成200%傷害"},
    {"title":"真・四神乱舞","description":"連擊4次，造成1200%傷害"},
    {"title":"畏怖の波動","description":"5回合內，寶珠移動時間減少2秒"},
    {"title":"冥龍波","description":"隨機1種寶珠轉暗，並造成150%傷害"},
    {"title":"絶・双龍掌","description":"連擊2次，造成200%傷害"},
    {"title":"絶・神滅冥龍波","description":"隨機1種寶珠轉暗，並造成300%傷害"},
    {"title":"これ以上は行かせない！","description":"99回合內，將 5COMBO 或以下時所造成的傷害全部吸收"},
    {"title":"魔龍剣・流星","description":"隨機1種寶珠轉火，並造成100%傷害"},
    {"title":"魔龍剣・雷光","description":"封鎖隨機1隻寵物2回合，並造成50%傷害"},
    {"title":"魔龍剣・混沌","description":"隱藏全畫面的寶珠，並造成75%傷害"},
    {"title":"継界召龍陣・双龍帝","description":"甚麼都不做"},
    {"title":"炎帝","description":"隨機1種寶珠轉火，並造成500%傷害"},
    {"title":"侵入者を排除しますっ","description":"1回合內攻擊力提升至300%"},
    {"title":"ブレイブスマッシュ","description":"重擊，造成100%傷害"},
    {"title":"古龍族の呪い","description":"5回合內，無法發動任何主動技能"},
    {"title":"ソイルバレット","description":"連擊2~4次，每次造成40%傷害"},
    {"title":"継界召龍陣・岩砕龍","description":"甚麼都不做"},
    {"title":"ギガントクラッシャー","description":"連擊2次，造成600%傷害"},
    {"title":"立チ去リナサイ","description":"999回合內異常狀態（如毒、威嚇、破防）無效化"},
    {"title":"ブルースフィア","description":"隨機1種寶珠轉水，並造成100%傷害"},
    {"title":"晶化の波動","description":"封鎖隨機2隻寵物1~3回合，並造成85%傷害"},
    {"title":"継界召龍陣・結晶龍","description":"甚麼都不做"},
    {"title":"ハングリーアングリー","description":"5回合內攻擊力提升至200%"},
    {"title":"ぺろりんちょ","description":"隨機1種寶珠轉廢，並造成80%傷害"},
    {"title":"がぶりんちょ","description":"重擊，造成5000%傷害"},
    {"title":"女神の舞踏","description":"999回合內異常狀態（如毒、威嚇、破防）無效化"},
    {"title":"チャクラを解放した","description":"1回合內，受到的所有傷害減少50%"},
    {"title":"ムーラーダーラ","description":"連擊6次，造成1200%傷害"},
    {"title":"スワーディシュターナ","description":"連擊2次，造成180%傷害"},
    {"title":"マニプーラ","description":"封鎖隨機1隻寵物2回合"},
    {"title":"アナーハタ","description":"隱藏全畫面的寶珠"},
    {"title":"ヴィシュッダ","description":"隨機3粒寶珠轉毒"},
    {"title":"アージュナー","description":"造成玩家目前HP99%的傷害"},
    {"title":"カーラ・マー","description":"10回合內，無法發動任何主動技能，並造成150%傷害"},
    {"title":"サハスラーラ","description":"重擊，造成1500%傷害"},
    {"title":"マハースッカ・カマラ","description":"連擊6次，造成1200%傷害"},
    {"title":"ニルマーナ・カーヤ","description":"隱藏全畫面的寶珠，並造成90%傷害"},
    {"title":"ダルマ・カーヤ","description":"所有寶珠變為火水木光暗心，並造成90%傷害"},
    {"title":"サンボガ・カーヤ","description":"當前所有技能的冷卻時間增加 0~1 回合，並造成90%傷害"},
    {"title":"ウシュニーシャ・カマラ","description":"重擊，造成1500%傷害"},
    {"title":"ブルーアウト・ネメシス","description":"連擊5次，造成500%傷害"},
{"title":"冥穣の王政","description":"99回合內，木珠暗珠的掉落機率提升25%"},
{"title":"裁きの訊杖","description":"上方起第3橫行轉廢珠，並造成50%傷害"},
{"title":"恵みの賢杖","description":"左方起第2直行轉心珠、第5直行轉心珠，並造成100%傷害"},
{"title":"不可視の援護","description":"連擊2次，造成200%傷害"},
{"title":"ナイルの加護","description":"999回合內，將單一傷害值在 200000 點以上的傷害吸收"},
{"title":"3ターンだけ待ってあげる","description":"甚麼都不做"},
{"title":"さよならー","description":"連擊7次，造成1400%傷害"},
{"title":"ヒエログリフの創造","description":"當前所有技能的冷卻時間增加 5 回合"},
{"title":"夜刻の守護者","description":"隨機1種寶珠轉廢珠，並造成50%傷害"},
{"title":"イシェドの葉","description":"隨機4粒寶珠轉毒珠，並造成50%傷害"},
{"title":"時の支配","description":"封鎖隨機1隻隊員寵物4回合，並造成50%傷害"},
{"title":"創世の裁き","description":"連擊4次，造成200%傷害"},
{"title":"メジェリュージョン","description":"3回合內，隨機將1個隊員換成隊長"},
{"title":"うつろわざる霊魂","description":"99回合內，將 4COMBO 或以下時所造成的傷害全部吸收"},
{"title":"不可視の一瞥","description":"心珠轉廢珠，並造成25%傷害"},
{"title":"メジェビーム","description":"隨機1種寶珠轉暗珠，並造成100%傷害"},
{"title":"メジェビーム","description":"造成玩家目前HP99%的傷害"},
{"title":"メジェビーム","description":"隱藏全畫面的寶珠，並造成75%傷害"},
{"title":"メジェリュージョン","description":"3回合內，隨機將1個隊員換成隊長"},
{"title":"メジェ・ド・エンド","description":"連擊3次，造成240%傷害"},
{"title":"守護陣","description":"5回合內，將 4COMBO 或以下時所造成的傷害全部吸收"},
{"title":"ファラオの意向","description":"2回合內，隨機將1個隊員換成隊長"},
{"title":"王獣の眼光","description":"當前所有技能的冷卻時間增加 2 回合"},
{"title":"砂塵咆哮","description":"隨機1種寶珠轉廢珠，並造成100%傷害"},
{"title":"憤怒の突進","description":"連擊12次，造成1200%傷害"},
{"title":"双角の猛襲","description":"造成玩家目前HP99%的傷害"},
{"title":"ブレイズホーン","description":"隨機1種寶珠轉火珠，並造成85%傷害"},
{"title":"ギガントクロー","description":"連擊2次，造成150%傷害"},
{"title":"海蛇龍の大渦","description":"10回合內，無法發動任何主動技能"},
{"title":"しめつける","description":"重擊，造成25%傷害"},
{"title":"しめつける","description":"重擊，造成50%傷害"},
{"title":"しめつける","description":"重擊，造成100%傷害"},
{"title":"しめつける","description":"重擊，造成200%傷害"},
{"title":"かみ砕く","description":"重擊，造成1000%傷害"},
{"title":"呑み込む","description":"重擊，造成1000%傷害"},
{"title":"突進","description":"造成玩家目前HP80%的傷害"},
{"title":"フレアクロー","description":"左方起第2直行轉火珠、第5直行轉火珠，並造成100%傷害"},
{"title":"突進","description":"造成玩家目前HP80%的傷害"},
{"title":"ストームクロー","description":"左方起第2直行轉木珠、第5直行轉木珠，並造成100%傷害"},
{"title":"ユニオンクロー","description":"左方起第1,2直行轉火珠、第5,6直行轉木珠，並造成150%傷害"},
{"title":"優しくしてくださいね♪","description":"5回合內，寶珠移動時間減少2秒"},
{"title":"まだまだこれからです♪","description":"3回合內，寶珠移動時間減少3秒"},
{"title":"ビューティフル・ワールド","description":"封鎖隨機2隻寵物1~2回合，並造成75%傷害"},
{"title":"キューピッドアタック","description":"隨機將3粒廢珠以外的寶珠變成廢珠，並造成100%傷害"},
{"title":"ハイテンプテーション","description":"封鎖所有隊員寵物2~3回合"},
{"title":"ブリリアント・ワールド","description":"封鎖隨機5隻寵物1~2回合，並造成150%傷害"},
{"title":"黄泉の波動","description":"當前所有技能的冷卻時間增加 0~4 回合"},
{"title":"恨みの咆哮","description":"當前所有技能的冷卻時間增加 99 回合"},
{"title":"呪いの蛇神眼","description":"封鎖全部寵物2回合"},
{"title":"狂獄の神火","description":"隨機將火珠暗珠以外的寶珠變成火珠暗珠各4粒，並造成100%傷害"},
{"title":"狂苛焔獄弾","description":"火珠轉廢珠，並造成75%傷害"},
{"title":"蛇神の毒牙","description":"暗珠轉毒珠，並造成50%傷害"},
{"title":"蛇王滅殺獄龍破","description":"連擊4次，造成4000%傷害"},
{"title":"第三の目","description":"當前所有技能的冷卻時間增加 2 回合"},
{"title":"破壊神の天力","description":"99回合內，將 4COMBO 或以下時所造成的傷害全部吸收"},
{"title":"ダムルー","description":"造成玩家目前HP75%的傷害"},
{"title":"ニーラカンタ","description":"毒珠轉心珠，並造成200%傷害"},
{"title":"トリシューラ","description":"左方起第2直行轉火珠、右方起第1,3直行轉火珠，並造成100%傷害"},
{"title":"ピナーカ","description":"連擊3次，造成120%傷害"},
{"title":"ハラーハラ","description":"隨機7粒寶珠轉毒珠，並造成50%傷害"},
{"title":"マハーカーラ","description":"隱藏全畫面的寶珠，並造成75%傷害"},
{"title":"爆滅の三眼","description":"所有寶珠變為火珠，並造成300%傷害"},
{"title":"これより先は危険です","description":"99回合內，將單一傷害值在 300000 點以上的傷害吸收"},
{"title":"心癒の山風","description":"最上方及最下方橫行轉心珠、下方第3橫行轉木珠，並造成100%傷害"},
{"title":"トリシューラ","description":"左方起第1,3直行轉火珠、右方起第2直行轉火珠，並造成100%傷害"},
{"title":"タイガーラッシュ","description":"連擊3~4次，每次造成30%傷害"},
{"title":"ヒマラヤの怒り","description":"上方起第1橫行轉廢珠，並造成200%傷害"},
{"title":"金色神の嘆き","description":"隨機將10粒心珠廢珠以外的寶珠變成廢珠"},
{"title":"愚かな…","description":"自滅（將自己的HP變成0）"},
{"title":"フフッ、いらっしゃい","description":"回復玩家100%HP"},
{"title":"北方七星陣","description":"所有寶珠變為木珠光珠暗珠，並造成100%傷害"},
{"title":"神水　星雫","description":"上方起第1橫行轉心珠，並造成150%傷害"},
{"title":"地刃乱舞","description":"連擊5~7次，每次造成25%傷害"},
{"title":"いきますよっ","description":"當前所有技能的冷卻時間增加 1 回合"},
{"title":"玄武七星陣","description":"所有寶珠變為木珠光珠暗珠，並造成300%傷害"},
{"title":"デッドギフト","description":"消除玩家所有BUFF技能效果（如盾、攻擊增幅技能）"},
{"title":"デッドギフト","description":"隨機2粒寶珠轉猛毒"},
{"title":"死の宣告","description":"造成玩家目前HP99%的傷害"},
{"title":"3","description":"隨機5粒寶珠轉猛毒"},
{"title":"2","description":"隨機5粒寶珠轉猛毒"},
{"title":"1","description":"隨機5粒寶珠轉猛毒"},
{"title":"カタストロフ","description":"連擊2次，造成2000%傷害"},
{"title":"神王の戒め","description":"重擊，造成130%傷害"},
{"title":"神々の守り","description":"999回合內異常狀態（如毒、威嚇、破防）無效化"},
{"title":"火消しの暴風","description":"火珠轉廢珠，並造成80%傷害"},
{"title":"破邪の神光","description":"暗珠轉廢珠，並造成90%傷害"},
{"title":"ジュピタージェネシス","description":"重擊，造成200%傷害"},
{"title":"神の雷","description":"重擊，造成150%傷害"},
{"title":"神王の眼光","description":"封鎖 神類 寵物2~4回合"},
{"title":"スーパーノヴァ","description":"連擊10次，造成250%傷害"},
{"title":"ブラック・ディメンション","description":"999回合內，將 5COMBO 或以下時所造成的傷害全部吸收"},
{"title":"ブラックホール","description":"隨機1種寶珠轉廢珠，並造成80%傷害"},
{"title":"神王の試練","description":"999回合內，將 4COMBO 或以下時所造成的傷害全部吸收"},
{"title":"ドラゴニックブレード","description":"水珠轉火珠，並造成120%傷害"},
{"title":"マーズディライト","description":"連擊3次，造成150%傷害"},
{"title":"神々の守り","description":"999回合內異常狀態（如毒、威嚇、破防）無效化"},
{"title":"恵雨のネクタール","description":"99回合內，水珠的掉落機率提升25%"},
{"title":"クリスタルブリット","description":"隨機1種寶珠轉水珠，並造成100%傷害"},
{"title":"デウカリオーン・フラッド","description":"封鎖隨機3隻隊員寵物1~2回合，並造成75%傷害"},
{"title":"ディープ・アクエリアス","description":"1回合內，將 5COMBO 或以下時所造成的傷害全部吸收"},
{"title":"ギャラクシースウォーム","description":"連擊5次，造成175%傷害"},
{"title":"光の龍鱗","description":"4回合內，將受到的光屬性傷害轉換成自己的生命值"},
{"title":"闇の龍鱗","description":"4回合內，將受到的暗屬性傷害轉換成自己的生命值"},
{"title":"ゼロ・ブラスト","description":"造成玩家目前HP100%的傷害"},
{"title":"グラビティブレス","description":"造成玩家目前HP99%的傷害"},
{"title":"真龍王の魔爪","description":"封鎖隨機1隻隊員寵物1~2回合，並造成100%傷害"},
{"title":"ブラックディザスター","description":"隨機1種寶珠轉廢珠，並造成150%傷害"},
{"title":"暴風結界","description":"4回合內異常狀態（如毒、威嚇、破防）無效化"},
{"title":"迅風烈哮","description":"火珠轉廢珠，並造成100%傷害"},
{"title":"迅風烈哮","description":"隨機1種寶珠轉廢珠，並造成100%傷害"},
{"title":"爪翼乱撃","description":"連擊4次，造成200%傷害"},
{"title":"龍巻旋封","description":"封鎖所有隊員寵物1~2回合，並造成80%傷害"},
{"title":"一時の凪","description":"甚麼都不做"},
{"title":"天地崩嵐","description":"連擊5次，造成2500%傷害"},
{"title":"星帝の煌き","description":"99回合內，將 5COMBO 或以下時所造成的傷害全部吸收"},
{"title":"ネビュラインフェルノ","description":"隱藏全畫面的寶珠，並造成1000%傷害"},
{"title":"天雷","description":"隨機1種寶珠轉光珠，並造成80%傷害"},
{"title":"フォトンブレス","description":"連擊3次，造成150%傷害"},
{"title":"冥轟","description":"隨機1種寶珠轉暗珠，並造成80%傷害"},
{"title":"フォトンブレス","description":"連擊3次，造成150%傷害"},
{"title":"ディバインスター","description":"連擊5次，造成250%傷害"},
{"title":"フレイムボディ","description":"5回合內異常狀態（如毒、威嚇、破防）無效化"},
{"title":"クロスドロゥブレス","description":"重擊，造成110%傷害"},
{"title":"ブレイズオーラ","description":"5回合內，將 5COMBO 或以下時所造成的傷害全部吸收"},
{"title":"トリプルブレス","description":"連擊3次，造成120%傷害"},
{"title":"ファイヤーアーマー","description":"5回合內， 單一傷害值在 500000 點以上的傷害無效化"},
{"title":"ファニングブレス","description":"連擊6次，造成120%傷害"},
{"title":"インフェルノブレット","description":"封鎖隨機5隻寵物5回合，並造成150%傷害"},
{"title":"バーストエンド","description":"連擊5次，造成5000%傷害"},
{"title":"よく来たのう、勇ましき者よ","description":"999回合內異常狀態（如毒、威嚇、破防）無效化"},
{"title":"龍の雫","description":"回復100%HP"},
{"title":"ドラりんのエンハンス！","description":"999回合內攻擊力提升至250%"},
{"title":"継界召龍陣・屍霊龍","description":"甚麼都不做"},
{"title":"ヘルポイズンブレス","description":"隨機9粒寶珠轉毒珠，並造成100%傷害"},
{"title":"継界召龍陣・星龍帝","description":"甚麼都不做"},
{"title":"ディバインスター","description":"連擊5次，造成250%傷害"},
{"title":"継界召龍陣・真龍王","description":"甚麼都不做"},
{"title":"ゼロ・ブラスト","description":"造成玩家目前HP100%的傷害"},
{"title":"神王妃の洗礼","description":"重擊，造成200%傷害"},
{"title":"ブラックナイトメア","description":"光珠轉廢珠，並造成90%傷害"},
{"title":"神王妃の吐息","description":"封鎖 神類 寵物5回合"},
{"title":"ギガグラビティ","description":"造成玩家目前HP99%的傷害"},
{"title":"ギガグラビトンボム","description":"重擊，造成500%傷害"},
{"title":"情熱☆ヘラチューン","description":"99回合內，火珠廢珠的掉落機率提升10%"},
{"title":"ダブリット☆ミラー","description":"999回合內，將 5COMBO 或以下時所造成的傷害全部吸收"},
{"title":"スイートデビル♪","description":"水珠轉廢珠，並造成100%傷害"},
{"title":"ハートフルアロー","description":"隨機1種寶珠轉火珠，並造成100%傷害"},
{"title":"ウルズ↑↑フィーバー☆","description":"連擊3次，造成150%傷害"},
{"title":"スイートデビル♪","description":"水珠轉廢珠，並造成100%傷害"},
{"title":"ハートフルアロー","description":"隨機1種寶珠轉火珠，並造成100%傷害"},
{"title":"澪王妃の世界","description":"5回合內，無法發動任何主動技能"},
{"title":"アイスコフィン","description":"封鎖隨機5隻寵物1~3回合，並造成25%傷害"},
{"title":"ブルーブリザード","description":"隨機1種寶珠轉水珠，並造成100%傷害"},
{"title":"フリーズブラスト","description":"封鎖隨機1隻寵物2~4回合，並造成85%傷害"},
{"title":"ブルーブリザード","description":"隨機1種寶珠轉水珠，並造成100%傷害"},
{"title":"アブソリュートゼロ","description":"造成玩家目前HP100%的傷害"},
{"title":"フリーズブラスト","description":"封鎖隨機1隻寵物2~4回合，並造成85%傷害"},
{"title":"ブルーブリザード","description":"隨機1種寶珠轉水珠，並造成100%傷害"},
{"title":"よくぞここまで来ました！","description":"回復玩家100%HP"},
{"title":"リザレクション","description":"回復100%HP"},
{"title":"ニケの聖歌","description":"封鎖暗屬寵物10回合"},
{"title":"アイギスの守り","description":"999回合內異常狀態（如毒、威嚇、破防）無效化"},
{"title":"シャイニングスピア","description":"隨機1種寶珠轉光珠，並造成80%傷害"},
{"title":"ストームパニッシャー","description":"連擊6次，造成120%傷害"},
{"title":"シケリアストライク","description":"造成玩家目前HP99%的傷害"},
{"title":"スターバースト","description":"連擊10次，造成1000%傷害"},
{"title":"はなっから容赦しねぇ！！","description":"所有寶珠轉毒珠，並造成10%傷害"},
{"title":"ヘルズチャージ","description":"隨機1種寶珠轉廢珠，並造成100%傷害"},
{"title":"オラオラオラオラオラァッ！！","description":"連擊5次，造成150%傷害"},
{"title":"もっぺん沈んどけぇ！！","description":"所有寶珠轉毒珠，並造成10%傷害"},
{"title":"獄羅苦怒羅威武","description":"隨機6粒寶珠轉毒珠，並造成125%傷害"}
    ]