[
    {"title":"連続攻撃","description":"140%の連続ダメージ"},
    {"title":"怖がっている","description":"1ターンの間、受けるダメージを99％減らす"},
    {"title":"ダークバインド","description":"闇属性モンスターを2～4ターン行動不能にする"},
    {"title":"神秘の波動","description":"味方のスキル使用までのターンを1〜3ターン遅延する"},
    {"title":"蘇生の儀式","description":"倒れたモンスターをHP100％の状態で復活させる"},
    {"title":"怪光線","description":"32,888ダメージ"},
    {"title":"フラッシュバインド","description":"光属性モンスターを2～4ターン行動不能にする"},
    {"title":"イービルレイン","description":"10ターンの間、お邪魔ドロップが落ちやすくなる"},
    {"title":"ウォーターバインド","description":"水属性モンスターを2〜4ターン行動不能にする"},
    {"title":"リーフバインド","description":"木属性モンスターを2〜4ターン行動不能にする"},
    {"title":"ファイアバインド","description":"火属性モンスターを2〜4ターン行動不能にする"},
    {"title":"マグマブレス","description":"5,444ダメージ"},
    {"title":"連続攻撃","description":"140%の連続ダメージ"},
    {"title":"ダブルバインド","description":"ランダムで2体を2〜4ターン行動不能にする"},
    {"title":"ブリザードブレス","description":"5,364ダメージ"},
    {"title":"ガイアブレス","description":"5,276ダメージ"},
    {"title":"スーパーセル","description":"ランダムでドロップを20個ロックする"},
    {"title":"神王の威厳","description":"999ターンの間、状態異常を無効化する"},
    {"title":"スーパーノヴァ","description":"124,730の連続ダメージ"},
    {"title":"ポイズンライトニング","description":"24,946ダメージ+猛毒ドロップを6個生成する"},
    {"title":"コンストレイン","description":"猛毒ドロップをロックする"},
    {"title":"神王の眼光","description":"神タイプのモンスターを2〜4ターン行動不能にする"},
    {"title":"神の雷","description":"74,838の連続ダメージ"},
    {"title":"テラボルト","description":"34,924ダメージ+回復ドロップをお邪魔ドロップに変換する"}
    ]