[
    {"title":"連続攻撃","description":"連擊2次，造成140%傷害"},
    {"title":"怖がっている","description":"1回合內，受到的所有傷害減少99%"},
    {"title":"ダークバインド","description":"封鎖暗寵物2~4回合"},
    {"title":"神秘の波動","description":"當前所有技能的冷卻時間增加 1~3 回合"},
    {"title":"蘇生の儀式","description":"復活自己的同伴，並回復該同伴100%的HP"},
    {"title":"怪光線","description":"重擊，造成200%傷害"},
    {"title":"フラッシュバインド","description":"封鎖光寵物2~4回合"},
    {"title":"イービルレイン","description":"10回合內，邪魔珠的掉落機率提升20%"},
    {"title":"ウォーターバインド","description":"封鎖水寵物2~4回合"},
    {"title":"リーフバインド","description":"封鎖木寵物2~4回合"},
    {"title":"ファイアバインド","description":"封鎖火寵物2~4回合"},
    {"title":"マグマブレス","description":"連擊2次，造成18%傷害"},
    {"title":"連続攻撃","description":"連擊2次，造成140%傷害"},
    {"title":"ダブルバインド","description":"封鎖隨機2隻寵物2~4回合"},
    {"title":"ブリザードブレス","description":"連擊2次，造成18%傷害"},
    {"title":"ガイアブレス","description":"連擊2次，造成18%傷害"},
    {"title":"スーパーセル","description":"將隨機20粒寶珠鎖定，被鎖定後無法轉換"},
    {"title":"神王の威厳","description":"999回合內異常狀態（如毒、威嚇、破防）無效化"},
    {"title":"スーパーノヴァ","description":"連擊10次，造成250%傷害"},
    {"title":"ポイズンライトニング","description":"隨機6粒寶珠轉猛毒，並造成50%傷害"},
    {"title":"コンストレイン","description":"將猛毒珠鎖定，被鎖定後無法轉換"},
    {"title":"神王の眼光","description":"封鎖神類寵物2~4回合"},
    {"title":"神の雷","description":"重擊，造成150%傷害"},
    {"title":"テラボルト","description":"心珠轉邪魔珠，並造成70%傷害"}
    ]