[{"title":"","description":""},{"title":"","description":""},{"title":"","description":""},{"title":"ほ~ら暗いよ~","description":""},{"title":"","description":""},{"title":"きみはダメ","description":""},{"title":"いったぁーい","description":""},{"title":"許さないからね","description":""},{"title":"こうしてあ~げる","description":""},{"title":"これもど~ぞ♪","description":""},{"title":"素敵な色になったよ","description":""},{"title":"やっぱシゲキがほしいよね","description":""},{"title":"こんなもんかな？","description":""},{"title":"ほ~ら暗いよ~","description":""},{"title":"私の気持ち受け取って","description":""},{"title":"ほ~ら暗いよ~","description":""},{"title":"私の気持ち受け取って","description":""},{"title":"まいったなしだよ！","description":""},{"title":"はいっ終わりー","description":""}]