[{"title":"","description":""},{"title":"三神一体「繁栄」","description":""},
{"title":"","description":""},
{"title":"ガルダの防風","description":""},
{"title":"…っ！","description":""},
{"title":"瞑想","description":""},
{"title":"パンチャジャナ","description":""},
{"title":"アヴァターラ","description":""},
{"title":"創界の錫杖","description":""},
{"title":"アヴァターラ","description":""},
{"title":"秩序のチャクラム","description":""},
{"title":"アヴァターラ","description":""},
{"title":"繁栄の蓮華","description":""},
{"title":"アヴァターラ","description":""},
{"title":"巨大化","description":""},
{"title":"三足踏破","description":""}]