[{"title":"","description":""},
{"title":"","description":""},
{"title":"  怒りで敵の行動ターンが変化した","description":""},
{"title":"","description":""},
{"title":"  私のお団子、貴方勝手に食べましたね？","description":""},
{"title":"","description":""},
{"title":"  何かに怯えて泣きそうになっている","description":""},
{"title":"","description":""},
{"title":"  焦らず参りましょう","description":""},
{"title":"","description":""},
{"title":"  恵みの稲穂","description":""},
{"title":"","description":""},
{"title":"  蔓草がパズルの邪魔をする","description":""},
{"title":"恵愛なる護念","description":""},
{"title":"命脈の梳り","description":""},
{"title":"不作の泥祓","description":""},
{"title":"命脈の梳り","description":""},
{"title":"穢れうつし","description":""},
{"title":"お仕置きの時間です・・・！","description":""},
{"title":"伐裁","description":""}]