[{"title":"","description":""},
{"title":"","description":""},
{"title":"","description":""},
{"title":"  乙女の白盾","description":""},
{"title":"","description":""},
{"title":"  フィルギャの被服","description":""},
{"title":"","description":""},
{"title":"  選別の命枷","description":""},
{"title":"","description":""},
{"title":"  戦乙女の風格","description":""},
{"title":"リザレクション","description":""},
{"title":"ヘブンディシジョン","description":""},
{"title":"最後の審判","description":""},
{"title":"精霊の廻衣","description":""},
{"title":"ヴァルキュリアブレイド-CIEL-","description":""},
{"title":"選別の命枷","description":""},
{"title":"マイティバッシュ","description":""},
{"title":"ダブルスラッシュ","description":""},
{"title":"トリプルスラッシュ","description":""}]