[{"title":"","description":""},{"title":"","description":"HP在上限50%或以上的話，受到致命傷害時，將會以1點HP生還"},{"title":"","description":""},{"title":"ほ~ら暗いよ~","description":"3回合內，指定位置的寶珠變成超暗闇狀態"},{"title":"","description":""},{"title":"きみはダメ","description":"封鎖神類寵物10回合"},{"title":"いったぁーい","description":"回復50%HP"},{"title":"許さないからね","description":"連擊4次，造成400%傷害 (113400)"},{"title":"こうしてあ~げる","description":"所有寶珠變為火珠暗珠毒珠"},{"title":"これもど~ぞ♪","description":"指定位置的寶珠變成炸彈珠"},{"title":"素敵な色になったよ","description":"火珠 轉 暗珠毒珠，並造成105%傷害 (29768)"},{"title":"やっぱシゲキがほしいよね","description":"隨機8粒寶珠 轉 炸彈珠"},{"title":"こんなもんかな？","description":"連擊3次，造成120%傷害 (34020)2"},{"title":"ほ~ら暗いよ~","description":"3回合內，指定位置的寶珠變成超暗闇狀態"},{"title":"私の気持ち受け取って","description":"隨機生成毒珠寶珠6粒"},{"title":"ほ~ら暗いよ~","description":"3回合內，指定位置的寶珠變成超暗闇狀態"},{"title":"私の気持ち受け取って","description":"隨機生成毒珠寶珠6粒"},{"title":"まいったなしだよ！","description":"1回合內，將受到的火、暗屬性傷害轉換成自己的生命值"},{"title":"はいっ終わりー","description":"造成玩家目前HP300%的傷害"}]