[{"title":"","description":""},{"title":"三神一体「繁栄」","description":"99回合內，心珠邪魔珠的掉落機率提升15%"},
{"title":"","description":""},
{"title":"ガルダの防風","description":"999回合內，將單一傷害值在 1,000,000 點以上的傷害吸收"},
{"title":"…っ！","description":"甚麼都不做"},
{"title":"瞑想","description":"999回合內異常狀態（如毒、威嚇、破防）無效化"},
{"title":"パンチャジャナ","description":"封鎖隨機5隻寵物2回合，並造成70%傷害 (22315)"},
{"title":"アヴァターラ","description":"回復10%HP，並造成10%傷害 (3188)"},
{"title":"創界の錫杖","description":"心珠 轉 邪魔珠，並造成80%傷害 (25502)"},
{"title":"アヴァターラ","description":"回復10%HP，並造成10%傷害 (3188)"},
{"title":"秩序のチャクラム","description":"連擊4次，造成140%傷害 (44628)"},
{"title":"アヴァターラ","description":"回復10%HP，並造成10%傷害 (3188)"},
{"title":"繁栄の蓮華","description":"上方起第1橫行 轉 心珠、第5橫行 轉 木珠，並造成120%傷害 (38254)"},
{"title":"アヴァターラ","description":"回復10%HP，並造成10%傷害 (3188)"},
{"title":"巨大化","description":"隱藏全畫面的寶珠"},
{"title":"三足踏破","description":"連擊3次，造成3000%傷害 (956340)"}]