[{"title":"","description":""},{"title":"","description":""},{"title":"  怒りで敵の行動ターンが変化した","description":"HP50%或以下時，敵人的攻擊間隔由 2 變成 1"},{"title":"","description":""},{"title":"  私のお団子、貴方勝手に食べましたね？","description":"999回合內，將 6COMBO 或以下時所造成的傷害全部吸收 [隊伍中存在  時]"},{"title":"","description":""},{"title":"  何かに怯えて泣きそうになっている","description":"999回合內，將 6COMBO 或以下時所造成的傷害全部吸收 [不存在  但存在  時]"},{"title":"","description":""},{"title":"  焦らず参りましょう","description":"999回合內，將 6COMBO 或以下時所造成的傷害全部吸收 [上述寵物均不存在時]"},{"title":"","description":""},{"title":"  恵みの稲穂","description":"999回合內異常狀態（如毒、威嚇、破防）無效化"},{"title":"","description":""},{"title":"  蔓草がパズルの邪魔をする","description":"6回合內，寶珠移動時間變成原來的25%"},{"title":"恵愛なる護念","description":"1回合內，受到的所有傷害減少75%"},{"title":"命脈の梳り","description":"上方起第3橫行 轉 心珠，並造成100%傷害 (33120)"},{"title":"不作の泥祓","description":"心珠 轉 邪魔珠，並造成100%傷害 (33120)"},{"title":"命脈の梳り","description":"上方起第3橫行 轉 心珠，並造成100%傷害 (33120)"},{"title":"穢れうつし","description":"心珠 轉 毒珠，並造成100%傷害 (33120)"},{"title":"お仕置きの時間です・・・！","description":"1回合內，隨機將1個隊員換成隊長"},{"title":"伐裁","description":"造成玩家目前HP300%的傷害"}]