[{"title":"","description":""},{"title":"","description":" HP在上限50%或以上的話，受到致命傷害時，將會以1點HP生還"},{"title":"","description":""},{"title":"  乙女の白盾","description":"999回合內異常狀態（如毒、威嚇、破防）無效化"},{"title":"","description":""},{"title":"  フィルギャの被服","description":"999回合內，將單一傷害值在 30,000,000 點以上的傷害吸收"},{"title":"","description":""},{"title":"  選別の命枷","description":"10回合內，回復力變成原來的50%"},{"title":"","description":""},{"title":"  戦乙女の風格","description":"當前所有技能的冷卻時間增加 10 回合"},{"title":"リザレクション","description":"回復100%HP"},{"title":"ヘブンディシジョン","description":"99回合內，所有寶珠會以鎖定狀態掉落"},{"title":"最後の審判","description":"99回合內攻擊力提升至200% [HP8%↓必用1次]"},{"title":"精霊の廻衣","description":"隨機轉換自身的屬性"},{"title":"ヴァルキュリアブレイド-CIEL-","description":"連擊4~5次，每次造成500%傷害 (808000~1010000→1616000~2020000)"},{"title":"選別の命枷","description":"10回合內，回復力變成原來的50%"},{"title":"マイティバッシュ","description":"造成玩家目前HP75%的傷害"},{"title":"ダブルスラッシュ","description":"連擊2次，造成100%傷害 (40400→80800"},{"title":"トリプルスラッシュ","description":"連擊3次，造成150%傷害 (60600→121200"}]