[{"title":"アンチウイルス","description":"999回合內異常狀態（如毒、威嚇、破防）無效化"},
{"title":"ギガンティックボディ","description":"7回合內，受到的所有傷害減少75%"},
{"title":"エナジーカーム","description":"99回合內，單一傷害值在 6000000 點以上的屬性傷害無效化"},
{"title":"巨体が動き始めた","description":"隨機將3粒以外的寶珠變成邪魔珠"},
{"title":"腕を持ち上げた","description":"下次攻擊時造成690%傷害"},
{"title":"態勢を立て直している","description":"隨機將3粒以外的寶珠變成邪魔珠"},
{"title":"再度腕を持ち上げた","description":"下次攻擊時造成690%傷害"},
{"title":"口を開いた","description":"隱藏全畫面的寶珠"},
{"title":"ガイアビーム","description":"左方起第3,4直行轉木珠，並造成450%傷害"},
{"title":"インヘイル","description":"3回合內，將受到的火、水屬性傷害轉換成自己的生命值"},
{"title":"インヘイル","description":"3回合內，將受到的水、木屬性傷害轉換成自己的生命值"},
{"title":"インヘイル","description":"3回合內，將受到的木、光屬性傷害轉換成自己的生命值"},
{"title":"インヘイル","description":"3回合內，將受到的光、暗屬性傷害轉換成自己的生命值"},
{"title":"インヘイル","description":"3回合內，將受到的火、暗屬性傷害轉換成自己的生命值"},
{"title":"グランドレイ","description":"造成玩家目前HP500%的傷害"},
{"title":"スキルブレイク","description":"當前所有技能的冷卻時間增加 3~5 回合，並造成260%傷害"},
{"title":"セルメンディング","description":"回復10%HP，並造成420%傷害"},
{"title":"グレートバイン","description":"封鎖隨機1隻寵物5回合，並造成410%傷害"},
{"title":"ハードンサイン","description":"將隨機6粒寶珠鎖定，並造成340%傷害"},
{"title":"マントルプレス","description":"隱藏全畫面的寶珠，並造成360%傷害"}
]