[{"title":"アンチウイルス","description":"999ターン、状態異常無効"},
{"title":"ギガンティックボディ","description":"7ターンの間、受けるダメージを75%軽減"},
{"title":"エナジーカーム","description":"99ターン、600万以上ダメージを無効化"},
{"title":"巨体が動き始めた","description":"お邪魔を3個生成"},
{"title":"腕を持ち上げた","description":"怒り状態になる"},
{"title":"態勢を立て直している","description":"お邪魔を3個生成"},
{"title":"再度腕を持ち上げた","description":"怒り状態になる"},
{"title":"口を開いた","description":"盤面を暗闇状態にする"},
{"title":"ガイアビーム","description":"左から3/4列目を木に変換+450%ダメージ"},
{"title":"インヘイル","description":"3ターンの間、火/水のいずれか2属性のダメージを吸収"},
{"title":"インヘイル","description":"3ターンの間、水/木のいずれか2属性のダメージを吸収"},
{"title":"インヘイル","description":"3ターンの間、木/光のいずれか2属性のダメージを吸収"},
{"title":"インヘイル","description":"3ターンの間、光/闇のいずれか2属性のダメージを吸収"},
{"title":"インヘイル","description":"3ターンの間、闇/火のいずれか2属性のダメージを吸収"},
{"title":"グランドレイ","description":"現HPの500％割合ダメージ"},
{"title":"スキルブレイク","description":"260%ダメージ+3~5ターンスキル遅延"},
{"title":"セルメンディング","description":"420%ダメージ+敵のHPが10％回復"},
{"title":"グレートバイン","description":"410%ダメージ+ランダムで1体を5ターンの間バインド"},
{"title":"ハードンサイン","description":"340%ダメージ+ランダムで6個をロック"},
{"title":"マントルプレス","description":"360%ダメージ+盤面を暗闇状態にする"}]