[
    {"title":"ディレイアイ","description":"2ターンスキル遅延"},
    {"title":"ライトマシンガン","description":"119,319ダメージ（連続攻撃）"},
    {"title":"ダークフォース","description":"103,233ダメージ+ランダムでお邪魔ドロップを5個生成"},
    {"title":"ヘビーレイド","description":"現HP80%の割合ダメージ"},
    {"title":"エグゾーストヒット","description":"25,380ダメージ+盤面を暗闇状態にする"},
    {"title":"警告","description":"1ターンスキル遅延"},
    {"title":"セブンスモッグ","description":"ランダムで毒ドロップを7個生成"},
    {"title":"レッドアラート","description":"31,020ダメージ+火ドロップをロック"},
    {"title":"キャプチャーネット","description":"ランダムで2体を3ターンの間バインド"},
    {"title":"キリングコード","description":"84,600ダメージ（連続攻撃）"},
    {"title":"ブルーアラート","description":"29,383ダメージ+水ドロップをロック"},
    {"title":"グリーンアラート","description":"31,968ダメージ+木ドロップをロック"},
    {"title":"イエローアラート","description":"30,417ダメージ+光ドロップをロック"},
    {"title":"ブラックアラート","description":"	29,900ダメージ+闇ドロップをロック"},
    {"title":"不意打ち","description":"先制で31,490ダメージ"},
    {"title":"ビッグランス","description":"83,972ダメージ"},
    {"title":"スリープモード","description":"1ターンスキル遅延"},
    {"title":"起動した","description":"999ターンの間、攻撃力が2倍"},
    {"title":"フレイムパルス","description":"2倍時:22,204ダメージ+ランダムで火ドロップを3個生成"},
    {"title":"アクアパルス","description":"2倍時:22,204ダメージ+ランダムで水ドロップを3個生成"},
    {"title":"ウィンドパルス","description":"2倍時:22,204ダメージ+ランダムで木ドロップを3個生成"},
    {"title":"ショックパルス","description":"2倍時:15 ,860ダメージ+ランダムで1体を2ターンの間バインド"},
    {"title":"ポイズンパルス","description":"2倍時:11,102ダメージ+ランダムで毒ドロップを3個生成"},
    {"title":"ゴッドドラゴンズフィールド","description":"先制で999ターン状態異常無効"},
    {"title":"スーパーハダルミサイル","description":"23,999ダメージ+ランダムで1色をお邪魔ドロップに変換"},
    {"title":"ライトニングレグルスクロー","description":"33,600ダメージ(連続攻撃)"},
    {"title":"カノープストルネードカッター","description":"19,199ダメージ+ランダムで1体を2~3ターンの間バインド"},
    {"title":"ベテルギウスボム","description":"28,799ダメージ+ランダムで1色を火ドロップに変換"},
    {"title":"アルデバランクラッシャー","description":"現HP99%の割合ダメージ"},
    {"title":"ゴッドモード起動！！","description":"999ターンの間、攻撃力が2倍"},
    {"title":"ファイナルゴッドカノン","description":"2倍時：76,796ダメージ"},
    {"title":"バリアフィールド","description":"先制で999ターン状態異常無効"},
    {"title":"ジェノサイドミサイル・零式","description":"17,215ダメージ+ランダムで毒ドロップを6個生成"},
    {"title":"皇爪連牙・改","description":"25,824~30,128ダメージ(連続攻撃)"},
    {"title":"ダークサイクロンブラスト","description":"21,519ダメージ+盤面を暗闇状態にする"},
    {"title":"ハイメギドキャノン","description":"34,430ダメージ(連続攻撃)"},
    {"title":"フリーズクラッシャー","description":"12,911ダメージ+サブ全員を2ターンの間バインド"},
    {"title":"リミッター解除","description":"何もしない"},
    {"title":"アルティメット・ストリーム","description":"154,935ダメージ（連続攻撃）"},
    {"title":"パラライズブレス","description":"10,951ダメージ+リーダーを2ターンの間バインド"},
    {"title":"フォローリペア","description":"ガクルックスをHP45%の状態で復活"},
    {"title":"アブソープション","description":"1ターンスキル遅延"},
    {"title":"ピーキーライトニング","description":"21,902ダメージ+光ドロップをロック"},
    {"title":"ゴールドパルス","description":"18,252ダメージ+ランダムで光ドロップ5個生成"},
    {"title":"サンダーポイズン","description":"14,602ダメージ+光ドロップを毒ドロップに変換"},
    {"title":"リミットバースト","description":"1000%ダメージ（連続攻撃）"},
    {"title":"ヘヴィシールド","description":"3ターンの間、全属性30%軽減"},
    {"title":"フォッグボム","description":"16,607ダメージ+盤面を暗闇状態にする"},
    {"title":"ポイズンオルタネーター","description":"ランダムで毒ドロップを4個生成"},
    {"title":"グラビティブラスト","description":"現HP75%の割合ダメージ"},
    {"title":"ダウナーブレット","description":"1〜3ターンスキル遅延"},
    {"title":"バックドラフト","description":"35,865ダメージ+10ターンの間、操作時間を2秒減少"},
    {"title":"ハイエンドブースター","description":"999ターンの間、攻撃力2倍"},
    {"title":"エナジーカウンター","description":"現HP99%の割合ダメージ"},
    {"title":"エナジーショットガン","description":"28,692(2倍時:57,384)ダメージ(連続攻撃)"},
    {"title":"キーンエッジ","description":"23,910(2倍時:47,820)ダメージ+左から2/4列目をお邪魔/毒ドロップに変換"},
    {"title":"バックワードインパクト","description":"119,550(2倍時:239,100)ダメージ"},
    {"title":"グランドコア","description":"10ターンの間お邪魔ドロップが落ちる"},
    {"title":"アブソープション","description":"1ターンスキル遅延"},
    {"title":"ルートチェイン","description":"17,406ダメージ＋ランダムで1体を3ターンの間バインド"},
    {"title":"スプラッシュヘルゲイル","description":"19,340ダメージ＋左から3/4列目を木/水ドロップに変換"},
    {"title":"メカニカルトキシン","description":"ランダムで猛毒ドロップを6個生成"},
    {"title":"ハイドロリックレイン","description":"全ドロップがランダムでロック状態で落ちてくる"},
    {"title":"ギアチャージ","description":"999ターンの間、攻撃力が2倍"},
    {"title":"ウォーターヘブンレイ","description":"12,059（2倍時：24,118）ダメージ"},
    {"title":"フラッシュ","description":"3,339（2倍時：6,679）ダメージ＋盤面を暗闇状態にする"},
    {"title":"スターオニキス","description":"ランダムでお邪魔ドロップを10個生成"},
    {"title":"破滅ニ至ル四刻刃","description":"お邪魔ドロップをロック(お邪魔変換を弾いた場合:22,502ダメージ)"},
    {"title":"一ノ刻・フィアフルブリンガー","description":"22,502ダメージ＋全モンスターを4ターンの間バインド"},
    {"title":"二ノ刻・カースブリンガー","description":"22,502ダメージ＋4ターンの間スキル封印"},
    {"title":"三ノ刻・ダークネスブリンガー","description":"22,502ダメージ＋盤面を暗闇状態にする"},
    {"title":"四ノ刻・ディスペアブリンガー","description":"4ターンスキル遅延"},
    {"title":"破滅ノ刻・ルインアドベント","description":"360,032ダメージ（連続攻撃）"},
    {"title":"ハイテクニックフィールド","description":"999ターンの間、7コンボ以下の攻撃を吸収"},
    {"title":"マシナリーボディ","description":"999ターンの間、状態異常無効"},
    {"title":"ハイパーノヴァ","description":"1,094,400ダメージ"},
    {"title":"イージスインビンシブルバリア","description":"5ターンの間、単体200万以上のダメージを吸収"},
    {"title":"ソードビット展開","description":"何もしない"},
    {"title":"アブソルートアブソーブ","description":"3ターンスキル遅延"},
    {"title":"ソードビットラッシュ","description":"30780ダメージ（連続攻撃）"},
    {"title":"デルタデッドライトニング","description":"30,780ダメージ＋上から1/5段目を光/猛毒/お邪魔ドロップに変換"},
    {"title":"ソードビットラッシュ","description":"30780ダメージ（連続攻撃）"},
    {"title":"機王の眼光","description":"神タイプを10ターンの間バインド"},
    {"title":"機王の眼光","description":"ランダムで2体を10ターンの間バインド"},
    {"title":"ＺＥＵＳカノン","description":"15,390ダメージ+ランダムで1体を3ターンの間バインド"},
    {"title":"ＺＥＵＳソード","description":"32,490ダメージ+ランダムで猛毒ドロップを5個生成"}
    ]