[
    {"title":"ディレイアイ","description":"當前所有技能的冷卻時間增加 2 回合"},
    {"title":"ライトマシンガン","description":"連擊3次，造成120%傷害"},
    {"title":"ダークフォース","description":"隨機將5粒邪魔珠以外的寶珠變成邪魔珠，並造成100%傷害"},
    {"title":"ヘビーレイド","description":"造成玩家目前HP80%的傷害"},
    {"title":"エグゾーストヒット","description":"隱藏全畫面的寶珠，並造成90%傷害"},
    {"title":"警告","description":"當前所有技能的冷卻時間增加 1 回合"},
    {"title":"セブンスモッグ","description":"隨機將7粒毒珠以外的寶珠變成毒珠"},
    {"title":"レッドアラート","description":"將火珠鎖定，被鎖定後無法轉換，並造成110%傷害"},
    {"title":"キャプチャーネット","description":"封鎖隨機2隻隊員寵物3回合"},
    {"title":"キリングコード","description":"連擊6次，造成300%傷害"},
    {"title":"ブルーアラート","description":"將水珠鎖定，被鎖定後無法轉換，並造成110%傷害"},
    {"title":"グリーンアラート","description":"將木珠鎖定，被鎖定後無法轉換，並造成110%傷害"},
    {"title":"イエローアラート","description":"將光珠鎖定，被鎖定後無法轉換，並造成110%傷害"},
    {"title":"ブラックアラート","description":"將暗珠鎖定，被鎖定後無法轉換，並造成110%傷害"},
    {"title":"不意打ち","description":"先制攻擊，造成75%傷害"},
    {"title":"ビッグランス","description":"重擊，造成200%傷害"},
    {"title":"スリープモード","description":"當前所有技能的冷卻時間增加 1 回合"},
    {"title":"起動した","description":"999回合內攻擊力提升至200%"},
    {"title":"フレイムパルス","description":"隨機將3粒以外火珠的寶珠變成火珠，並造成280%傷害"},
    {"title":"アクアパルス","description":"隨機將3粒以外水珠的寶珠變成水珠，並造成280%傷害"},
    {"title":"ウィンドパルス","description":"隨機將3粒以外木珠的寶珠變成木珠，並造成280%傷害"},
    {"title":"ショックパルス","description":"封鎖隨機1隻寵物2回合，並造成200%傷害"},
    {"title":"ポイズンパルス","description":"隨機將3粒以外毒珠的寶珠變成毒珠，並造成140%傷害"},
    {"title":"ゴッドドラゴンズフィールド","description":"999回合內異常狀態（如毒、威嚇、破防）無效化"},
    {"title":"スーパーハダルミサイル","description":"隨機1種寶珠轉邪魔珠，並造成125%傷害"},
    {"title":"ライトニングレグルスクロー","description":"連擊5次，造成175%傷害"},
    {"title":"カノープストルネードカッター","description":"封鎖隨機1隻隊員寵物2~3回合，並造成100%傷害"},
    {"title":"ベテルギウスボム","description":"隨機1種寶珠轉火珠，並造成150%傷害"},
    {"title":"アルデバランクラッシャー","description":"造成玩家目前HP99%的傷害"},
    {"title":"ゴッドモード起動！！","description":"999回合內攻擊力提升至200%"},
    {"title":"ファイナルゴッドカノン","description":"重擊，造成200%傷害"},
    {"title":"バリアフィールド","description":"999回合內異常狀態（如毒、威嚇、破防）無效化"},
    {"title":"ジェノサイドミサイル・零式","description":"隨機6粒寶珠轉毒珠，並造成100%傷害"},
    {"title":"皇爪連牙・改","description":"連擊6~7次，每次造成25%傷害"},
    {"title":"ダークサイクロンブラスト","description":"隱藏全畫面的寶珠，並造成125%傷害"},
    {"title":"ハイメギドキャノン","description":"連擊2次，造成200%傷害"},
    {"title":"フリーズクラッシャー","description":"封鎖所有隊員寵物2回合，並造成75%傷害"},
    {"title":"リミッター解除","description":"甚麼都不做"},
    {"title":"アルティメット・ストリーム","description":"連擊3次，造成900%傷害"},
    {"title":"パラライズブレス","description":"封鎖自己隊長2回合，並造成60%傷害"},
    {"title":"フォローリペア","description":"復活自己的同伴，並回復該同伴45%的HP"},
    {"title":"アブソープション","description":"當前所有技能的冷卻時間增加 1 回合"},
    {"title":"ピーキーライトニング","description":"將光珠鎖定，被鎖定後無法轉換，並造成120%傷害"},
    {"title":"ゴールドパルス","description":"隨機將5粒光珠以外的寶珠變成光珠，並造成100%傷害"},
    {"title":"サンダーポイズン","description":"光珠轉毒珠，並造成80%傷害"},
    {"title":"リミットバースト","description":"連擊2次，造成1000%傷害"},
    {"title":"ヘヴィシールド","description":"3回合內，受到的所有傷害減少30%"},
    {"title":"フォッグボム","description":"隱藏全畫面的寶珠，並造成100%傷害"},
    {"title":"ポイズンオルタネーター","description":"隨機將4粒毒珠以外的寶珠變成毒珠"},
    {"title":"グラビティブラスト","description":"造成玩家目前HP75%的傷害"},
    {"title":"ダウナーブレット","description":"當前所有技能的冷卻時間增加 1~3 回合"},
    {"title":"バックドラフト","description":"10回合內，寶珠移動時間減少2秒，並造成150%傷害"},
    {"title":"ハイエンドブースター","description":"999回合內攻擊力提升至200%"},
    {"title":"エナジーカウンター","description":"造成玩家目前HP99%的傷害"},
    {"title":"エナジーショットガン","description":"連擊6次，造成120%傷害"},
    {"title":"キーンエッジ","description":"左方起第2直行轉邪魔珠、第4直行轉毒珠，並造成100%傷害"},
    {"title":"バックワードインパクト","description":"重擊，造成500%傷害"},
    {"title":"グランドコア","description":"10回合內，邪魔珠的掉落機率提升15%"},
    {"title":"アブソープション","description":"當前所有技能的冷卻時間增加 1 回合"},
    {"title":"ルートチェイン","description":"封鎖隨機1隻寵物3回合，並造成90%傷害"},
    {"title":"スプラッシュヘルゲイル","description":"左方起第3,4直行轉水木珠，並造成100%傷害"},
    {"title":"メカニカルトキシン","description":"隨機將6粒猛毒珠以外的寶珠變成猛毒珠"},
    {"title":"ハイドロリックレイン","description":"99回合內，有15%機率隨機鎖定掉落的寶珠"},
    {"title":"ギアチャージ","description":"999回合內攻擊力提升至200%"},
    {"title":"ウォーターヘブンレイ","description":"重擊，造成65%傷害"},
    {"title":"フラッシュ","description":"隱藏全畫面的寶珠，並造成18%傷害"},
    {"title":"スターオニキス","description":"隨機將10粒邪魔珠以外的寶珠變成邪魔珠"},
    {"title":"破滅ニ至ル四刻刃","description":"將邪魔珠鎖定，無法使用的情況下會改用普通攻擊"},
    {"title":"一ノ刻・フィアフルブリンガー","description":"封鎖全部寵物4回合，並造成100%傷害"},
    {"title":"二ノ刻・カースブリンガー","description":"4回合內，無法發動任何主動技能，並造成100%傷害"},
    {"title":"三ノ刻・ダークネスブリンガー","description":"隱藏全畫面的寶珠，並造成100%傷害"},
    {"title":"四ノ刻・ディスペアブリンガー","description":"當前所有技能的冷卻時間增加 4 回合"},
    {"title":"破滅ノ刻・ルインアドベント","description":"連擊8次，造成1600%傷害"},
    {"title":"ハイテクニックフィールド","description":"999回合內，將 7COMBO 或以下時所造成的傷害全部吸收"},
    {"title":"マシナリーボディ","description":"999回合內異常狀態（如毒、威嚇、破防）無效化"},
    {"title":"ハイパーノヴァ","description":"連擊8次，造成6400%傷害"},
    {"title":"イージスインビンシブルバリア","description":"5回合內，將單一傷害值在 2000000 點以上的傷害吸收"},
    {"title":"ソードビット展開","description":"甚麼都不做"},
    {"title":"アブソルートアブソーブ","description":"當前所有技能的冷卻時間增加 3 回合"},
    {"title":"ソードビットラッシュ","description":"連擊6次，造成180%傷害"},
    {"title":"デルタデッドライトニング","description":"上方起第1,5橫行轉光 邪魔 毒，並造成180%傷害"},
    {"title":"ソードビットラッシュ","description":"連擊6次，造成180%傷害"},
    {"title":"機王の眼光","description":"封鎖神類寵物10回合"},
    {"title":"機王の眼光","description":"封鎖隨機2隻寵物10回合"},
    {"title":"ＺＥＵＳカノン","description":"封鎖隨機1隻隊員寵物3回合，並造成90%傷害"},
    {"title":"ＺＥＵＳソード","description":"隨機將5粒猛毒珠以外的寶珠變成猛毒珠，並造成190%傷害"}
    ]