[{"title":"0","description":""},{"title":"アークスケイル","description":"999ターンの間、状態異常無効"},
{"title":"聖舶の護壁","description":"99ターンの間、単体500万以上のダメージを無効化"},
{"title":"蒼天の虹","description":"1ターンの間、火/光のいずれか2属性を吸収"},
{"title":"蒼天の虹","description":"1ターンの間、火/闇のいずれか2属性を吸収"},
{"title":"蒼天の虹","description":"1ターンの間、水/光のいずれか2属性を吸収"},
{"title":"蒼天の虹","description":"1ターンの間、水/闇のいずれか2属性を吸収"},
{"title":"蒼天の虹","description":"1ターンの間、木/光のいずれか2属性を吸収"},
{"title":"蒼天の虹","description":"1ターンの間、木/闇のいずれか2属性を吸収"},
{"title":"リトリートアーク","description":"1ターンの間、受けるダメージを75%軽減"},
{"title":"フォッグボウ・パージ","description":"発動しているスキル効果を解除する"},
{"title":"ジャッジメントエンド","description":"3000%ダメージ"},
{"title":"フォッグボウ・シール","description":"10ターンの間スキル封印"},
{"title":"ファーストジャッジメント","description":"全ドロップを火/水/木/光/闇に変換+450%ダメージ"},
{"title":"フォッグボウ・ヘイズ","description":"盤面を暗闇状態にする"},
{"title":"セカンドジャッジメント","description":"全ドロップを火/水/木/光/闇に変換+600%ダメージ"},
{"title":"フォッグボウ・ゲイズ","description":"5ターンスキル遅延"},
{"title":"サードジャッジメント","description":"1200%ダメージ"},
{"title":"フォッグボウ・グレイズ","description":"2ターン覚醒無効"},
{"title":"フォースジャッジメント","description":"全ドロップを火/水/木/光/闇に変換+2000%ダメージ"},
{"title":"プリズミックサンダー","description":"ランダムで1色を火のいずれか1色に変換+100%ダメージ"},
{"title":"プリズミックサンダー","description":"ランダムで1色を水のいずれか1色に変換+100%ダメージ"},
{"title":"プリズミックサンダー","description":"ランダムで1色を木のいずれか1色に変換+100%ダメージ"},
{"title":"プリズミックサンダー","description":"ランダムで1色を光のいずれか1色に変換+100%ダメージ"},
{"title":"プリズミックサンダー","description":"ランダムで1色を闇のいずれか1色に変換+100%ダメージ"},
{"title":"ストランドサクリファイス","description":"ランダムで1体を1ターンバインド+50%ダメージ"},
{"title":"レインボーブランク","description":"ランダムで1色をお邪魔に変換+150%ダメージ"},
{"title":"アークインパクト","description":"現HPの99％ダメージ"},
{"title":"アンチウイルス","description":"999ターン、状態異常無効"},
{"title":"ギガンティックボディ","description":"7ターンの間、受けるダメージを75%軽減"},
{"title":"エナジーカーム","description":"99ターン、600万以上ダメージを無効化"},
{"title":"巨体が動き始めた","description":"お邪魔を3個生成"},
{"title":"腕を持ち上げた","description":"怒り状態になる"},
{"title":"態勢を立て直している","description":"お邪魔を3個生成"},
{"title":"再度腕を持ち上げた","description":"怒り状態になる"},
{"title":"口を開いた","description":"盤面を暗闇状態にする"},
{"title":"ガイアビーム","description":"左から3/4列目を木に変換+450%ダメージ"},
{"title":"インヘイル","description":"3ターンの間、火/水のいずれか2属性のダメージを吸収"},
{"title":"インヘイル","description":"3ターンの間、水/木のいずれか2属性のダメージを吸収"},
{"title":"インヘイル","description":"3ターンの間、木/光のいずれか2属性のダメージを吸収"},
{"title":"インヘイル","description":"3ターンの間、光/闇のいずれか2属性のダメージを吸収"},
{"title":"インヘイル","description":"3ターンの間、闇/火のいずれか2属性のダメージを吸収"},
{"title":"グランドレイ","description":"現HPの500％割合ダメージ"},
{"title":"スキルブレイク","description":"260%ダメージ+3~5ターンスキル遅延"},
{"title":"セルメンディング","description":"420%ダメージ+敵のHPが10％回復"},
{"title":"グレートバイン","description":"410%ダメージ+ランダムで1体を5ターンの間バインド"},
{"title":"ハードンサイン","description":"340%ダメージ+ランダムで6個をロック"},
{"title":"マントルプレス","description":"360%ダメージ+盤面を暗闇状態にする"},
{"title":"神王の雷衣","description":"99ターンの間、単体2000万以上のダメージを無効"},
{"title":"ドラゴンスキン","description":"999ターンの間、状態異常無効"},
{"title":"ラース・オブ・ゼウス","description":"現HP35%の割合ダメージ"},
{"title":"神龍眼","description":"発動しているスキル効果を解除する"},
{"title":"ドラゴンノヴァ","description":"現HP500%の割合ダメージ"},
{"title":"全知全能","description":"自身の属性をいずれかの属性に変化"},
{"title":"ハートエンド","description":"回復ドロップをお邪魔ドロップに変換+280%ダメージ"},
{"title":"デッドファング","description":"260%ダメージ+毒ドロップを3個生成"},
{"title":"ダークライトニング","description":"240%ダメージ+盤面を暗闇状態にする"},
{"title":"縛雷","description":"200%ダメージ+ランダムで1体を2ターンの間バインド"},
{"title":"天空の試練","description":"3ターンの間、7コンボ以下の攻撃を吸収"},
{"title":"天戒","description":"600%ダメージ（連続攻撃）"},
{"title":"ストームライトニング","description":"780%ダメージ（連続攻撃）"},
{"title":"神煌","description":"ドロップ15個をロック"},
{"title":"チェインブラスト","description":"450%ダメージ（連続攻撃）"},
{"title":"新天","description":"全てのドロップを回復/毒ドロップに変換"},
{"title":"ボルトレイ","description":"340%ダメージ+左から3列目をお邪魔ドロップに変換"},
{"title":"Sturdy Flame Scales","description":"Immunity against status effects such as delay, poison, defense reduction for 999 turns"},
{"title":"Face to Face Match","description":"Increases cooldown of active skills by 15 turns"},
{"title":"Fortitude","description":"Recovers enemy 50% of maximum HP"},
{"title":"Hell Fire Greataxe","description":"Deal 101% damage"},
{"title":"Double Hammer Hit","description":"Deal 204% damage ( 2 hits, 102% per hit )"},
{"title":"3 Blazing Blades","description":"Deal 309% damage ( 3 hits, 103% per hit )"},
{"title":"Crimson Lion","description":"Deal 416% damage ( 4 hits, 104% per hit )"},
{"title":"Painless Time-Split","description":"Deal 525% damage ( 5 hits, 105% per hit )"},
{"title":"Resounding Destructive Strength","description":"Deal 636% damage ( 6 hits, 106% per hit )"},
{"title":"Divine Might","description":"Deal 3619% damage ( 7 hits, 517% per hit )"},
{"title":"Black Body","description":"Immunity against status effects such as delay, poison, defense reduction for 999 turns"},
{"title":"Dark Ball","description":"Absorbs single hit damage over 2,000,000 for 999 turns"},
{"title":"Darkdragon's Baptism","description":"Deal 400% damage ( 4 hits, 100% per hit )"},
{"title":"Summon Vinus","description":"Skip turn"},
{"title":"Breath of Compassion","description":"Recovers Player 100% of maximum HP"},
{"title":"Brilliant World","description":"Deal 1000% damage ( 2 hits, 500% per hit )"},
{"title":"Celestial Prison's Scorching Heat","description":"Deal 1250% damage ( 5 hits, 250% per hit )"},
{"title":"Soul Burst","description":"Deal 1500% damage ( 3 hits, 500% per hit )"},
{"title":"Abysstrom","description":"Deal 1760% damage ( 4 hits, 440% per hit )"},
{"title":"Death Scythe","description":"Deal 2100% damage ( 6 hits, 350% per hit )"},
{"title":"Gathering Magical Power","description":"Skip turn"},
{"title":"Dark Eyes","description":"Dispel player buffs"},
{"title":"Ultra Graviton Breath","description":"Deal 3000% damage ( 10 hits, 300% per hit )"}
]