[{"title":"0","description":""},{"title":"アークスケイル","description":"999回合內異常狀態（如毒、威嚇、破防）無效化"},
{"title":"聖舶の護壁","description":"99回合內，單一傷害值在 5000000 點以上的傷害無效化"},
{"title":"蒼天の虹","description":"1回合內，將受到的火、光屬性傷害轉換成自己的生命值"},
{"title":"蒼天の虹","description":"1回合內，將受到的火、暗屬性傷害轉換成自己的生命值"},
{"title":"蒼天の虹","description":"1回合內，將受到的水、光屬性傷害轉換成自己的生命值"},
{"title":"蒼天の虹","description":"1回合內，將受到的水、暗屬性傷害轉換成自己的生命值"},
{"title":"蒼天の虹","description":"1回合內，將受到的木、光屬性傷害轉換成自己的生命值"},
{"title":"蒼天の虹","description":"1回合內，將受到的木、暗屬性傷害轉換成自己的生命值"},
{"title":"リトリートアーク","description":"1回合內，受到的所有傷害減少75%"},
{"title":"フォッグボウ・パージ","description":"消除玩家所有BUFF技能效果（如盾、攻擊增幅技能）"},
{"title":"ジャッジメントエンド","description":"連擊3次，造成3000%傷害"},
{"title":"フォッグボウ・シール","description":"10回合內，無法發動任何主動技能"},
{"title":"ファーストジャッジメント","description":"所有寶珠變為火水木光暗，並造成450%傷害"},
{"title":"フォッグボウ・ヘイズ","description":"隱藏全畫面的寶珠"},
{"title":"セカンドジャッジメント","description":"所有寶珠變為火水木光暗，並造成600%傷害"},
{"title":"フォッグボウ・ゲイズ","description":"當前所有技能的冷卻時間增加 5 回合"},
{"title":"サードジャッジメント","description":"連擊3次，造成1200%傷害"},
{"title":"フォッグボウ・グレイズ","description":"2回合內，覺醒技能無效化"},
{"title":"フォースジャッジメント","description":"所有寶珠變為火水木光暗，並造成2000%傷害"},
{"title":"プリズミックサンダー","description":"隨機1種寶珠轉火珠，並造成100%傷害"},
{"title":"プリズミックサンダー","description":"隨機1種寶珠轉水珠，並造成100%傷害"},
{"title":"プリズミックサンダー","description":"隨機1種寶珠轉木珠，並造成100%傷害"},
{"title":"プリズミックサンダー","description":"隨機1種寶珠轉光珠，並造成100%傷害"},
{"title":"プリズミックサンダー","description":"隨機1種寶珠轉暗珠，並造成100%傷害"},
{"title":"ストランドサクリファイス","description":"封鎖隨機1隻隊員寵物1回合，並造成50%傷害"},
{"title":"レインボーブランク","description":"隨機1種寶珠轉邪魔珠，並造成150%傷害"},
{"title":"アークインパクト","description":"造成玩家目前HP99%的傷害"},
{"title":"アンチウイルス","description":"999回合內異常狀態（如毒、威嚇、破防）無效化"},
{"title":"ギガンティックボディ","description":"7回合內，受到的所有傷害減少75%"},
{"title":"エナジーカーム","description":"99回合內，單一傷害值在 6000000 點以上的屬性傷害無效化"},
{"title":"巨体が動き始めた","description":"隨機將3粒以外的寶珠變成邪魔珠"},
{"title":"腕を持ち上げた","description":"下次攻擊時造成690%傷害"},
{"title":"態勢を立て直している","description":"隨機將3粒以外的寶珠變成邪魔珠"},
{"title":"再度腕を持ち上げた","description":"下次攻擊時造成690%傷害"},
{"title":"口を開いた","description":"隱藏全畫面的寶珠"},
{"title":"ガイアビーム","description":"左方起第3,4直行轉木珠，並造成450%傷害"},
{"title":"インヘイル","description":"3回合內，將受到的火、水屬性傷害轉換成自己的生命值"},
{"title":"インヘイル","description":"3回合內，將受到的水、木屬性傷害轉換成自己的生命值"},
{"title":"インヘイル","description":"3回合內，將受到的木、光屬性傷害轉換成自己的生命值"},
{"title":"インヘイル","description":"3回合內，將受到的光、暗屬性傷害轉換成自己的生命值"},
{"title":"インヘイル","description":"3回合內，將受到的火、暗屬性傷害轉換成自己的生命值"},
{"title":"グランドレイ","description":"造成玩家目前HP500%的傷害"},
{"title":"スキルブレイク","description":"當前所有技能的冷卻時間增加 3~5 回合，並造成260%傷害"},
{"title":"セルメンディング","description":"回復10%HP，並造成420%傷害"},
{"title":"グレートバイン","description":"封鎖隨機1隻寵物5回合，並造成410%傷害"},
{"title":"ハードンサイン","description":"將隨機6粒寶珠鎖定，並造成340%傷害"},
{"title":"マントルプレス","description":"隱藏全畫面的寶珠，並造成360%傷害"},
{"title":"神王の雷衣","description":"99回合內，單一傷害值在 20000000 點以上的傷害無效化"},
{"title":"ドラゴンスキン","description":"999回合內異常狀態（如毒、威嚇、破防）無效化"},
{"title":"ラース・オブ・ゼウス","description":"造成玩家目前HP35%的傷害"},
{"title":"神龍眼","description":"消除玩家所有BUFF技能效果（如盾、攻擊增幅技能）"},
{"title":"ドラゴンノヴァ","description":"造成玩家目前HP500%的傷害"},
{"title":"全知全能","description":"隨機轉換自身的屬性"},
{"title":"ハートエンド","description":"心轉邪魔，並造成280%傷害"},
{"title":"デッドファング","description":"隨機3粒寶珠轉毒珠，並造成260%傷害"},
{"title":"ダークライトニング","description":"隱藏全畫面的寶珠，並造成240%傷害"},
{"title":"縛雷","description":"封鎖隨機1隻寵物2回合，並造成200%傷害"},
{"title":"天空の試練","description":"3回合內，將 7COMBO 或以下時所造成的傷害全部吸收"},
{"title":"天戒","description":"連擊4次，造成600%傷害"},
{"title":"ストームライトニング","description":"連擊6次，造成780%傷害"},
{"title":"神煌","description":"將隨機15粒寶珠鎖定"},
{"title":"チェインブラスト","description":"連擊5次，造成450%傷害"},
{"title":"新天","description":"所有寶珠變為心及邪魔珠"},
{"title":"ボルトレイ","description":"左方起第3直行轉邪魔珠，並造成340%傷害"},
{"title":"剛炎鱗","description":"999回合內異常狀態（如毒、威嚇、破防）無效化"},
{"title":"真向勝負","description":"當前所有技能的冷卻時間增加 15 回合"},
{"title":"不屈","description":"回復50%HP"},
{"title":"業火の大斧","description":"重擊，造成101%傷害"},
{"title":"二鎚衝","description":"連擊2次，造成204%傷害"},
{"title":"灼火参刃","description":"連擊3次，造成309%傷害"},
{"title":"獅子紅蓮","description":"連擊4次，造成416%傷害"},
{"title":"期裂苦断","description":"連擊5次，造成525%傷害"},
{"title":"六砕覇轟","description":"連擊6次，造成636%傷害"},
{"title":"神威","description":"連擊7次，造成3619%傷害"},
{"title":"ブラックボディ","description":"999回合內異常狀態（如毒、威嚇、破防）無效化"},
{"title":"冥玉","description":"999回合內，將單一傷害值在 2,000,000 點以上的傷害吸收"},
{"title":"暗黒龍の洗礼","description":"連擊4次，造成400%傷害"},
{"title":"サモンウェヌス","description":"甚麼都不做"},
{"title":"慈悲の息吹","description":"回復玩家100%HP"},
{"title":"ブリリアント・ワールド","description":"連擊2次，造成1000%傷害"},
{"title":"獄天の焦熱","description":"連擊5次，造成1250%傷害"},
{"title":"ソウルバースト","description":"連擊3次，造成1500%傷害"},
{"title":"アビスシュトローム","description":"連擊4次，造成1760%傷害"},
{"title":"デスサイズ","description":"連擊6次，造成2100%傷害"},
{"title":"魔力を溜めている","description":"甚麼都不做"},
{"title":"冥眼","description":"消除玩家所有BUFF技能效果（如盾、攻擊增幅技能）"},
{"title":"ギガグラビトンブレス","description":"連擊10次，造成3000%傷害"}
]