[
    {"title":"Corpse Dragon's Curse","description":"Increases skyfall chance of Poison orbs by 5% for 10 turns"},
    {"title":"Acid Breath","description":"Deal 100% damage and converts 1 Random orb into Jammer orbs.."},
    {"title":"Corpse Dragon's Grudge","description":"Binds all Dragon type cards for 3 turns. This will also disable leader skills and awoken skills"},
    {"title":"Hell Poison Breath","description":"Deal 100% damage and converts 3 Random orbs into Poison orbs"},
    {"title":"Back!","description":"Player -99% current HP"},
    {"title":"Freeze Pain","description":"Deal 75% damage and converts 1 Random orb into Water orbs"},
    {"title":"Dark Emperor's Shadow","description":"Binds all Dark attribute cards for 3 turns."},
    {"title":"You're out of your league","description":"Skip turn"},
    {"title":"Infinity Blade","description":"Deal 200% damage ( 8 hits, 25% per hit )"},
    {"title":"Hangry!","description":"Increases damage to 200% for the next 5 turns"},
    {"title":"Lick!","description":"Deal 80% damage and converts 1 Random orb into Jammer orbs"},
    {"title":"Chomp!","description":"Deal 5000% damage"},
    {"title":"Creeping Hand of Evil ","description":"Binds all Wood attribute cards for 3 turns"},
    {"title":"Blackout","description":"Deal 25% damage and hide all orbs on the board. Moving the orb will reveal it"},
    {"title":"Tentacle  Attack","description":"Deal 75% damage and binds 2 Random subs for 2 turns"},
    {"title":"Hard Tentacle","description":"Deal 150% damage ( 3 hits, 50% per hit )"},
    {"title":"Hell Howl","description":"Converts 2 Random orbs into Jammer orbs"},
    {"title":"Death Bite","description":"Deal 25% damage and converts 3 Random orbs into Poison orbs"},
    {"title":"Trinity Fang","description":"Deal 150% damage ( 3 hits, 50% per hit )"},
    {"title":"Nightmare Cloak","description":"Immunity against status effects such as delay, poison, defense reduction for 4 turns"},
    {"title":"Blasphemy","description":"Binds all God type cards for 3 turns."},
    {"title":"Mist of Darkness","description":"Will use every other turn when above 40% HP
Deal 50% damage and hide all orbs on the board. Moving the orb will reveal it"},
    {"title":"Chaos Ray","description":"Deal 70% damage"},
    {"title":"3","description":"Skip turn"},
    {"title":"Hidden Dagger","description":"Deal 125% damage and converts 1 Random orb into Jammer orbs"},
    {"title":"Endless Nightmare","description":"Deal 360% damage"},
    {"title":"Glitter of Devil's Eyes","description":"Deal 100% damage as soon as wave appears"},
    {"title":"Demonic Shield","description":"Immunity against status effects such as delay, poison, defense reduction for 999 turns"},
    {"title":"Wave of Fear","description":"Deal 100% damage and binds 1 Random sub for 1 turn."},
    {"title":"World Ends","description":"Deal 1080% damage ( 6 hits, 180% per hit )"},
    {"title":"You get no mercy!!","description":"Deal 10% damage. Randomly spawn 42 Poison orbs from non orbs"},
    {"title":"Hell's Charge ","description":"Deal 100% damage and converts 1 Random orb into Jammer orbs"},
    {"title":"Ora ora ora oraah!!","description":"Deal 150% damage ( 5 hits, 30% per hit )"},
    {"title":"You're going down!!","description":"Deal 10% damage. Randomly spawn 42 Poison orbs from non orbs"},
    {"title":"Infernal Drive","description":"Deal 125% damage and converts 6 Random orbs into Poison orbs"},
    {"title":"Fatal Gift","description":"Converts 2 Random orb into Mortal Poison orbs"},
    {"title":"Fatal Condemnation","description":"Player -99% current HP"},
    {"title":"3","description":"Converts 5 Random orb into Mortal Poison orbs."},
    {"title":"2","description":"Converts 5 Random orb into Mortal Poison orbs."},
    {"title":"1","description":"Converts 5 Random orb into Mortal Poison orbs."},
    {"title":"Catastrophe","description":"Deal 2000% damage ( 2 hits, 1000% per hit )"}
    ]