[
    {"title":"屍龍の呪い","description":"10回合內，毒珠的掉落機率提升5%"},
    {"title":"アシッドブレス","description":"隨機1種寶珠轉邪魔珠，並造成100%傷害"},
    {"title":"屍龍の怨念","description":"封鎖 龍類 寵物3回合"},
    {"title":"ヘルポイズンブレス","description":"隨機3粒寶珠轉毒珠，並造成100%傷害"},
    {"title":"控えよ","description":"造成玩家目前HP99%的傷害"},
    {"title":"フリーズペイン","description":"隨機1種寶珠轉水珠，並造成75%傷害"},
    {"title":"魔皇帝の暗影","description":"封鎖暗寵物3回合"},
    {"title":"格の違いを見せてやろう","description":"甚麼都不做"},
    {"title":"インフィニティブレード","description":"連擊8次，造成200%傷害"},
    {"title":"ハングリーアングリー","description":"5回合內攻擊力提升至200%"},
    {"title":"ぺろりんちょ","description":"隨機1種寶珠轉邪魔珠，並造成80%傷害"},
    {"title":"がぶりんちょ","description":"重擊，造成5000%傷害"},
    {"title":"這い寄る魔手","description":"封鎖木寵物3回合"},
    {"title":"ブラックアウト","description":"隱藏全畫面的寶珠，並造成25%傷害"},
    {"title":"触手攻撃","description":"封鎖隨機2隻隊員寵物2回合，並造成75%傷害"},
    {"title":"ハードテンタクル","description":"連擊3次，造成150%傷害 "},
    {"title":"ヘルハウリング","description":"隨機2種寶珠轉邪魔珠"},
    {"title":"デスバイト","description":"隨機3粒寶珠轉毒珠，並造成25%傷害"},
    {"title":"トリニティファング","description":"連擊3次，造成150%傷害"},
    {"title":"悪夢の衣","description":"4回合內異常狀態（如毒、威嚇、破防）無效化"},
    {"title":"神への冒涜","description":"封鎖 神類 寵物3回合"},
    {"title":"ダークネスミスト","description":"隱藏全畫面的寶珠，並造成50%傷害"},
    {"title":"カオスレイ","description":"重擊，造成70%傷害 "},
    {"title":"3","description":"甚麼都不做"},
    {"title":"騙まし討ち","description":"隨機1種寶珠轉邪魔珠，並造成125%傷害"},
    {"title":"エンドレス・ナイトメア","description":"連擊6次，造成360%傷害"},
    {"title":"魔王の眼光","description":"先制攻擊，造成100%傷害"},
    {"title":"悪魔の結界","description":"999回合內異常狀態（如毒、威嚇、破防）無效化"},
    {"title":"恐怖の波動","description":"封鎖隨機1隻隊員寵物1回合，並造成100%傷害"},
    {"title":"ワールドエンド","description":"連擊6次，造成1080%傷害"},
    {"title":"はなっから容赦しねぇ！！","description":"所有寶珠轉毒珠，並造成10%傷害"},
    {"title":"ヘルズチャージ","description":"隨機1種寶珠轉邪魔珠，並造成100%傷害"},
    {"title":"オラオラオラオラオラァッ！！","description":"連擊5次，造成150%傷害"},
    {"title":"もっぺん沈んどけぇ！！","description":"所有寶珠轉毒珠，並造成10%傷害"},
    {"title":"獄羅苦怒羅威武","description":"隨機6粒寶珠轉毒珠，並造成125%傷害"},
    {"title":"デッドギフト","description":"隨機2粒寶珠轉猛毒珠"},
    {"title":"死の宣告","description":"造成玩家目前HP99%的傷害"},
    {"title":"3","description":"隨機5粒寶珠轉猛毒珠"},
    {"title":"2","description":"隨機5粒寶珠轉猛毒珠"},
    {"title":"1","description":"隨機5粒寶珠轉猛毒珠"},
    {"title":"カタストロフ","description":"連擊2次，造成2000%傷害"}
    ]