[
    {"title":"屍龍の呪い","description":"10ターンの間、毒ドロップが落ちやすくなる"},
    {"title":"アシッドブレス","description":"38,066ダメージ+ランダムで1色をお邪魔ドロップに変換"},
    {"title":"屍龍の怨念","description":"ドラゴンタイプを3ターンの間バインド"},
    {"title":"ヘルポイズンブレス","description":"38,066ダメージ+毒ドロップを3個生成"},
    {"title":"控えよ","description":"現HP99%の割合ダメージ"},
    {"title":"フリーズペイン","description":"13,286ダメージ+ランダムで1色を水ドロップに変換"},
    {"title":"魔皇帝の暗影","description":"闇属性を3ターンの間バインド"},
    {"title":"格の違いを見せてやろう","description":"何もしない"},
    {"title":"インフィニティブレード","description":"35,432ダメージ(連続攻撃)"},
    {"title":"ハングリーアングリー","description":"5ターンの間、攻撃力が2倍"},
    {"title":"ぺろりんちょ","description":"4,400(2倍時:8,800)ダメージ+1色をお邪魔ドロップに変換"},
    {"title":"がぶりんちょ","description":"275,000ダメージ"},
    {"title":"這い寄る魔手","description":"木属性モンスターを3ターンの間バインド"},
    {"title":"ブラックアウト","description":"8,515ダメージ+盤面を暗闇状態にする"},
    {"title":"触手攻撃","description":"25,546ダメージ+ランダムで2体を2ターンの間バインド"},
    {"title":"ハードテンタクル","description":"51,093ダメージ(連続攻撃)"},
    {"title":"ヘルハウリング","description":"ランダムで2色をお邪魔ドロップに変換"},
    {"title":"デスバイト","description":"7,367ダメージ+毒ドロップを3個生成"},
    {"title":"トリニティファング","description":"44,202ダメージ(連続攻撃)"},
    {"title":"悪夢の衣","description":"4ターンの間、状態異常無効"},
    {"title":"神への冒涜","description":"神タイプを3ターンの間バインド"},
    {"title":"ダークネスミスト","description":"13,277ダメージ+盤面を暗闇状態にする"},
    {"title":"カオスレイ","description":"18,518ダメージ"},
    {"title":"3","description":"何もしない"},
    {"title":"騙まし討ち","description":"33,068ダメージ+ランダムで1色をお邪魔ドロップに変換"},
    {"title":"エンドレス・ナイトメア","description":"95,232ダメージ（連続攻撃）"},
    {"title":"魔王の眼光","description":"10,164ダメージ"},
    {"title":"悪魔の結界","description":"999ターンの間、状態異常無効"},
    {"title":"恐怖の波動","description":"10,164ダメージ+ランダムでサブ1体を1ターンの間バインド"},
    {"title":"ワールドエンド","description":"109,770ダメージ（連続攻撃）"},
    {"title":"はなっから容赦しねぇ！！","description":"2,983ダメージ+全ドロップを毒ドロップに変換"},
    {"title":"ヘルズチャージ","description":"29,829ダメージ+ランダムで1色をお邪魔ドロップに変換"},
    {"title":"オラオラオラオラオラァッ！！","description":"44,745ダメージ(連続攻撃)"},
    {"title":"もっぺん沈んどけぇ！！","description":"2,983ダメージ+全ドロップを毒ドロップに変換"},
    {"title":"獄羅苦怒羅威武","description":"37,286ダメージ+毒ドロップを6個生成"},
    {"title":"デッドギフト","description":"猛毒ドロップを2個生成"},
    {"title":"死の宣告","description":"現HP99%の割合ダメージ"},
    {"title":"3","description":"猛毒ドロップを5個生成"},
    {"title":"2","description":"猛毒ドロップを5個生成"},
    {"title":"1","description":"猛毒ドロップを5個生成"},
    {"title":"カタストロフ","description":"846,700ダメージ（連続攻撃）"}
    ]