[{"title":"ダークマター","description":"99ターンの間、6コンボ以下の攻撃を吸収する"},
{"title":"神の洗礼","description":"32,735ダメージ"},
{"title":"神の悪戯","description":"ランダムで2色をお邪魔ドロップに変換する"},
{"title":"往復ビンタ","description":"44,205ダメージ（連続攻撃）"},
{"title":"魔力を溜めている","description":"1ターンの間、覚醒スキルの効果を無効化する"},
{"title":"グラビトンボム","description":"221,028ダメージ"}]