[{"title":"","description":" 受到的水、光、暗屬性傷害減少50%"},
{"title":"トゥーンボム","description":"ランダムで爆弾を3個生成"},
{"title":"ジョーカータイム！","description":"10ターンの間、操作時間を2秒短縮する"},
{"title":"魔の防壁","description":"4ターン間、全属性からの受けるダメージを50％軽減する"},
{"title":"氷の鏡壁","description":"4ターン状態異常無効にする"},
{"title":"フロストレフト","description":"31,836ダメージ+左から1列目を水、2列目を水 / 闇ドロップに変化する"},
{"title":"アクアチルド","description":"水ドロップをロックする"},
{"title":"ナイトメアライト","description":"31,836ダメージ+右から1列目を闇、2列目を水 / 闇ドロップに変換する"},
{"title":"ダークチルド","description":"闇ドロップロックする"},
{"title":"メディアンジョーカー","description":"31,836ダメージ＋右から3列目を闇、4列目を水ドロップい変化する"},
{"title":"シャッフルチルド","description":"火 / 水 / 木 / 光 / 闇ドロップを12個ロックする"},
{"title":"フロストレフト","description":"31,836ダメージ+左から1列目を水、2列目を水 / 闇ドロップに変化する"},
{"title":"ナイトメアライト","description":"31,836ダメージ+右から1列目を闇、2列目を水 / 闇ドロップに変化する"},
{"title":"メディアンジョーカー","description":"31,836ダメージ+右から3列目を闇、4列目を水ドロップに変化する"}]