[{"title":"","description":""},
{"title":"","description":"受到的木、光屬性傷害減少50%"},
{"title":"","description":""},
{"title":"いくよ、マーニ！","description":"999ターンの間、状態異常を無効化する"},
{"title":"","description":""},
{"title":"  オッケー、ソール","description":"15ターンの間、ドロップがロック状態で落ちてくる事がある"},
{"title":"","description":""},
{"title":"  表裏一体","description":"全ドロップをロックする"},
{"title":"ルーロパーリ","description":"スキル使用までのターンを0〜3ターン遅らせる"},
{"title":"シンクロバースト","description":"22,996ダメージ（連続攻撃）"},
{"title":"黄昏","description":"自身の属性を変化させる"},
{"title":"デミナミラクル","description":"718,650ダメージ（連続攻撃）"},
{"title":"夜光","description":"25,871ダメージ+ランダム1色を回復ドロップに変換する"},
{"title":"腐熱","description":"18,685ダメージ+ランダム3個を毒ドロップに変換する"},
{"title":"陰り","description":"17,248ダメージ+盤面を暗闇状態にする"},
{"title":"日照り","description":"17,248ダメージ+1ターンの間、ランダムサブ1体を行動不能にする"},
{"title":"シンクロバースト","description":"22,996ダメージ（連続攻撃）"},
{"title":"デテリ","description":"残りHPの75％ダメージ"},
{"title":"陰り","description":"17,248ダメージ+盤面を暗闇状態にする"},
{"title":"日照り","description":"17,248ダメージ+1ターンの間、ランダムサブ1体を行動不能にする"}]