[{"title":"ダークマター","description":"99回合內，將 6COMBO 或以下時所造成的傷害全部吸收"},
{"title":"神の洗礼","description":"重擊，造成100%傷害 (36838)"},
{"title":"神の悪戯","description":"隨機2種寶珠 轉 邪魔珠"},
{"title":"往復ビンタ","description":"連擊3次，造成120%傷害 (44205)"},
{"title":"魔力を溜めている","description":"1回合內，覺醒技能無效化"},
{"title":"グラビトンボム","description":"重擊，造成600%傷害 (221028)"}]