[{"title":"","description":""},
{"title":"","description":"受到的木、光屬性傷害減少50%"},
{"title":"","description":""},
{"title":"いくよ、マーニ！","description":"999回合內異常狀態（如毒、威嚇、破防）無效化"},
{"title":"","description":""},
{"title":"  オッケー、ソール","description":"15回合內，有10%機率隨機鎖定掉落的寶珠"},
{"title":"","description":""},
{"title":"  表裏一体","description":"將所有寶珠鎖定"},
{"title":"ルーロパーリ","description":"當前所有技能的冷卻時間增加 0~3 回合"},
{"title":"シンクロバースト","description":"連擊4次，造成80%傷害 (22996)"},
{"title":"黄昏","description":"隨機轉換自身的屬性"},
{"title":"デミナミラクル","description":"連擊5次，造成2500%傷害 (718650)"},
{"title":"夜光","description":"隨機1種寶珠 轉 心珠，並造成90%傷害 (25871)"},
{"title":"腐熱","description":"隨機3粒寶珠 轉 毒珠，並造成65%傷害 (18685)"},
{"title":"陰り","description":"隱藏全畫面的寶珠，並造成60%傷害 (17248)"},
{"title":"日照り","description":"封鎖隨機1隻隊員寵物1回合，並造成60%傷害 (17248)"},
{"title":"シンクロバースト","description":"連擊4次，造成80%傷害 (22996)"},
{"title":"デテリ","description":"造成玩家目前HP75%的傷害"},
{"title":"陰り","description":"隱藏全畫面的寶珠，並造成60%傷害 (17248)"},
{"title":"日照り","description":"封鎖隨機1隻隊員寵物1回合，並造成60%傷害 (17248)"}]