[{"title":"","description":" 受到的水、光、暗屬性傷害減少50%"},
{"title":"トゥーンボム","description":"隨機3粒寶珠 轉 炸彈珠"},
{"title":"ジョーカータイム！","description":"10回合內，寶珠移動時間減少2秒"},
{"title":"魔の防壁","description":"4回合內，受到的所有傷害減少50%"},
{"title":"氷の鏡壁","description":"4回合內異常狀態（如毒、威嚇、破防）無效化依次序重覆使用以下技能"},
{"title":"フロストレフト","description":"左方起第1直行 轉 水珠、第2直行 轉 水珠暗珠，並造成100%傷害 (31836)"},
{"title":"アクアチルド","description":"將水珠鎖定"},
{"title":"ナイトメアライト","description":"左方起第5直行 轉 水珠暗珠、第6直行 轉 暗珠，並造成100%傷害 (31836)"},
{"title":"ダークチルド","description":"將暗珠鎖定"},
{"title":"メディアンジョーカー","description":"左方起第3直行 轉 暗珠、第4直行 轉 水珠，並造成100%傷害 (31836)"},
{"title":"シャッフルチルド","description":"將隨機12粒火珠水珠木珠光珠暗珠鎖定"},
{"title":"フロストレフト","description":"左方起第1直行 轉 水珠、第2直行 轉 水珠暗珠，並造成100%傷害 (31836)"},
{"title":"ナイトメアライト","description":"左方起第5直行 轉 水珠暗珠、第6直行 轉 暗珠，並造成100%傷害 (31836)"},
{"title":"メディアンジョーカー","description":"左方起第3直行 轉 暗珠、第4直行 轉 水珠，並造成100%傷害 (31836)"}]