[{"title": "", "description": "HP在上限90%或以上的話，受到致命傷害時，將會以1點HP生還"}, 
{"title": "澪王妃の世界", "description": "5ターンのスキル封印"}, 
{"title": "アイスコフィン", "description": "ランダム5体を1～3ターン行動不能にし、12,503ダメージ"}, 
{"title": "ブルーブリザード", "description": "50,010ダメージ+ランダム1色を水ドロップに変換する"}, 
{"title": "フリーズブラスト", "description": "42,509ダメージ+ランダム1体を2～4ターン行動不能にする"}, 
{"title": "ブルーブリザード", "description": "50,010ダメージ+ランダム1色を水ドロップに変換する"}, 
{"title": "アブソリュートゼロ・バースト", "description": "残HPの500％ダメージ"}, 
{"title": "フリーズブラスト", "description": "42,509ダメージ+ランダム1体を2～4ターン行動不能にする"}, 
{"title": "ブルーブリザード", "description": "50,010ダメージ+ランダム1色を水ドロップに変換する"}]