[{"title": "", "description": "受到的光屬性傷害減少50%"}, {"title": "神の力により行動ターンが変化した", "description": "HP70%或以下時，敵人的攻擊間隔由 2 變成 1"}, {"title": "神罰の黒翼", "description": "全ドロップをロック状態にする"}, {"title": "天上の試練", "description": "999ターンの間、4コンボ以下の攻撃を吸収する"}, {"title": "残念だ、期待していたんだがね", "description": "216,100ダメージ"}, {"title": "エルダージ・ボルトロ", "description": "6,483,000ダメージ（連続ダメージ）"}, {"title": "神格の王座", "description": "999ターンの間、攻撃力が1.5倍上昇する"}, {"title": "サーベイランス", "description": "全ドロップをロック状態にする"}, {"title": "断罪の神剣", "description": "43,220ダメージ+ランダムに盤面の縦か横1列を超暗闇状態にする（1.5倍時38,313ダメージ）"}, {"title": "断罪の神剣", "description": "43,220ダメージ+ランダムに盤面の縦か横1列を超暗闇状態にする（1.5倍時38,313ダメージ）"}, {"title": "断罪の神剣", "description": "43,220ダメージ+ランダムに盤面の縦か横1列を超暗闇状態にする（1.5倍時38,313ダメージ）"}, {"title": "断罪の神剣", "description": "43,220ダメージ+ランダムに盤面の縦か横1列を超暗闇状態にする（1.5倍時38,313ダメージ）"}, {"title": "断罪の神剣", "description": "43,220ダメージ+ランダムに盤面の縦か横1列を超暗闇状態にする（1.5倍時38,313ダメージ）"}, {"title": "断罪の神剣", "description": "43,220ダメージ+ランダムに盤面の縦か横1列を超暗闇状態にする（1.5倍時38,313ダメージ）"}, {"title": "断罪の神剣", "description": "43,220ダメージ+ランダムに盤面の縦か横1列を超暗闇状態にする（1.5倍時38,313ダメージ）"}, {"title": "断罪の神剣", "description": "43,220ダメージ+ランダムに盤面の縦か横1列を超暗闇状態にする（1.5倍時38,313ダメージ）"}, {"title": "断罪の神剣", "description": "43,220ダメージ+ランダムに盤面の縦か横1列を超暗闇状態にする（1.5倍時38,313ダメージ）"}, {"title": "断罪の神剣", "description": "43,220ダメージ+ランダムに盤面の縦か横1列を超暗闇状態にする（1.5倍時38,313ダメージ）"}, {"title": "断罪の神剣", "description": "43,220ダメージ+ランダムに盤面の縦か横1列を超暗闇状態にする（1.5倍時38,313ダメージ）"}]