[{"title": "", "description": "受到的暗屬性傷害減少50%"}, {"title": "神の力により行動ターンが変化した", "description": "HP70%或以下時，敵人的攻擊間隔由 2 變成 1"}, {"title": "神聖の白翼", "description": "10ターンの間、回復力を半減する"}, {"title": "天上の試練", "description": "999ターンの間、5コンボ以下の攻撃を吸収する"}, {"title": "あなたにはまだ早かったようね", "description": "202,300ダメージ"}, {"title": "メーテリオン・ケッシュ", "description": "	6,069,000ダメージ（連続ダメージ）"}, {"title": "神格の王座", "description": "999ターンの間、攻撃力が1.5倍上昇する"}, {"title": "プリディクション", "description": "3ターンの間、覚醒スキルを無効化する"}, {"title": "神命の筆跡", "description": "40,460ダメージ+1ターンの間、ランダムに盤面の縦か横1列を煙幕状態にする（1.5倍時60,690ダメージ）"}, {"title": "神命の筆跡", "description": "40,460ダメージ+1ターンの間、ランダムに盤面の縦か横1列を煙幕状態にする（1.5倍時60,690ダメージ）"}]