[{"title": "メジェリュージョン", "description": "3ターンの間、リーダーとサブ1体を入れ替える"}, 
{"title": "メジェキック", "description": "34,541ダメージ＋8個のドロップをロックする"}, 
{"title": "うつろわざる霊魂", "description": "	99ターンの間、4コンボ以下の攻撃を吸収"}, 
{"title": "不可視の一瞥", "description": "8,635ダメージ+回復ドロップをお邪魔ドロップに変換する"}, 
{"title": "メジェビーム", "description": "34,541ダメージ+ランダムで1色を闇ドロップに変換する
"}, 
{"title": "メジェビーム", "description": "残HPの99%のダメージ"}, 
{"title": "メジェビーム", "description": "25,906ダメージ+盤面を暗闇状態にする"}, 
{"title": "メジェリュージョン", "description": "3ターンの間、リーダーとサブ1体を入れ替える"}, 
{"title": "メジェ・ド・エンド", "description": "82,899ダメージ（連続攻撃）"}]