[{"title": "", "description": "受到的火、水屬性傷害減少50%"},
{"title": "第三の目", "description": "味方スキルが2〜5ターン遅延"},
{"title": "破壊神の天力", "description": "99ターンの間、5コンボ以下吸収"},
{"title": "ダムルー", "description": "残HPの99%のダメージ"},
{"title": "ニーラカンタ", "description": "45,550ダメージ+毒ドロップを回復ドロップに変換する"},
{"title": "トリシューラ", "description": "	22,775ダメージ+左から縦2,4,6列目を火ドロップに変換する"},
{"title": "ピナーカ", "description": "27,330ダメージ（連続攻撃）"},
{"title": "ハラーハラ", "description": "	11,388ダメージ+ランダム7個を毒に変換する"},
{"title": "マハーカーラ", "description": "	17,081ダメージ+盤面を暗闇状態にする"},
{"title": "ダムルー", "description": "残HPの75%のダメージ"},
{"title": "爆滅の三眼", "description": "68,325ダメージ+全ドロップを火ドロップに変換する"}]