[{"title": "", "description": "受到的木、光屬性傷害減少50%"}, 
{"title": "ゴッドドラゴンズフィールド", "description": "999ターンの間、状態異常を無効にする"}, 
{"title": "ゴッドパルス", "description": "全ドロップをロックする"}, 
{"title": "スーパーハダルミサイル", "description": "37,645ダメージ+ランダムで1色をお邪魔ドロップに変換する"}, 
{"title": "ライトニングレグルスクロー", "description": "	52,795ダメージ（連続攻撃）"}, 
{"title": "カノープストルネードカッター", "description": "30,116ダメージ+ランダムで1体を2〜3ターンの間、行動不能にする"}, 
{"title": "ベテルギウスボム", "description": "45,174ダメージ+ランダムで1色を火ドロップに変換する"}, 
{"title": "アルデバランクラッシャー", "description": "残HPの99%ダメージ"}, 
{"title": "ゴッドモード起動！！", "description": "999ターンの間、敵の攻撃力が2倍になる"}, 
{"title": "ファイナルゴッドカノン", "description": "120,464ダメージ（連続攻撃）"}]