[{"title": "", "description": "HP在上限90%或以上的話，受到致命傷害時，將會以1點HP生還"}, 
{"title": "情熱☆ヘラチューン", "description": "99ターンの間、火ドロップとお邪魔ドロップを落ちやすくする"}, 
{"title": "ダブリット☆☆ミラー", "description": "	999ターンの間、7コンボ以下の攻撃を吸収する"}, 
{"title": "スイートデビル♪", "description": "50,260ダメージ+水ドロップをお邪魔ドロップに変換する"}, 
{"title": "ハートフルアロー", "description": "50,260ダメージ+ランダム1色を火ドロップに変換する"}, 
{"title": "ウルズ↑↑フィーバー☆", "description": "	75,390ダメージ（連続攻撃）"}, 
{"title": "スイートデビル♪", "description": "50,260ダメージ+水ドロップをお邪魔ドロップに変換する"}, 
{"title": "ハートフルアロー", "description": "50,260ダメージ+ランダム1色を火ドロップに変換する"}]