[{"title": "オーパーツエフェクト", "description": "999ターンの間、状態異常を無効にする"}, 
{"title": "超古代の英知", "description": "22,740ダメージ+6ターンの間、覚醒スキルを無効にする"}, 
{"title": "ロストテクノロジー", "description": "5ターンの間、操作時間が2秒減少する"}, 
{"title": "ギア・テンペスト", "description": "68,220ダメージ（連続攻撃）"}, 
{"title": "キャトルミューティレーション", "description": "45,480ダメージ+盤面を暗闇にする"}, 
{"title": "フルエレメント", "description": "自身の属性を変化させる"}, 
{"title": "トリリトンの重圧", "description": "現HPの99％ダメージ"}, 
{"title": "強奪の地上絵・モンキー", "description": "18,192ダメージ+ランダム1色をお邪魔ドロップに変換する"}, 
{"title": "クリスタルファング", "description": "27,288ダメージ（連続攻撃）"}, 
{"title": "プレアデスの殲光", "description": "31,836ダメージ（連続攻撃）"}]