[{"title": "ゴシックローズ", "description": "999ターンの状態異常を無効にする"}, 
{"title": "トランスルーセントコールド", "description": "99ターンの間、4,000,000以上のダメージを吸収する"}, 
{"title": "フローズンペイン", "description": "60,390ダメージ+全ドロップを水と毒ドロップに変換する"}, 
{"title": "サイオブサッドネス", "description": "味方のスキルを0〜2ターン遅延させる"}, 
{"title": "グラスリーフ", "description": "24,516ダメージ+木ドロップをロック"}, 
{"title": "アイスアンドローゼズ", "description": "16,014ダメージ+左から1列目を水、2列目を木、3列目を毒に変換する"}]