[{"title": "ヒエログリフの創造", "description": "味方のスキルターンを5ターン遅延する"}, 
{"title": "夜刻の守護者", "description": "16,564ダメージ+ランダムで1色をお邪魔ドロップに変換する"}, 
{"title": "イシェドの葉", "description": "16,564ダメージ+ランダムで4つを毒ドロップに変換する"}, 
{"title": "時の支配", "description": "16,564ダメージ+ランダムでサブ1体を4ターンの間、行動不能にする"}, 
{"title": "創世の裁き", "description": "66,256ダメージ（連続攻撃）"}]