[{"title": "", "description": "受到的火、暗屬性傷害減少50%"}, 
{"title": "バリアフィールド", "description": "999ターンの間、状態異常を無効にする"}, 
{"title": "デモンサイクロン", "description": "4ターンの間、回復力を半減する"}, 
{"title": "ジェノサイドミサイル・零式", "description": "	27,004ダメージ+ランダムで6個を毒ドロップに変換する"}, 
{"title": "皇爪連牙・改", "description": "	40,506〜47,257ダメージ（連続攻撃）"}, 
{"title": "ダークサイクロンブラスト", "description": "33,765ダメージ+盤面を暗闇状態する"}, 
{"title": "ハイメギドキャノン", "description": "54,008ダメージ（連続攻撃）"}, 
{"title": "フリーズクラッシャー", "description": "20,253ダメージ+全てのサブモンスターを2ターンの間、行動不能にする"}, 
{"title": "リミッター解除", "description": "何もしない"}, 
{"title": "アルティメット・ストリーム", "description": "243,036ダメージ（連続攻撃）"}]