[{"title": "", "description": "HP在上限1%或以上的話，受到致命傷害時，將會以1點HP生還"},
{"title": "これより先は危険です", "description": "99ターンの間、30万以上の攻撃を吸収する"},
{"title": "金色神の嘆息", "description": "ランダム15個をお邪魔ドロップに変換する"},
{"title": "愚かな…", "description": "敵のHPが0になる"},
{"title": "心癒の山風", "description": "21,007ダメージ+上から1,5列目を回復、3列目を木に変換する"},
{"title": "トリシューラ", "description": "21,007ダメージ+左から1,3,5列目を火ドロップに変換する"},
{"title": "タイガーラッシュ", "description": "18,906～25,208ダメージ（連続攻撃）"},
{"title": "ヒマラヤの怒り", "description": "42,014ダメージ+上から1列目をお邪魔ドロップに変換する"}]