[{"title": "いっしょに あーそぼ！", "description": "6ターンの間、覚醒スキルを無効にする"},
{"title": "パズルで勝負だよっ！", "description": "6ターンの間、スキルを使用不能にする"},
{"title": "前より難しいから覚悟してね！", "description": "全ドロップを火/水/木/光/闇/回復ドロップに変換する"},
{"title": "ブッブー！　はいダメー！！", "description": "999,990ダメージ+お邪魔ドロップを水ドロップに変換する"},
{"title": "おじゃまドロップ けせるかな~？", "description": "最上段、最下段のドロップを水/回復/お邪魔ドロップに変換する＋3段目横1列お邪魔ドロップに変換する"},
{"title": "どんどんいくよ~！", "description": "	左から縦1、4、6列目を水/回復/お邪魔ドロップに変換する＋左から4列目縦1列をお邪魔ドロップに変換する"},
{"title": "むむっ！　やるな~", "description": "ランダム13個をお邪魔ドロップに変換する"},
{"title": "でも これは…", "description": "盤面を超暗闇状態にする"},
{"title": "けせるかなっ！？", "description": "ランダム16個をお邪魔ドロップに変換する"},
{"title": "キミ　すごいねっ！", "description": "1ターンの間、操作時間を2秒減少させる"},
{"title": "これでさいごだよっ！", "description": "ランダム4個をお邪魔ドロップに変換する"},
{"title": "えいっ！", "description": "操作開始位置をランダムで固定する（実装ない）"},
{"title": "たのしかったよ！　まったね~♪", "description": "敵のHPが0になる"}]