[{"title": "", "description": "HP在上限50%或以上的話，受到致命傷害時，將會以1點HP生還"}, {"title": "黄泉の鼓動", "description": "味方全員のスキルターン数を0～7ターン遅延させる"}, {"title": "恨みの咆哮", "description": "	味方全員のスキルターン数を99ターン遅延させる"}, {"title": "呪いの蛇神眼", "description": "全員を2ターンの間、行動不能にする"}, {"title": "狂獄の神火", "description": "20,032ダメージランダムで火ドロップ4個、闇ドロップ4個を生成する"}, {"title": "狂苛焔獄弾", "description": "15,024ダメージ+ランダムで1色をお邪魔ドロップに変換する"}, {"title": "蛇神の毒牙", "description": "10,018ダメージ+闇ドロップを毒ドロップに変換する"}, {"title": "蛇王滅殺獄龍破", "description": "801,280ダメージ（連続攻撃）"}]