[{"title": "女神の舞踏", "description": "999ターンの間、状態異常を無効にする"}, 
{"title": "チャクラを解放した", "description": "2ターンの間、受けるダメージを75%減少する"}, 
{"title": "ムーラーダーラ", "description": "263,160ダメージ（連続攻撃）"}, 
{"title": "黒の時", "description": "	999ターンの間、1000万以上のダメージを無効化する"}, 
{"title": "スワーディシュターナ", "description": "39,474ダメージ（連続攻撃）"}, 
{"title": "マニプーラ", "description": "ランダムで1体を2ターン行動不能にする"}, 
{"title": "アナーハタ", "description": "盤面を暗闇状態にする"}, 
{"title": "ヴィシュッダ", "description": "ランダムで毒ドロップを3個変換する"}, 
{"title": "アージュナー", "description": "残HPの99％ダメージ"}, 
{"title": "カーラ・マー", "description": "	32,895ダメージ+10ターンの間、スキルを使用不能にする"}, 
{"title": "サハスラーラ", "description": "328,950ダメージ"}]