[{"title": "", "description": ""},{"title": "忍法・霞空錬障気壁", "description": "5ターンの間、闇とランダム1属性のダメージを吸収する"}, {"title": "忍法・霞空錬障気壁", "description": "5ターンの間、闇とランダム1属性のダメージを吸収する"}, {"title": "忍法・霞空錬障気壁", "description": "5ターンの間、闇とランダム1属性のダメージを吸収する"}, {"title": "忍法・霞空錬障気壁", "description": "5ターンの間、闇とランダム1属性のダメージを吸収する"}, {"title": "冷艶清美の術", "description": "23,594ダメージ+ランダムでサブ3体を2～3ターンの間、行動不能にする"}]