[{"title": "", "description": "HP在上限90%或以上的話，受到致命傷害時，將會以1點HP生還"}, {"title": "光合成", "description": "10ターンの間、光属性ダメージを吸収する"}, {"title": "深緑の魔壁", "description": "999ターンの間、600万以上のダメージを無効化する"}, {"title": "お邪魔ドロップは残しちゃダメですよ♪", "description": "999ターンの間、状態異常を無効化する"}, {"title": "魅惑の鱗粉", "description": "ランダムでお邪魔ドロップを10個生成"}, {"title": "魔樹創造", "description": "1,010,000ダメージ+お邪魔ドロップを木ドロップに変換する"}, {"title": "ジュピターオリジン", "description": "1,212,000ダメージ（連続攻撃）"}, {"title": "ハルシネイション", "description": "全ドロップを木/回復/お邪魔/毒ドロップに変換する 35,350ダメージ"}, {"title": "ここにき~めた♪", "description": "ドロップの操作位置を指定する"}, {"title": "冥樹の棘", "description": "28,280ダメージ+お邪魔ドロップを5個生成する"}, {"title": "縛りつける", "description": "28,280ダメージ+ランダムに1体を5ターンの間、行動不能にする"}]