[{"title": "", "description": "受到的木屬性傷害減少50%"}, {"title": "セブンミラージュ", "description": "7ターンの間、状態異常を無効化する"}, {"title": "ミューカススキン", "description": "7ターンの間、受けるダメージを75％軽減する"}, {"title": "ポイズンクロウ", "description": "34,461ダメージ+ランダム4個を毒ドロップに変換する"}, {"title": "パラライズバイン", "description": "ランダム1体を7ターン行動不能にする"}, {"title": "デッドポイズンレイヴ", "description": "68,922ダメージ+ランダム7個を毒ドロップに変換する"}, {"title": "ヘルブルーム", "description": "103,383ダメージ+毒ドロップをおじゃまドロップに変換する"}, {"title": "テンポラルステルス", "description": "1ターンの間、10万以上のダメージを無効化する"}, {"title": "ヘルポイズンクロウ", "description": "34,461ダメージ+ランダム7個を毒ドロップに変換する"}, {"title": "アージェンシーミミック", "description": "自身の属性をランダムに変化させる"}, {"title": "ヴェノムクロウ", "description": "34,461ダメージ+ランダム4個を毒ドロップに変換する"}, {"title": "パラライズバイン", "description": "ランダム1体を7ターン行動不能にする"}, {"title": "ヘルヴェノムクロウ", "description": "34,461ダメージ+ランダム5個を毒ドロップに変換する"}, {"title": "テンポラルステルス", "description": "1ターンの間、10万以上のダメージを無効化する"}, {"title": "ポイズンレイヴ", "description": "68,922ダメージ+ランダム4個を毒ドロップに変換する"}, {"title": "アージェンシーミミック", "description": "自身の属性をランダムに変化させる"}, {"title": "ヘルポイズンレイヴ", "description": "68,922ダメージ+ランダム7個を毒ドロップに変換する"}, {"title": "エナジーミミック", "description": "自身の属性をランダムに変化させる"}, {"title": "ストームレイヴ", "description": "51,695ダメージ（連続攻撃）"}, {"title": "エナジーミミック", "description": "自身の属性をランダムに変化させる"}, {"title": "バインリングス", "description": "残りHPの77％ダメージ"}, {"title": "エナジーミミック", "description": "自身の属性をランダムに変化させる"}, {"title": "セブンガーデン", "description": "34,461ダメージ+盤面を火・水・木・光・闇・回復・毒ドロップに変換する"}, {"title": "エナジーミミック", "description": "自身の属性をランダムに変化させる"}, {"title": "ポイズンブロウ", "description": "34,461ダメージ+ランダム5個を毒ドロップに変換する"}, {"title": "ドレインネイル", "description": "34,461ダメージ+自身のHPを7％回復する"}, {"title": "ヴェノムブロウ", "description": "34,461ダメージ+ランダム3個を毒ドロップに変換する"}, {"title": "クロットネイル", "description": "34,461ダメージ+ランダム7個のドロップをロックする"}]