[{"title": "古龍騎士の魂", "description": "10ターンの間、100ダメージ以上の攻撃を無効化する"}, {"title": "古龍の剣", "description": "49,164ダメージ（連続攻撃）"}, {"title": "力の解放", "description": "999ターンの間、敵の攻撃力を2倍にする"}, {"title": "心砕獄導", "description": "回復ドロップをお邪魔ドロップに変換する+22,943ダメージ"}, {"title": "邪祓天葬", "description": "お邪魔ドロップを木ドロップに変換する+98,325ダメージ"}, {"title": "光与無還", "description": "お邪魔ドロップを回復ドロップに変換する+9,833ダメージ"}, {"title": "心砕獄導", "description": "回復ドロップをお邪魔ドロップに変換する+22,943ダメージ"}]