[{"title": "", "description": "HP在上限50%或以上的話，受到致命傷害時，將會以1點HP生還"}, 
{"title": "天下御免", "description": "999ターンの間、状態異常を無効にする"}, 
{"title": "轟烈大花火の術", "description": "145,185ダメージ"}, 
{"title": "黄金の煙管", "description": "敵のHPが全回復する"}, 
{"title": "天上大花火の術", "description": "74,454ダメージ"}, 
{"title": "絶煙幕", "description": "48,395ダメージ+盤面を暗闇状態にする"}, 
{"title": "銭投げ・連牙", "description": "22,336～67,008ダメージ（連続攻撃）"}, 
{"title": "絶景かな、絶景かな！", "description": "ランダムで3体を2～4ターンの間、行動不能にする"}, 
{"title": "真・天上大花火の術", "description": "111,681ダメージ"}]