[{"title": "白銀の鎧", "description": "999ターンの間、状態異常を無効にする"}, 
{"title": "怨炎", "description": "21,490ダメージ+1,2,5,6,の縦列を火と猛毒ドロップに変換する"}, 
{"title": "不滅の野心", "description": "10ターンの間、ドロップがロック状態で振るようになる"}, 
{"title": "覇滅天翔", "description": "173,520ダメージ+全ドロップをロックする"}, 
{"title": "非道", "description": "2ターンの間、火水木属性ダメージを吸収する"}, 
{"title": "天魔業", "description": "36,873ダメージ+ランダム1色をお邪魔ドロップに変換する"}, 
{"title": "龍魔刀", "description": "41,212ダメージ（連続攻撃）"}, 
{"title": "無慈悲", "description": "39,042ダメージ+1ターンの間、6コンボ以下のダメージを吸収する"}]