[{"title": "", "description": "受到的水、光屬性傷害減少50%"}, {"title": "万象の加護", "description": "10ターンの間、状態異常を無効にする"}, {"title": "慈愛の擁護", "description": "1ターンの間、ダメージを75%軽減する"}, {"title": "幼龍神の縛炎", "description": "全員を1〜3ターン行動不能にする"}, {"title": "儚き夢想", "description": "ランダム3個をお邪魔ドロップに変換する"}, {"title": "太平の願い", "description": "10ターンの間、スキルを封印"}, {"title": "慈愛の擁護", "description": "1ターンの間、ダメージを75%軽減する"}, {"title": "安眠の抱き", "description": "1ターンの間、覚醒無効"}, {"title": "太平の願い", "description": "10ターンの間、スキルを封印"}, {"title": "現世の祓", "description": "ドロップ全てをロックする"}, {"title": "森羅万象", "description": "115,185ダメージ（連続攻撃）"}, {"title": "清めの超神効", "description": "82,933ダメージ+お邪魔ドロップを回復ドロップに変換する"}, {"title": "創世の漣", "description": "23,037ダメージ+ランダム1色をお邪魔ドロップに変換する"}, {"title": "幼龍神の爆陣", "description": "爆弾ドロップを四隅に生成する"}, {"title": "慈愛の擁護", "description": "1ターンの間、ダメージを75%軽減する"}, {"title": "創世の漣", "description": "23,037ダメージ+ランダム1色をお邪魔ドロップに変換する"}, {"title": "幼龍神の波動", "description": "當前所有技能的冷卻時間增加 0~4 回合"}]