[{"title": "", "description": "受到的水屬性傷害減少50%"}, 
{"title": "", "description": "HP在上限30%或以上的話，受到致命傷害時，將會以1點HP生還"}, 
{"title": "剛氷の鎧", "description": "999ターンの間、状態異常を無効にする"}, 
{"title": "フリージングゾーン", "description": "HPを50%回復+38,376ダメージ"}, 
{"title": "ハイプレスクロー", "description": "残HPの99%ダメージ"}, 
{"title": "アイスエッジハンマー", "description": "57,564ダメージ"}, 
{"title": "デストラクションブリザード", "description": "67,158ダメージ"}, 
{"title": "暴れ狂う", "description": "47,970ダメージ+全ドロップを水、回復、お邪魔ドロップに変換する"}, 
{"title": "憤怒の眼光", "description": "お邪魔ドロップをロック"}, 
{"title": "アビステンペスト", "description": "239,850ダメージ"}]