[{"title": "冥龍騎士の魂", "description": "4ターンの間、闇属性ダメージを吸収する"}, {"title": "冥龍の鎌", "description": "47,495ダメージ+右から2列目の縦1列を闇ドロップに変換する"}, {"title": "カオスプロミネンス", "description": "253,304ダメージ（連続攻撃）"}, {"title": "アビスケージ", "description": "闇属性モンスターを5〜10ターン行動不能にする4ターンごとに使用"}, {"title": "ソウルスプリット", "description": "63,326ダメージ（連続攻撃"}, {"title": "イロージョン", "description": "25,330ダメージ+ランダムでドロップ1色を闇ドロップに変換する"}]