[{"title": "魔狼騎士の魂", "description": "5ターンの間、スキルを使用不能にする"}, {"title": "魔狼の斧", "description": "5ターンの間、操作時間を3秒減少する"}, {"title": "瞬撃", "description": "16,470ダメージ（連続攻撃）"}, {"title": "重撃", "description": "32,940ダメージ（連続攻撃）"}, {"title": "轟撃", "description": "49,410ダメージ（連続攻撃）"}, {"title": "刻撃", "description": "65,880ダメージ（連続攻撃）"}, {"title": "滅撃", "description": "263,520ダメージ（連続攻撃）"}]