[{"title": "", "description": "HP在上限90%或以上的話，受到致命傷害時，將會以1點HP生還"}, 
{"title": "煌王妃のささやき", "description": "7ターンの間、覚醒スキルを無効にする"}, 
{"title": "神々の守り", "description": "999ターンの間、状態異常を無効にする"}, 
{"title": "ボルトアロー", "description": "42,440ダメージ+ランダムでサブ1体、もしくはリーダーとフレンドを10ターンの間、行動不能にする"}, 
{"title": "ボルトアロー", "description": "42,440ダメージ+ランダムでサブ1体、もしくはリーダーとフレンドを10ターンの間、行動不能にする"}, 
{"title": "シャインブラスト", "description": "	29,708ダメージ+闇ドロップを光ドロップに変換する"}, 
{"title": "レストパルス", "description": "29,708ダメージ+1ターンの間、操作時間が1秒減少"}, 
{"title": "シャインウェーブ", "description": "	31,830ダメージ（連続攻撃）"}, 
{"title": "煌王妃の試練", "description": "8ターンの間、 8コンボ以下の攻撃を吸収する"}, 
{"title": "煌鎖", "description": "31,830ダメージ+ドロップ操作位置を固定する"}, 
{"title": "ごめんなさいね", "description": "残HPの99％ダメージ"}, 
{"title": "煌王妃の裁き", "description": "1,591,500ダメージ（連続攻撃）"}]