[{"title": "女神の舞踏", "description": "999ターンの間、状態異常を無効にする"}, {"title": "チャクラを解放した", "description": "2ターンの間、受けるダメージを75%減少する"}, {"title": "マハースッカ・カマラ", "description": "268,920ダメージ（連続攻撃）"}, {"title": "黒の時", "description": "	999ターンの間、1000万以上のダメージを無効化する"}, {"title": "ニルマーナ・カーヤ", "description": "40,338ダメージ+盤面を暗闇状態にする"}, {"title": "ダルマ・カーヤ", "description": "10,272ダメージ+全ドロップを火/水/木/光/闇/回復ドロップに変換する"}, {"title": "サンボガ・カーヤ", "description": "11,504ダメージ+味方のスキルターンを0～1ターン遅延する"}, {"title": "カーラ・マー", "description": "33,615ダメージ+10ターンの間、スキルを使用不能にする"}, {"title": "ウシュニーシャ・カマラ", "description": "336,150ダメージ"}]