[{"title": "", "description": "受到的火、木屬性傷害減少50%"}, {"title": "", "description": "HP在上限50%或以上的話，受到致命傷害時，將會以1點HP生還"}, {"title": "アンチフィールド", "description": "	5ターンの間、火・木属性ダメージを吸収する"}, {"title": "百剣装", "description": "999ターンの間、状態異常を無効化する"}, {"title": "天駆ける百列の竜剣", "description": "166,575ダメージ+左から1、3、5列目の縦1列を火ドロップに2、4、6列目を木ドロップに変換する"}, {"title": "パラード", "description": "3ターンの間、受けるダメージを75%軽減する"}, {"title": "パラード", "description": "3ターンの間、受けるダメージを50%軽減する"}, {"title": "フレッシュ", "description": "残HPの99%ダメージ"}, {"title": "シャドウレイピア", "description": "3ターンの間、左から3列目縦1列を超暗闇状態にする"}, {"title": "骨砕き", "description": "33,315ダメージ+味方のスキルターンを1ターン遅延する"}, {"title": "阿修羅斬り", "description": "38,870ダメージ（連続攻撃）"}]