[{"title": "地獄の門", "description": "5ターンの間、スキルを使用不能にする"}, {"title": "アニマオブリーオ", "description": "6ターンの間、覚醒スキルを無効化する"}, {"title": "最終界　嘆きの地獄", "description": "159,150ダメージ（連続攻撃）"}, {"title": "アケローンの冥河", "description": "味方スキル使用までのターンを2ターン遅延する"}, {"title": "魔王の半神", "description": "敵の属性が闇に変化する"}, {"title": "ディフェーザ", "description": "1ターンの間、受けるダメージを99％軽減する"}, {"title": "第一界　辺獄", "description": "29,708ダメージ+盤面を暗闇状態にする"}, {"title": "第四界　貪欲の地獄", "description": "31,830ダメージ+毒ドロップを5個生成する"}, {"title": "第八界　悪意の地獄", "description": "33,952ダメージ+ランダムで3体を3ターンの間、行動不能にする"}, {"title": "オンドゥラツィオーネ", "description": "29,708ダメージ+左から1列目を水ドロップに変換する"}, {"title": "ブフェーラ", "description": "29,708ダメージ+右から1列目を木ドロップに変換する"}]