[{"title": "", "description": "受到的光、暗屬性傷害減少50%"}, 
{"title": "エナジーリフラックス", "description": "敵の属性が火に変化する"}, 
{"title": "アクアフェイド", "description": "3ターンの間、水ドロップを消せなくなる"}, 
{"title": "エナジーリフラックス", "description": "敵の属性が水に変化する"}, 
{"title": "ツリーフェイド", "description": "3ターンの間、木ドロップを消せなくなる"}, 
{"title": "ファイアフェイド", "description": "3ターンの間、火ドロップを消せなくなる"}, 
{"title": "エナジーリフラックス", "description": "敵の属性が火/水/木のいずれかに変化する"}, 
{"title": "グランドガイア・プレッシャー", "description": "残HPの300％ダメージ"}]