[{"title": "大鯨の波飛沫", "description": "全モンスターのスキル使用までのターンを5ターン遅延する"}, {"title": "トゥインクルエコー", "description": "10ターンの間、6コンボ以下の攻撃を吸収する"}, {"title": "ハイドロカノン", "description": "	151,950ダメージ+左から3、4列目を水ドロップに変換する"}, {"title": "ブリーチング", "description": "次ターンの攻撃力を2.5倍にする"}, {"title": "鯨呑", "description": "残りHPの99％ダメージ"}, {"title": "テンペスト", "description": "30,390ダメージ（連続攻撃）"}, {"title": "まるのみっ！", "description": "26,338ダメージ+盤面を暗闇状態にする"}, {"title": "ダズラースプラッシュ", "description": "28,364ダメージ+1ターンの間、ドロップ操作時間が半分になる"}, {"title": "テールスラップ", "description": "	26,338ダメージ回復ドロップ3個を水ドロップに変換する"}]