[{"title": "", "description": "受到的火屬性傷害減少50%"}, 
{"title": "フレイムボディ", "description": "5ターンの間、状態異常を無効にする"}, 
{"title": "クロスドロゥブレス", "description": "77,700ダメージ"}, 
{"title": "ブレイズオーラ", "description": "5ターンの間、、5コンボ以下の攻撃を吸収"}, 
{"title": "トリプルブレス", "description": "46,620ダメージ（連続攻撃）"}, 
{"title": "ファイヤーアーマー", "description": "5ターンの間、50万ダメージ以上の攻撃を無効にする"}, 
{"title": "ファニングブレス", "description": "46,620ダメージ（連続攻撃）"}, 
{"title": "インフェルノブレット", "description": "58,275ダメージ+ランダムで5体を5ターンの間、行動不能にする"}, 
{"title": "バーストエンド", "description": "19,425,000ダメージ（連続攻撃）"}]