[{"title": "", "description": "受到的火、暗屬性傷害減少50%"}, {"title": "", "description": "HP在上限88%或以上的話，受到致命傷害時，將會以1點HP生還"}, {"title": "黄泉の加護", "description": "10ターンの間、状態異常を無効にする"}, {"title": "黄泉の羽衣", "description": "3ターンの間、ダメージを半減する"}, {"title": "怨みの嗤笑", "description": "10ターンの間、操作時間が半減する"}, {"title": "執念の灯火", "description": "HPを4%回復する"}, {"title": "八雷守護", "description": "999ターンの間、7コンボ以下のダメージを吸収する"}, {"title": "忌避の境域", "description": "4ターンの間、最下段1列を超暗闇にする"}, {"title": "死ノ理", "description": "999ターンの間、攻撃力が4倍になる"}, {"title": "神滅の業火", "description": "36,040ダメージ（連続攻撃、4倍時144,160ダメージ）"}, {"title": "怨みの嗤笑", "description": "10ターンの間、操作時間が半減する"}, {"title": "腐朽への誘い", "description": "ランダム11個を毒ドロップに変換する"}, {"title": "常世の呪", "description": "全ドロップをロックする　"}, {"title": "怨みの嗤笑", "description": "10ターンの間、操作時間が半減する"}, {"title": "悲嘆の慟哭", "description": "24,027ダメージ（4倍時43,520ダメージ）+回復ドロップをお邪魔ドロップに変換する"}, {"title": "神滅の業火", "description": "36,040ダメージ（連続攻撃、4倍時144,160ダメージ）"}, {"title": "怨みの嗤笑", "description": "10回合內，寶珠移動時間變成原來的50%"}, {"title": "黄泉の羽衣", "description": "3ターンの間、ダメージを半減する"}, {"title": "命滅の抱き", "description": "残HPの100％のダメージ"}]