[{"title": "", "description": "HP在上限76%或以上的話，受到致命傷害時，將會以1點HP生還"}, {"title": "鳳凰騎士の魂", "description": "99ターンの間、4コンボ以下の攻撃を吸収する"}, {"title": "鳳凰の鎧", "description": "999ターンの間、500万以上のダメージを無効化する"}, {"title": "絶炎", "description": "3ターンの間、覚醒スキルを無効化する"}, {"title": "バーンアウト", "description": "残HPの300%ダメージ"}, {"title": "炎舞斬", "description": "50,364ダメージ（連続攻撃）"}, {"title": "火喰羅", "description": "敵のHPを10%回復する"}, {"title": "スコールド", "description": "残HPの99%ダメージ"}, {"title": "ハイテンペラチュア", "description": "3ターンの間、受けるダメージを75％軽減する"}, {"title": "アカンパニアッシュフレア", "description": "火ドロップを5個お邪魔ドロップに変換する+16,688ダメージ"}]