[{"title": "", "description": "HP在上限80%或以上的話，受到致命傷害時，將會以1點HP生還"}, {"title": "", "description": "受到的暗屬性傷害減少50%"}, {"title": "あなた、そこに伏せなさい！", "description": "ドロップを操作開始する位置を指定する(実装ない)"}, {"title": "仕事の時間よ！シャルス！", "description": "左から34列目を闇かお邪魔ドロップに変換する"}, {"title": "働きなさいシャルス！", "description": "残HPの90％ダメージ"}, {"title": "シャルスメソメソ", "description": "24,565ダメージ 盤面を暗闇状態にする"}, {"title": "トゥインクル☆シャドウ", "description": "	敵のHPを50％回復する"}]