[{"title": "", "description": "HP在上限50%或以上的話，受到致命傷害時，將會以1點HP生還"}, {"title": "来ルナァアアア！！", "description": "味方のスキル使用までのターンを0〜2ターン遅延する"}, {"title": "転界・修羅刺天", "description": "50,269ダメージ"}, {"title": "大和龍の聖護", "description": "999ターンの間、状態異常無効にする"}, {"title": "緋空結界", "description": "7ターンの間、受けるダメージを半減する"}, {"title": "転界・修羅刺天", "description": "50,269ダメージ"}, {"title": "紅陽の息吹", "description": "31,418ダメージ+ランダムで火ドロップと光ドロップを3個ずつ生成する"}, {"title": "紅陽・剛葬", "description": "94,254ダメージ+ランダムで火ドロップと光ドロップを9個ずつ生成する"}]