[{"title": "", "description": "HP在上限50%或以上的話，受到致命傷害時，將會以1點HP生還"}, {"title": "赤豹の闘鎧", "description": "999ターンの間、状態異常を無効化する"}, {"title": "封迷の彩翼", "description": "4ターンの間、覚醒スキルを無効化する"}, {"title": "変天", "description": "敵の属性を火か木属性に変更する"}, {"title": "エントゥリオーネ", "description": "1,240,000ダメージ（連続攻撃）"}, {"title": "灼蠍の毒", "description": "上から1/5段目を回復か毒ドロップ、3段目を猛毒ドロップ"}, {"title": "破壊の統率", "description": "999ターンの間、敵の攻撃力が1.5倍になる"}, {"title": "バルフルの紅剣", "description": "37,200ダメージ（攻撃力1.5倍時55,800ダメージ）+ロック付き爆弾ドロップを4個生成する"}, {"title": "シユセスの翠剣", "description": "37,200ダメージ（攻撃力1.5倍時55,800ダメージ）+1ターンの間、盤面にルーレットを1個配置する"}]