[{"title": "グアンフーシェンフ", "description": "2〜6ターンの間、光属性ダメージを吸収する"}, {"title": "グアンシュウフ", "description": "24,545ダメージ+光ドロップをロックする"}, {"title": "フェンヌ", "description": "999ターンの間、攻撃力が1.5倍になる"}, {"title": "シャンディエン", "description": "2回合內，受到的所有傷害減少35%、39,272ダメージ"}, {"title": "ゴンジー", "description": "49,090ダメージ"}, {"title": "飛び跳ねている", "description": "何もしない"}]