[{"title": "", "description": "HP在上限80%或以上的話，受到致命傷害時，將會以1點HP生還"}, {"title": "", "description": "受到的光屬性傷害減少50%"}, {"title": "はぁ~あ、だる~", "description": "スキル使用までのターンを3ターン遅延する"}, {"title": "ボルサス出てきて~", "description": "左から34列目を光かお邪魔ドロップに変換する"}, {"title": "ボルサス~あとよろしく~", "description": "残HPの90％ダメージ"}, {"title": "ボルサスビリビリ", "description": "21,692ダメージ サブを1体行動不能にする"}, {"title": "トゥインクル☆ボルト", "description": "敵のHPを50％回復する"}]