[{"title": "", "description": "受到的暗屬性傷害減少50%"}, {"title": "", "description": "HP在上限50%或以上的話，受到致命傷害時，將會以1點HP生還"}, {"title": "解き放たれた絶凶", "description": "	全ドロップをロックする"}, {"title": "フルエナジーフィールド", "description": "999ターンの間、状態以上を無効化する"}, {"title": "エネルギーを溜めている", "description": "1ターンの間、攻撃力が9倍になる"}, {"title": "デスアヴォイダンス", "description": "敵のHPが全回復する"}, {"title": "ナムパルス", "description": "49,260ダメージ+9ターンの間、ランダムで1体を9ターンの間、行動不能にする"}, {"title": "ボイドバーン", "description": "12,315,000ダメージ+ドロップ15個を爆弾ドロップに変換する"}, {"title": "ナインシーク", "description": "4,926ダメージ+9ターンの間、8コンボ以下の攻撃を吸収する"}, {"title": "レイジングファイア", "description": "12,315ダメージダメージ+盤面を暗闇状態にする"}, {"title": "ドロップフラッシュ", "description": "	全ドロップをロックする"}, {"title": "ゼルヴァルン", "description": "29,556ダメージ+左上角、左下角、右上角、右下角のドロップを爆弾ドロップに変換する"}, {"title": "クルエルフレア", "description": "36,945ダメージ+左から2段目と5段目のドロップをお邪魔ドロップに変換する"}]