[{"title": "", "description": "HP在上限50%或以上的話，受到致命傷害時，將會以1點HP生還"}, 
{"title": "客人、焦らずゆるりと参られよ", "description": "味方のスキル使用までのターンを0〜2ターン遅延する"}, 
{"title": "転界・神変", "description": "25,245ダメージ+木、回復ドロップをロックする"}, 
{"title": "山神龍の聖護", "description": "999ターンの間、状態異常無効にする"}, 
{"title": "碧地浄域", "description": "18,934ダメージ+全てのドロップをお邪魔ドロップに変換する"}, 
{"title": "陰陽ノ勾玉", "description": "1ターンの間、受けるダメージを75%軽減する"}, 
{"title": "翠命の碧風", "description": "	44,178ダメージ+ランダムで木、回復ドロップを3個ずつ生成する"}, 
{"title": "転界・神変", "description": "25,245ダメージ+火、水、木、光、闇ドロップからランダムで6個をロックする"}, 
{"title": "碧地浄域", "description": "18,934ダメージ+全てのドロップをお邪魔ドロップに変換する"}, 
{"title": "陰陽ノ勾玉", "description": "1ターンの間、受けるダメージを75%軽減する"}, 
{"title": "碧地狂風", "description": "63,112ダメージ+全ドロップを木、お邪魔、毒ドロップに変換する"}, 
{"title": "山巓ノ神変", "description": "25,425ダメージ+ランダムで18個のドロップをロックする"}]