[{"title": "固有特性", "description": "受到的木屬性傷害減少50%"}, {"title": "隻眼の業火", "description": "41,334ダメージ＋右から縦1、2、3列目を火、お邪魔ドロップに変換する"}, {"title": "焔地走", "description": "1ターンの間、6コンボ以下のダメージを吸収する"}, {"title": "隔絶の焦鱗", "description": "4ターンの間、受けるダメージを75%減らす"}, {"title": "猛将の加護", "description": "10ターンの間、状態異常を無効化する"}, {"title": "隔絶の焦鱗", "description": "4ターンの間、受けるダメージを75%減らす"}, {"title": "賛火", "description": "5ターンの間、操作時間を1.5倍にする"}, {"title": "憤怒の形相", "description": "999ターンの間、敵の攻撃力が1.5倍になる "}, {"title": "隔絶の焦鱗", "description": "4ターンの間、受けるダメージを75%減らす"}, {"title": "烈閃焦", "description": "上から3段目横一列をお邪魔ドロップに変換する、38,381ダメージ"}, {"title": "烈火爪", "description": "回復ドロップを火ドロップに変換する、38,381ダメージ"}, {"title": "猛炎突進", "description": "残HP90%の割合ダメージ"}, {"title": "灼龍眼", "description": "盤面の全ドロップをロックする"}, {"title": "忠義の終炎", "description": "885,720ダメージ（2倍時1,328,580ダメージ）+全ドロップを火とお邪魔ドロップに変換する"}]