[{"title": "", "description": "受到的光屬性傷害減少50%"},
 {"title": "燦爛たる黄毛", "description": "回復、光ドロップをロックする"},
 {"title": "光脈", "description": "29,371ダメージ+盤面の全てのドロップをお邪魔ドロップに変換する"},
 {"title": "美煌雲", "description": "82,239ダメージ+お邪魔ドロップを回復ドロップに変換する"},
 {"title": "白麗の絹鱗", "description": "10ターンの間、受けるダメージを35%減らす"},
 {"title": "歌姫の加護", "description": "10ターンの間、状態異常を無効化する"},
 {"title": "憤怒の形相", "description": "999ターンの間、敵の攻撃力が1.5倍になる"},
 {"title": "白麗の帛鱗", "description": "4ターンの間、1,000,000以上のダメージを吸収する"},
 {"title": "鳴輪", "description": "38,182ダメージ（攻撃力1.5倍時57,273ダメージ）、2ターンの間、回復力を半減する"},
 {"title": "金華棘", "description": "32,308ダメージ、猛毒ドロップを3個生成する"},
 {"title": "煌霊窮牙", "description": "残HP90%の割合ダメージ"},
 {"title": "艶龍眼", "description": "スキル使用までのターンを5ターン遅らせる"},
 {"title": "妖麗の散輝", "description": "881,130ダメージ（攻撃力1.5倍時1,321,695ダメージ）、全ドロップを光/お邪魔ドロップに変換する"}]