[{"title": "ヘイアンフーシェンフ", "description": "2〜6ターンの間、闇属性ダメージを吸収する"}, {"title": "ヘイアンシュウフ", "description": "24,770ダメージ+闇ドロップをロックする"}, {"title": "フェンヌ", "description": "999ターンの間、攻撃力が1.5倍になる"}, {"title": "ヤオシュ", "description": "ランダム2色をお邪魔ドロップに変換する"}, {"title": "ゴンジー", "description": "49,540ダメージ"}, {"title": "飛び跳ねている", "description": "何もしない"}]