[{"title": "", "description": "受到的水屬性傷害減少50%"}, {"title": "風琳", "description": "1ターンの間、6コンボ以下のダメージを吸収する"}, {"title": "堅陣の旋鱗", "description": "4ターンの間、ダメージを75%軽減"}, {"title": "錦龍の加護", "description": "4ターンの間、光闇属性ダメージを吸収する"}, {"title": "堅陣の旋鱗", "description": "4ターンの間、ダメージを75%軽減"}, {"title": "深緑", "description": "99ターンの間、木ドロップが落ちやすくなる"}, {"title": "憤怒の形相", "description": "999ターンの間、攻撃力が1.5倍になる"}, {"title": "堅陣の旋鱗", "description": "4ターンの間、ダメージを75%軽減"}, {"title": "樹牙牢", "description": "34,987ダメージ（1.5倍時52,481ダメージ）+ランダム9個をロックする"}, {"title": "風縫葬", "description": "37,903ダメージ（1.5倍時56,855ダメージ）+回復ドロップを木ドロップに変換する"}, {"title": "流散疾風", "description": "残HPの90％ダメージ"}, {"title": "嵐龍眼", "description": "5ターンの間、操作時間を半減する"}, {"title": "猛勇の豪風", "description": "874,680ダメージ（1.5倍時1,312,020ダメージ）+盤面を木、お邪魔ドロップに変換する"}, {"title": "輪廻の唐草", "description": "3ターンの間、ランダム2個のドロップが1秒毎に変化（火→水→木→〜）する(実装ない)"}]