[{"title": "", "description": "受到的光屬性傷害減少50%"}, {"title": "", "description": "HP在上限75%或以上的話，受到致命傷害時，將會以1點HP生還"}, {"title": "シェルスケール", "description": "3ターンの間、ダメージを75％軽減する"}, {"title": "リサシテイション", "description": "敵のHPが100％回復する"}, {"title": "星海の岩鱗", "description": "999ターンの間、7コンボ以下のダメージを吸収する"}, {"title": "ミリアドカラミティ", "description": "213,900ダメージ盤面全てを毒ドロップに変換する"}, {"title": "エクストリームコールド", "description": "3ターンの間、操作時間を1秒間減少する"}, {"title": "フィンドライブ", "description": "残HP99％割合ダメージ"}, {"title": "バブルウォール", "description": "3ターンの間、5コンボ以下のダメージを吸収する"}, {"title": "サンジェイル", "description": "5ターンの間、ランダムで1体を行動不能にする 57,040ダメージ"}, {"title": "シェルスケール", "description": "3ターンの間、ダメージを75％軽減する"}, {"title": "ポイズンスワール", "description": "1ターンの間、猛毒ドロップが降りやすくなる"}, {"title": "サイクロン", "description": "49,910ダメージ（連続攻撃）"}, {"title": "フラッシュインダクション", "description": "ドロップの操作可能位置を固定する"}, {"title": "シャープトゥース", "description": "49,910ダメージ（連続攻撃）ドロップを8個ロックする"}, {"title": "ディープシー", "description": "3ターンの間、木/闇ダメージを吸収する"}, {"title": "ポイズンスワール", "description": "1ターンの間、猛毒ドロップが降りやすくなる"}, {"title": "サイクロン", "description": "49,910ダメージ（連続攻撃）"}, {"title": "フラッシュインダクション", "description": "ドロップの操作可能位置を固定する"}, {"title": "シャープトゥース", "description": "49,910ダメージ（連続攻撃）ドロップを8個ロックする"}]