[{"title": "", "description": "HP在上限50%或以上的話，受到致命傷害時，將會以1點HP生還"}, 
{"title": "どれ、儂が相手をしてやろうかの", "description": "味方のスキル使用までのターンを0〜2ターン遅延する"}, 
{"title": "転界・海神の呪詛", "description": "ランダムで3色をお邪魔ドロップに変換する"}, 
{"title": "海罰", "description": "邪魔ドロップ轉毒珠，並造成140%傷害 (44050)"}, 
{"title": "海神龍の聖護", "description": "999ターンの間、状態異常無効にする"}, 
{"title": "転界・神水の災恵", "description": "44,050ダメージ+ランダムで1色を回復ドロップに変換する"}, 
{"title": "藍海渦流", "description": "15,732ダメージ+全ドロップを火、水、木、光、闇、お邪魔ドロップに変換する"}, 
{"title": "海神龍の一撃", "description": "125,856ダメージ"}, 
{"title": "蒼命の静波", "description": "9,439ダメージ+お邪魔ドロップ以外からランダムで水、回復ドロップを3個ずつ生成する"}, 
{"title": "蒼塵の荒波", "description": "50,342ダメージ+回復ドロップ以外からランダムで水、お邪魔ドロップを3個ずつ生成"}]