[{"title": "ムーフーシェンフ", "description": "2〜6ターンの間、木属性ダメージを吸収する"}, {"title": "ムーシュウフ", "description": "24,665ダメージ+木ドロップをロックする"}, {"title": "フェンヌ", "description": "999ターンの間、攻撃力が1.5倍になる"}, {"title": "チェンフン", "description": "39,464ダメージ+ランダム1体を1ターンの間、行動不能にする"}, {"title": "ゴンジー", "description": "49,330ダメージ"}, {"title": "飛び跳ねている", "description": "何もしない"}]