[{"title": "", "description": "HP在上限80%或以上的話，受到致命傷害時，將會以1點HP生還"}, {"title": "", "description": "受到的火屬性傷害減少50%"}, {"title": "やほほ~ん", "description": "3ターンの間、操作時間を2秒感減少する"}, {"title": "おいで~アクリス", "description": "	左から34列目を水かお邪魔ドロップに変換する"}, {"title": "がんばれアクリス~", "description": "残HPの90％ダメージ"}, {"title": "アクリスグルグル", "description": "20,080ダメージ、ドロップを8個ロックする"}, {"title": "トゥインクル☆アクア", "description": "敵のHPを50％回復する"}]