[{"title": "", "description": "HP在上限80%或以上的話，受到致命傷害時，將會以1點HP生還"}, {"title": "", "description": "受到的木屬性傷害減少50%"}, {"title": "何者だ！？お前！", "description": "3ターンの間、5コンボ以下のダメージを吸収する"}, {"title": "いくぞ！フレイリー！", "description": "左から34列目を火かお邪魔ドロップに変換する"}, {"title": "やったれ！フレイリー！", "description": "残HPの90％ダメージ"}, {"title": "フレイリーガジガジ", "description": "28,000ダメージ（連続攻撃）"}, {"title": "トゥインクル☆フレア", "description": "敵のHPを50％回復する"}]