[{"title": "", "description": "受到的火屬性傷害減少50%"}, {"title": "深淵の流鱗", "description": "5ターンの間、ダメージを半減させる"}, {"title": "水面邪", "description": "盤面のドロップをランダムに11個お邪魔ドロップに変換する"}, {"title": "水兵の加護", "description": "10ターンの間、6コンボ以下のダメージを吸収する"}, {"title": "邪交苦", "description": "71,968ダメージ+お邪魔ドロップを毒ドロップに変換する"}, {"title": "憤怒の形相", "description": "999ターンの間、攻撃力が1.5倍になる"}, {"title": "深淵の流鱗", "description": "4ターンの間、ダメージを75%軽減"}, {"title": "流水轟", "description": "34,515ダメージ（1.5倍時51,816ダメージ）+2ターンのスキル遅延"}, {"title": "泡千華", "description": "37,423ダメージ（1.5倍時56,135ダメージ）+回復ドロップを水ドロップに変換する"}, {"title": "突水", "description": "残HPの90％ダメージ"}, {"title": "水宝龍眼", "description": "5ターンの間、覚醒スキルを無効にする"}, {"title": "鈴音の激流", "description": "863,610ダメージ（1.5倍時1,295,415ダメージ）+盤面を水、お邪魔ドロップに変換する"}]