[{"title": "ホォフーシェンフ", "description": "2〜6ターンの間、火ダメージを吸収する"}, {"title": "ホォシュウフ", "description": "24,890ダメージ+火ドロップをロックする"}, {"title": "フェンヌ", "description": "999ターンの間、攻撃力が1.5倍になる"}, {"title": "バオチャー", "description": "39,824ダメージ+ランダム1体を1ターンの間、行動不能にする"}, {"title": "ゴンジー", "description": "49,670ダメージ（攻撃力1.5倍時74,670ダメージ）"}, {"title": "飛び跳ねている", "description": "何もしない"}]