[{"title": "", "description": "受到的水屬性傷害減少50%"}, {"title": "油断してんなよ！！", "description": "53,000ダメージ+上から1/2/4/5段目を火/水/木/光/闇/回復に変換+上から3段目横1列を猛毒ドロップに変換する"}, {"title": "大江山の霊護", "description": "5ターンの間、状態異常を無効化する"}, {"title": "さぁさぁ、まだやれんのか？", "description": "99ターンの間、1000万以上ダメージを無効化する"}, {"title": "戦丸", "description": "敵のHPを15％回復する"}, {"title": "金剛無双連打", "description": "132,500ダメージ（連続攻撃）"}, {"title": "打ッ！打ッ！", "description": "31,800ダメージ（連続攻撃）"}, {"title": "打打打打ァッ！", "description": "34,452ダメージ（連続攻撃）"}, {"title": "眼鉄", "description": "	29,150ダメージ+1ターンの間、1〜4個を超暗闇状態にする"}, {"title": "行っくぜ~！！", "description": "次のターンの攻撃力が4.5倍になる（次ターン59,625ダメージ）"}, {"title": "打ッ！打ッ！", "description": "31,800ダメージ（連続攻撃）"}, {"title": "打打打打ァッ！", "description": "34,452ダメージ（連続攻撃）"}]