[{"title": "シュウェフーシェンフ", "description": "2〜6ターンの間、水ダメージを吸収する"}, {"title": "シュウェシュウフ", "description": "24,400ダメージ+水ドロップをロックする"}, {"title": "フェンヌ", "description": "999ターンの間、攻撃力が1.5倍になる"}, {"title": "シュアンウォ", "description": "39,104ダメージ+ランダム1体を1ターンの間、行動不能にする"}, {"title": "ゴンジー", "description": "48,880ダメージ（攻撃力1.5倍時73,320ダメージ）"}, {"title": "飛び跳ねている", "description": "何もしない"}]