[{"title": "", "description": "HP在上限80%或以上的話，受到致命傷害時，將會以1點HP生還"}, {"title": "", "description": "受到的水屬性傷害減少50%"}, {"title": "えぇ・・・戦わなきゃですか？", "description": "3ターンの間、スキルを封印する"}, {"title": "助けて・・・ウィルゴ", "description": "左から34列目を木かお邪魔ドロップに変換する"}, {"title": "ウィルゴ・・・いつもごめんね", "description": "残HPの90％ダメージ"}, {"title": "ウィルゴヒュンヒュン", "description": "17,040ダメージスキル使用までのターンを1ターン遅延する"}, {"title": "トゥインクル☆ウィンド", "description": "敵のHPを50％回復する"}]