[{"title": "", "description": "受到的光、暗屬性傷害減少50%"}, {"title": "嗚呼、あの日斬られたこの手が疼く…", "description": "5ターンの間、光・闇属性のダメージを吸収する"}, {"title": "貴様は私に何の用だ？", "description": "5ターンの間、状態異常を無効化する"}, {"title": "狂華砕骨", "description": "506,700ダメージ（連続攻撃）"}, {"title": "こざかしい", "description": "999ターンの間、敵の攻撃力を2倍にする（状態異常になった際に使用）"}, {"title": "私は鬼ぞ、なめるなよ", "description": "7ターンの間、味方の回復力を50%減少する"}, {"title": "鋼の鬼肌", "description": "7ターンの間、敵が受けるダメージを75%減少する"}, {"title": "いつまで踊っているつもりだ？", "description": "1ターンの間、覚醒スキルを無効化する"}, {"title": "散るがいい", "description": "709,380ダメージ（攻撃力2倍時1,418,760ダメージ）（連続攻撃）"}, {"title": "兜割り", "description": "27,362ダメージ（攻撃力2倍時129,872ダメージ）+スキル発動までのターンを0〜1ターン遅らせる"}, {"title": "前蹴り", "description": "27,362ダメージ（攻撃力2倍時129,872ダメージ）+ランダムでドロップ6個をロック状態にする"}, {"title": "殴る", "description": "30,402ダメージ（攻撃力2倍時144,300ダメージ）"}]