[{"title": "", "description": "受到的暗屬性傷害減少50%"},
 {"title": "黒煙の策略", "description": "1ターンの間、20個のドロップを超暗闇状態にする"},
 {"title": "爆計", "description": "ランダム6個を爆弾ドロップに変換+ロックする"},
 {"title": "闇転の鎧鱗", "description": "4ターンの間、ダメージを75%軽減する"},
 {"title": "宣王の加護", "description": "7ターンの間、ロック目覚め"},
 {"title": "闇転の鎧鱗", "description": "4ターンの間、ダメージを75%軽減する"},
 {"title": "運否天賦陰陽魚", "description": "7ターンの間、お邪魔と回復ドロップが振りやすくなる"},
 {"title": "憤怒の形相", "description": "999ターンの間、敵の攻撃力が1.5倍になる"},
 {"title": "闇転の鎧鱗", "description": "4ターンの間、ダメージを75%軽減する"},
 {"title": "覇壊", "description": "31,298ダメージ（攻撃力1.5倍時46,947ダメージ）+お邪魔ドロップを毒ドロップに変換する"},
 {"title": "覇壊", "description": "42,680ダメージ（攻撃力1.5倍時64,020ダメージ）+ランダム4個を毒ドロップに変換する"},
 {"title": "苦鈍牙", "description": "36,989ダメージ（攻撃力1.5倍時55,484ダメージ）+毒ドロップをお邪魔ドロップに変換する"},
 {"title": "苦鈍牙", "description": "36,989ダメージ（攻撃力1.5倍時55,484ダメージ）+回復ドロップをお邪魔ドロップに変換する"},
 {"title": "黒錬弓", "description": "28,453ダメージ（攻撃力1.5倍時42,680ダメージ）+お邪魔ドロップをロックする（盤面にお邪魔がある場合に使用）"},
 {"title": "黒錬弓", "description": "残HPの90％ダメージ"},
 {"title": "極龍眼", "description": "盤面をお邪魔ドロップに変換する"},
 {"title": "暗燈の殃禍", "description": "853,590ダメージ（攻撃量1.5倍時1,280,385ダメージ）+盤面を闇とお邪魔ドロップに変換"}]