[{"title": "", "description": "HP在上限90%或以上的話，受到致命傷害時，將會以1點HP生還"}, 
{"title": "神王妃の刻印", "description": "隨機1隻モンスターを3ターンの間、行動不能にする136,440ダメージ"}, 
{"title": "神王妃の吐息", "description": "	神タイプモンスターを5ターンの間、行動不能にする"}, 
{"title": "ブラックナイトメア", "description": "30,699ダメージ+光ドロップをお邪魔ドロップに変換する"}, 
{"title": "ギガグラビティ", "description": "残HPの99%ダメージ"}, 
{"title": "ギガグラビトンボム", "description": "170,550ダメージ"}]