[{"title": "いっしょに あーそぼ！", "description": "6回合內，覺醒技能無效化"},
{"title": "パズルで勝負だよっ！", "description": "6回合內，無法發動任何主動技能"},
{"title": "前より難しいから覚悟してね！", "description": "所有寶珠變為火水木光暗心珠"},
{"title": "ブッブー！　はいダメー！！", "description": "邪魔珠轉水珠，並造成90000%傷害 (9999900)"},
{"title": "おじゃまドロップ けせるかな~？", "description": "上方起第1,5橫行轉水心邪魔珠、第3橫行轉邪魔珠"},
{"title": "どんどんいくよ~！", "description": "左方起第1,4,6直行轉水心邪魔珠、第3直行轉邪魔珠"},
{"title": "むむっ！　やるな~", "description": "隨機生成邪魔寶珠13粒"},
{"title": "でも これは…", "description": "1回合內，隨機30粒寶珠變成超暗闇狀態"},
{"title": "けせるかなっ！？", "description": "隨機生成邪魔寶珠16粒"},
{"title": "キミ　すごいねっ！", "description": "1回合內，寶珠移動時間減少2秒"},
{"title": "これでさいごだよっ！", "description": "隨機生成邪魔寶珠4粒"},
{"title": "えいっ！", "description": "將寶珠起手的位置固定於第6直行第1顆（未實裝）"},
{"title": "たのしかったよ！　まったね~♪", "description": "自滅"}]