[{"title": "", "description": "受到的火、水屬性傷害減少50%"},
{"title": "第三の目", "description": "當前所有技能的冷卻時間增加 2~5 回合"},
{"title": "破壊神の天力", "description": "99回合內，將 5COMBO 或以下時所造成的傷害全部吸收"},
{"title": "ダムルー", "description": "造成玩家目前HP99%的傷害"},
{"title": "ニーラカンタ", "description": "毒珠轉心珠，並造成200%傷害 (45550)"},
{"title": "トリシューラ", "description": "左方起第2直行轉火珠、右方起第1,3直行轉火珠，並造成100%傷害 (22775)"},
{"title": "ピナーカ", "description": "連擊3次，造成120%傷害 (27330)"},
{"title": "ハラーハラ", "description": "隨機7粒寶珠轉毒珠，並造成50%傷害 (11388)"},
{"title": "マハーカーラ", "description": "隱藏全畫面的寶珠，並造成75%傷害 (17081)"},
{"title": "ダムルー", "description": "造成玩家目前HP75%的傷害"},
{"title": "爆滅の三眼", "description": "所有寶珠變為火珠，並造成300%傷害 (68325)"}]