[{"title": "女神の舞踏", "description": "999回合內異常狀態（如毒、威嚇、破防）無效化"}, 
{"title": "チャクラを解放した", "description": "2回合內，受到的所有傷害減少75%"}, 
{"title": "ムーラーダーラ", "description": "連擊6次，造成1200%傷害 (263160)"}, 
{"title": "黒の時", "description": "999回合內，單一傷害值在 10,000,000 點以上的傷害無效化"}, 
{"title": "スワーディシュターナ", "description": "連擊2次，造成180%傷害 (39474)"}, 
{"title": "マニプーラ", "description": "封鎖隨機1隻寵物2回合"}, 
{"title": "アナーハタ", "description": "隱藏全畫面的寶珠"}, 
{"title": "ヴィシュッダ", "description": "隨機3粒寶珠轉毒珠"}, 
{"title": "アージュナー", "description": "造成玩家目前HP99%的傷害"}, 
{"title": "カーラ・マー", "description": "10回合內，無法發動任何主動技能，並造成150%傷害 (32895)"}, 
{"title": "サハスラーラ", "description": "重擊，造成1500%傷害 (328950)"}]