[{"title": "ヒエログリフの創造", "description": "當前所有技能的冷卻時間增加 5 回合"}, 
{"title": "夜刻の守護者", "description": "隨機1種寶珠轉邪魔珠，並造成50%傷害 (16564)"}, 
{"title": "イシェドの葉", "description": "隨機4粒寶珠轉毒珠，並造成50%傷害 (16564)"}, 
{"title": "時の支配", "description": "封鎖隨機1隻隊員寵物4回合，並造成50%傷害 (16564)"}, 
{"title": "創世の裁き", "description": "連擊4次，造成200%傷害 (66256)"}]