[{"title": "", "description": "HP在上限90%或以上的話，受到致命傷害時，將會以1點HP生還"}, 
{"title": "澪王妃の世界", "description": "5回合內，無法發動任何主動技能"}, 
{"title": "アイスコフィン", "description": "封鎖隨機5隻寵物1~3回合，並造成25%傷害 (12503)"}, 
{"title": "ブルーブリザード", "description": "隨機1種寶珠轉水珠，並造成100%傷害 (50010)"}, 
{"title": "フリーズブラスト", "description": "封鎖隨機1隻寵物2~4回合，並造成85%傷害 (42509)"}, 
{"title": "ブルーブリザード", "description": "隨機1種寶珠轉水珠，並造成100%傷害 (50010)"}, 
{"title": "アブソリュートゼロ・バースト", "description": "造成玩家目前HP500%的傷害"}, 
{"title": "フリーズブラスト", "description": "封鎖隨機1隻寵物2~4回合，並造成85%傷害 (42509)"}, 
{"title": "ブルーブリザード", "description": "隨機1種寶珠轉水珠，並造成100%傷害 (50010)"}]