[{"title": "", "description": "受到的暗屬性傷害減少50%"}, {"title": "神の力により行動ターンが変化した", "description": "HP70%或以下時，敵人的攻擊間隔由 2 變成 1"}, {"title": "神聖の白翼", "description": "10回合內，回復力變成原來的50%"}, {"title": "天上の試練", "description": "999回合內，將 5COMBO 或以下時所造成的傷害全部吸收"}, {"title": "あなたにはまだ早かったようね", "description": "重擊，造成1000%傷害 (202300)"}, {"title": "メーテリオン・ケッシュ", "description": "連擊10次，造成30000%傷害 (6069000)"}, {"title": "神格の王座", "description": "999回合內攻擊力提升至150%"}, {"title": "プリディクション", "description": "3回合內，覺醒技能無效化"}, {"title": "神命の筆跡", "description": "1回合內，隨機一直行出現遮擋寶珠的雲，並造成200%傷害 (40460→60690)"}, {"title": "神命の筆跡", "description": "1回合內，隨機一橫行出現遮擋寶珠的雲，並造成200%傷害 (40460→60690)"}]