[{"title": "", "description": "受到的光屬性傷害減少50%"}, {"title": "神の力により行動ターンが変化した", "description": "HP70%或以下時，敵人的攻擊間隔由 2 變成 1"}, {"title": "神罰の黒翼", "description": "將所有寶珠鎖定"}, {"title": "天上の試練", "description": "999回合內，將 4COMBO 或以下時所造成的傷害全部吸收"}, {"title": "残念だ、期待していたんだがね", "description": "重擊，造成1000%傷害 (216100)"}, {"title": "エルダージ・ボルトロ", "description": "連擊10次，造成30000%傷害 (6483000)"}, {"title": "神格の王座", "description": "999回合內攻擊力提升至150%"}, {"title": "サーベイランス", "description": "將所有寶珠鎖定"}, {"title": "断罪の神剣", "description": "1回合內，左方起第1直行的寶珠變成超暗闇狀態，並造成200%傷害 (43220→64830)"}, {"title": "断罪の神剣", "description": "1回合內，左方起第2直行的寶珠變成超暗闇狀態，並造成200%傷害 (43220→64830)"}, {"title": "断罪の神剣", "description": "1回合內，左方起第3直行的寶珠變成超暗闇狀態，並造成200%傷害 (43220→64830)"}, {"title": "断罪の神剣", "description": "1回合內，右方起第3直行的寶珠變成超暗闇狀態，並造成200%傷害 (43220→64830)"}, {"title": "断罪の神剣", "description": "1回合內，右方起第2直行的寶珠變成超暗闇狀態，並造成200%傷害 (43220→64830)"}, {"title": "断罪の神剣", "description": "1回合內，右方起第1直行的寶珠變成超暗闇狀態，並造成200%傷害 (43220→64830)"}, {"title": "断罪の神剣", "description": "1回合內，最上方1橫行的寶珠變成超暗闇狀態，並造成200%傷害 (43220→64830)"}, {"title": "断罪の神剣", "description": "1回合內，上方起第2橫行的寶珠變成超暗闇狀態，並造成200%傷害 (43220→64830)"}, {"title": "断罪の神剣", "description": "1回合內，上方起第3橫行的寶珠變成超暗闇狀態，並造成200%傷害 (43220→64830)"}, {"title": "断罪の神剣", "description": "1回合內，下方起第2橫行的寶珠變成超暗闇狀態，並造成200%傷害 (43220→64830)"}, {"title": "断罪の神剣", "description": "1回合內，最下方1橫行的寶珠變成超暗闇狀態，並造成200%傷害 (43220→64830)"}]