[{"title": "オーパーツエフェクト", "description": "999回合內異常狀態（如毒、威嚇、破防）無效化"}, 
{"title": "超古代の英知", "description": "6回合內，覺醒技能無效化，並造成100%傷害 (22740)"}, 
{"title": "ロストテクノロジー", "description": "5回合內，寶珠移動時間減少2秒"}, 
{"title": "ギア・テンペスト", "description": "連擊3次，造成300%傷害 (68220)"}, 
{"title": "キャトルミューティレーション", "description": "隱藏全畫面的寶珠，並造成200%傷害 (45480)"}, 
{"title": "フルエレメント", "description": "隨機轉換自身的屬性"}, 
{"title": "トリリトンの重圧", "description": "造成玩家目前HP99%的傷害"}, 
{"title": "強奪の地上絵・モンキー", "description": "隨機1種寶珠轉邪魔珠，並造成80%傷害 (18192)"}, 
{"title": "クリスタルファング", "description": "連擊2次，造成120%傷害 (27288)"}, 
{"title": "プレアデスの殲光", "description": "連擊7次，造成140%傷害 (31836)"}]