[{"title": "", "description": "受到的木、光屬性傷害減少50%"}, 
{"title": "ゴッドドラゴンズフィールド", "description": "999回合內異常狀態（如毒、威嚇、破防）無效化"}, 
{"title": "ゴッドパルス", "description": "將所有寶珠鎖定"}, 
{"title": "スーパーハダルミサイル", "description": "隨機1種寶珠轉邪魔珠，並造成125%傷害 (37645)"}, 
{"title": "ライトニングレグルスクロー", "description": "連擊5次，造成175%傷害 (52705)"}, 
{"title": "カノープストルネードカッター", "description": "封鎖隨機1隻隊員寵物2~3回合，並造成100%傷害 (30116)"}, 
{"title": "ベテルギウスボム", "description": "隨機1種寶珠轉火珠，並造成150%傷害 (45174)"}, 
{"title": "アルデバランクラッシャー", "description": "造成玩家目前HP99%的傷害"}, 
{"title": "ゴッドモード起動！！", "description": "999回合內攻擊力提升至200%"}, 
{"title": "ファイナルゴッドカノン", "description": "重擊，造成200%傷害 (60232→120464)"}]