[{"title": "", "description": "HP在上限1%或以上的話，受到致命傷害時，將會以1點HP生還"},
{"title": "これより先は危険です", "description": "99回合內，將單一傷害值在 300,000 點以上的傷害吸收"},
{"title": "金色神の嘆息", "description": "隨機將15粒心邪魔珠以外的寶珠變成邪魔珠"},
{"title": "愚かな…", "description": "自滅"},
{"title": "心癒の山風", "description": "最上方及最下方橫行轉心珠、下方第3橫行木珠，並造成100%傷害 (21007)"},
{"title": "トリシューラ", "description": "左方起第1,3直行轉火珠、右方起第2直行轉火珠，並造成100%傷害 (21007)"},
{"title": "タイガーラッシュ", "description": "連擊3~4次，每次造成30%傷害 (18906~25208)"},
{"title": "ヒマラヤの怒り", "description": "上方起第1橫行轉邪魔珠，並造成200%傷害 (42014)"}]