[{"title": "", "description": "HP在上限90%或以上的話，受到致命傷害時，將會以1點HP生還"}, 
{"title": "情熱☆ヘラチューン", "description": "99回合內，火邪魔珠的掉落機率提升10%"}, 
{"title": "ダブリット☆☆ミラー", "description": "999回合內，將 7COMBO 或以下時所造成的傷害全部吸收"}, 
{"title": "スイートデビル♪", "description": "水珠轉邪魔珠，並造成100%傷害 (50260)"}, 
{"title": "ハートフルアロー", "description": "隨機1種寶珠轉火珠，並造成100%傷害 (50260)"}, 
{"title": "ウルズ↑↑フィーバー☆", "description": "連擊3次，造成150%傷害 (75390)"}, 
{"title": "スイートデビル♪", "description": "水珠轉邪魔珠，並造成100%傷害 (50260)"}, 
{"title": "ハートフルアロー", "description": "隨機1種寶珠轉火珠，並造成100%傷害 (50260)"}]