[{"title": "", "description": ""},{"title": "忍法・霞空錬障気壁", "description": "5回合內，將受到的火、暗屬性傷害轉換成自己的生命值"}, {"title": "忍法・霞空錬障気壁", "description": "5回合內，將受到的水、暗屬性傷害轉換成自己的生命值"}, {"title": "忍法・霞空錬障気壁", "description": "5回合內，將受到的木、暗屬性傷害轉換成自己的生命值"}, {"title": "忍法・霞空錬障気壁", "description": "5回合內，將受到的光、暗屬性傷害轉換成自己的生命值"}, {"title": "冷艶清美の術", "description": "封鎖隨機3隻隊員寵物2~3回合，並造成80%傷害 (23594)"}]