[{"title": "", "description": "HP在上限50%或以上的話，受到致命傷害時，將會以1點HP生還"}, {"title": "黄泉の鼓動", "description": "當前所有技能的冷卻時間增加 0~7 回合"}, {"title": "恨みの咆哮", "description": "當前所有技能的冷卻時間增加 99 回合"}, {"title": "呪いの蛇神眼", "description": "封鎖全部寵物2回合"}, {"title": "狂獄の神火", "description": "隨機生成暗火寶珠各4粒，並造成100%傷害 (20032)"}, {"title": "狂苛焔獄弾", "description": "火轉邪魔珠，並造成75%傷害 (15024)"}, {"title": "蛇神の毒牙", "description": "暗轉毒珠，並造成50%傷害 (10016)"}, {"title": "蛇王滅殺獄龍破", "description": "連擊4次，造成4000%傷害 (801280)"}]