[{"title": "メジェリュージョン", "description": "3回合內，隨機將1個隊員換成隊長"}, 
{"title": "メジェキック", "description": "將隨機8粒寶珠鎖定"}, 
{"title": "うつろわざる霊魂", "description": "99回合內，將 4COMBO 或以下時所造成的傷害全部吸收"}, 
{"title": "不可視の一瞥", "description": "心珠轉邪魔珠，並造成25%傷害 (8635)"}, 
{"title": "メジェビーム", "description": "隨機1種寶珠轉暗珠，並造成100%傷害 (34541)"}, 
{"title": "メジェビーム", "description": "造成玩家目前HP99%的傷害"}, 
{"title": "メジェビーム", "description": "隱藏全畫面的寶珠，並造成75%傷害 (25906)"}, 
{"title": "メジェリュージョン", "description": "3回合內，隨機將1個隊員換成隊長"}, 
{"title": "メジェ・ド・エンド", "description": "連擊3次，造成240%傷害 (82899)"}]