[{"title": "ゴシックローズ", "description": "999回合內異常狀態（如毒、威嚇、破防）無效化"}, 
{"title": "トランスルーセントコールド", "description": "99回合內，將單一傷害值在 4,000,000 點以上的傷害吸收"}, 
{"title": "フローズンペイン", "description": "所有寶珠變為水毒珠，並造成300%傷害 (60390)"}, 
{"title": "サイオブサッドネス", "description": "當前所有技能的冷卻時間增加 0~2 回合"}, 
{"title": "グラスリーフ", "description": "將木珠鎖定，並造成120%傷害 (24156)"}, 
{"title": "アイスアンドローゼズ", "description": "左方起第1直行水珠、第2直行木珠、第3直行毒珠，並造成80%傷害 (16104)"}]