[{"title": "", "description": "受到的火、暗屬性傷害減少50%"}, 
{"title": "バリアフィールド", "description": "999回合內異常狀態（如毒、威嚇、破防）無效化"}, 
{"title": "デモンサイクロン", "description": "4回合內，回復力變成原來的50%"}, 
{"title": "ジェノサイドミサイル・零式", "description": "隨機6粒寶珠轉毒珠，並造成100%傷害 (27004)"}, 
{"title": "皇爪連牙・改", "description": "連擊6~7次，每次造成25%傷害 (40506~47257)"}, 
{"title": "ダークサイクロンブラスト", "description": "隱藏全畫面的寶珠，並造成125%傷害 (33755)"}, 
{"title": "ハイメギドキャノン", "description": "連擊2次，造成200%傷害 (54008)"}, 
{"title": "フリーズクラッシャー", "description": "封鎖所有隊員寵物2回合，並造成75%傷害 (20253)"}, 
{"title": "リミッター解除", "description": "甚麼都不做"}, 
{"title": "アルティメット・ストリーム", "description": "連擊3次，造成900%傷害 (243036)"}]