[{"title": "大鯨の波飛沫", "description": "當前所有技能的冷卻時間增加 5 回合"}, {"title": "トゥインクルエコー", "description": "20回合內，將 6COMBO 或以下時所造成的傷害全部吸收"}, {"title": "ハイドロカノン", "description": "左方起第3,4直行轉水珠，並造成750%傷害 (151950)"}, {"title": "ブリーチング", "description": "先儲力一回合，下一回合造成250%傷害 (50650)"}, {"title": "鯨呑", "description": "造成玩家目前HP99%的傷害"}, {"title": "テンペスト", "description": "連擊3次，造成150%傷害 (30390)"}, {"title": "まるのみっ！", "description": "隱藏全畫面的寶珠，並造成130%傷害 (26338)"}, {"title": "ダズラースプラッシュ", "description": "1回合內，寶珠移動時間變成原來的50%，並造成140%傷害 (28364)"}, {"title": "テールスラップ", "description": "隨機將3粒心珠轉水珠，並造成130%傷害 (26338)"}]