[{"title": "", "description": "受到的木屬性傷害減少50%"}, {"title": "セブンミラージュ", "description": "7回合內異常狀態（如毒、威嚇、破防）無效化"}, {"title": "ミューカススキン", "description": "7回合內，受到的所有傷害減少75%"}, {"title": "ポイズンクロウ", "description": "隨機4粒寶珠轉毒珠，並造成70%傷害 (34461)"}, {"title": "パラライズバイン", "description": "封鎖隨機1隻隊員寵物7回合"}, {"title": "デッドポイズンレイヴ", "description": "隨機14粒寶珠轉毒珠，並造成140%傷害 (68922)"}, {"title": "ヘルブルーム", "description": "毒珠轉邪魔珠，並造成210%傷害 (103383)"}, {"title": "テンポラルステルス", "description": "1回合內，單一傷害值在 100,000 點以上的傷害無效化"}, {"title": "ヘルポイズンクロウ", "description": "隨機7粒寶珠轉毒珠，並造成70%傷害 (34461)"}, {"title": "アージェンシーミミック", "description": "隨機轉換自身的屬性"}, {"title": "ヴェノムクロウ", "description": "隨機4粒寶珠轉猛毒珠，並造成70%傷害 (34461)"}, {"title": "パラライズバイン", "description": "封鎖隨機1隻隊員寵物7回合"}, {"title": "ヘルヴェノムクロウ", "description": "隨機5粒寶珠轉猛毒珠，並造成70%傷害 (34461)"}, {"title": "テンポラルステルス", "description": "1回合內，單一傷害值在 100,000 點以上的傷害無效化"}, {"title": "ポイズンレイヴ", "description": "隨機4粒寶珠轉毒珠，並造成140%傷害 (68922)"}, {"title": "アージェンシーミミック", "description": "隨機轉換自身的屬性"}, {"title": "ヘルポイズンレイヴ", "description": "隨機7粒寶珠轉毒珠，並造成140%傷害 (68922)"}, {"title": "エナジーミミック", "description": "隨機將自身的屬性轉換成火、水或木"}, {"title": "ストームレイヴ", "description": "連擊7次，造成105%傷害 (51695)"}, {"title": "エナジーミミック", "description": "隨機將自身的屬性轉換成火、水或木"}, {"title": "バインリングス", "description": "造成玩家目前HP77%的傷害"}, {"title": "エナジーミミック", "description": "隨機將自身的屬性轉換成火、水或木"}, {"title": "セブンガーデン", "description": "所有寶珠變為火水木光暗心毒，並造成70%傷害 (34461)"}, {"title": "エナジーミミック", "description": "隨機將自身的屬性轉換成火、水或木"}, {"title": "ポイズンブロウ", "description": "隨機5粒寶珠轉毒珠，並造成70%傷害 (34461)"}, {"title": "ドレインネイル", "description": "回復7%HP，並造成70%傷害 (34461)"}, {"title": "ヴェノムブロウ", "description": "隨機3粒寶珠轉猛毒珠，並造成70%傷害 (34461)"}, {"title": "クロットネイル", "description": "將隨機7粒寶珠鎖定，並造成70%傷害 (34461)"}]