[{"title": "", "description": "受到的火、暗屬性傷害減少50%"}, {"title": "", "description": "HP在上限88%或以上的話，受到致命傷害時，將會以1點HP生還"}, {"title": "黄泉の加護", "description": "10回合內異常狀態（如毒、威嚇、破防）無效化"}, {"title": "黄泉の羽衣", "description": "3回合內，受到的所有傷害減少50%"}, {"title": "怨みの嗤笑", "description": "10回合內，寶珠移動時間變成原來的50%"}, {"title": "執念の灯火", "description": "回復4%HP [HP1%↓才發動]"}, {"title": "八雷守護", "description": "999回合內，將 7COMBO 或以下時所造成的傷害全部吸收"}, {"title": "忌避の境域", "description": "4回合內，最下方一橫行寶珠變成超暗闇狀態"}, {"title": "死ノ理", "description": "999回合內攻擊力提升至400%"}, {"title": "神滅の業火", "description": "連擊5次，造成150%傷害 (36040→144160)"}, {"title": "怨みの嗤笑", "description": "10回合內，寶珠移動時間變成原來的50%"}, {"title": "腐朽への誘い", "description": "隨機11粒寶珠轉毒珠"}, {"title": "常世の呪", "description": "將所有寶珠鎖定"}, {"title": "怨みの嗤笑", "description": "10回合內，寶珠移動時間變成原來的50%"}, {"title": "悲嘆の慟哭", "description": "心珠轉邪魔珠，並造成100%傷害 (24027→96108)"}, {"title": "神滅の業火", "description": "連擊5次，造成150%傷害 (36040→144160)"}, {"title": "怨みの嗤笑", "description": "10回合內，寶珠移動時間變成原來的50%"}, {"title": "黄泉の羽衣", "description": "3回合內，受到的所有傷害減少50%"}, {"title": "命滅の抱き", "description": "造成玩家目前HP100%的傷害"}]