[{"title": "冥龍騎士の魂", "description": "4回合內，將受到的暗屬性傷害轉換成自己的生命值"}, {"title": "冥龍の鎌", "description": "左方起第5直行轉暗珠，並造成150%傷害 (47495)"}, {"title": "カオスプロミネンス", "description": "連擊8次，造成800%傷害 (253304)"}, {"title": "アビスケージ", "description": "封鎖暗屬性寵物5~10回合"}, {"title": "ソウルスプリット", "description": "重擊，造成200%傷害 (63326) "}, {"title": "イロージョン", "description": "隨機1種寶珠轉暗珠，並造成80%傷害 (25330)"}]