[{"title": "", "description": "受到的水屬性傷害減少50%"}, 
{"title": "", "description": "HP在上限30%或以上的話，受到致命傷害時，將會以1點HP生還"}, 
{"title": "剛氷の鎧", "description": "999回合內異常狀態（如毒、威嚇、破防）無效化"}, 
{"title": "フリージングゾーン", "description": "回復50%HP，並造成80%傷害 (38376)"}, 
{"title": "ハイプレスクロー", "description": "造成玩家目前HP99%的傷害"}, 
{"title": "アイスエッジハンマー", "description": "重擊，造成120%傷害 (57564)"}, 
{"title": "デストラクションブリザード", "description": "連擊2次，造成140%傷害 (67158)"}, 
{"title": "暴れ狂う", "description": "所有寶珠變為水心邪魔珠，並造成100%傷害 (47970)"}, 
{"title": "憤怒の眼光", "description": "將邪魔珠鎖定"}, 
{"title": "アビステンペスト", "description": "連擊5次，造成500%傷害 (239850)"}]