[{"title": "", "description": "受到的水、光屬性傷害減少50%"}, {"title": "万象の加護", "description": "10回合內異常狀態（如毒、威嚇、破防）無效化"}, {"title": "慈愛の擁護", "description": "1回合內，受到的所有傷害減少75%"}, {"title": "幼龍神の縛炎", "description": "封鎖全部寵物1~3回合"}, {"title": "儚き夢想", "description": "隨機3種寶珠轉邪魔珠"}, {"title": "太平の願い", "description": "10回合內，無法發動任何主動技能"}, {"title": "慈愛の擁護", "description": "1回合內，受到的所有傷害減少75%"}, {"title": "安眠の抱き", "description": "1回合內，覺醒技能無效化"}, {"title": "太平の願い", "description": "10回合內，無法發動任何主動技能"}, {"title": "現世の祓", "description": "將所有寶珠鎖定"}, {"title": "森羅万象", "description": "連擊5次，造成500%傷害 (115185)"}, {"title": "清めの超神効", "description": "邪魔珠轉心珠，並造成360%傷害 (82933)"}, {"title": "創世の漣", "description": "隨機1種寶珠轉邪魔珠，並造成100%傷害 (23037)"}, {"title": "幼龍神の爆陣", "description": "指定位置的寶珠變成炸彈珠"}, {"title": "慈愛の擁護", "description": "1回合內，受到的所有傷害減少75%"}, {"title": "創世の漣", "description": "隨機1種寶珠轉邪魔珠，並造成100%傷害 (23037)"}, {"title": "幼龍神の波動", "description": "當前所有技能的冷卻時間增加 0~4 回合"}]