[{"title": "", "description": "HP在上限90%或以上的話，受到致命傷害時，將會以1點HP生還"}, 
{"title": "煌王妃のささやき", "description": "7回合內，覺醒技能無效化"}, 
{"title": "神々の守り", "description": "999回合內異常狀態（如毒、威嚇、破防）無效化"}, 
{"title": "ボルトアロー", "description": "封鎖隨機1隻隊員寵物10回合，並造成400%傷害 (42440)"}, 
{"title": "ボルトアロー", "description": "封鎖隊長及戰友寵物10回合，並造成400%傷害 (42440)"}, 
{"title": "シャインブラスト", "description": "暗珠轉光珠，並造成280%傷害 (29708)"}, 
{"title": "レストパルス", "description": "1回合內，寶珠移動時間減少1秒，並造成280%傷害 (29708)"}, 
{"title": "シャインウェーブ", "description": "連擊2次，造成300%傷害 (31830)"}, 
{"title": "煌王妃の試練", "description": "8回合內，將 8COMBO 或以下時所造成的傷害全部吸收"}, 
{"title": "煌鎖", "description": "將寶珠起手的位置隨機固定(未實裝)，並造成300%傷害 (31830)"}, 
{"title": "ごめんなさいね", "description": "造成玩家目前HP99%的傷害"}, 
{"title": "煌王妃の裁き", "description": "連擊5次，造成15000%傷害 (1591500)"}]