[{"title": "", "description": "HP在上限76%或以上的話，受到致命傷害時，將會以1點HP生還"}, {"title": "鳳凰騎士の魂", "description": "99回合內，將 4COMBO 或以下時所造成的傷害全部吸收"}, {"title": "鳳凰の鎧", "description": "999回合內，單一傷害值在 5,000,000 點以上的傷害無效化"}, {"title": "絶炎", "description": "3回合內，覺醒技能無效化"}, {"title": "バーンアウト", "description": "造成玩家目前HP300%的傷害"}, {"title": "炎舞斬", "description": "連擊3次，造成150%傷害 (50364)"}, {"title": "火喰羅", "description": "回復10%HP"}, {"title": "スコールド", "description": "造成玩家目前HP99%的傷害"}, {"title": "ハイテンペラチュア", "description": "3回合內，受到的所有傷害減少75%"}, {"title": "アカンパニアッシュフレア", "description": "隨機將5粒火邪魔珠以外的寶珠變成邪魔珠，並造成50%傷害"}]