[{"title": "天空騎士の魂", "description": "999回合內異常狀態（如毒、威嚇、破防）無效化"}, 
{"title": "天空の翼", "description": "5回合內，光珠心珠的掉落機率提升25%"}, 
{"title": "聖裁", "description": "造成玩家目前HP60%的傷害"}, 
{"title": "セイントポイズン", "description": "隨機1粒寶珠轉猛毒珠，並造成40%傷害 (11678)"}, 
{"title": "シャインレールガン", "description": "猛毒珠轉光珠，並造成5000%傷害 (1459700)"}, 
{"title": "天界の慈悲", "description": "回復玩家100%HP"}]