[{"title": "女神の舞踏", "description": "999回合內異常狀態（如毒、威嚇、破防）無效化"}, {"title": "チャクラを解放した", "description": "2回合內，受到的所有傷害減少75%"}, {"title": "マハースッカ・カマラ", "description": "連擊6次，造成1200%傷害 (268920)"}, {"title": "黒の時", "description": "999回合內，單一傷害值在 10,000,000 點以上的傷害無效化"}, {"title": "ニルマーナ・カーヤ", "description": "隱藏全畫面的寶珠，並造成90%傷害 (20169)"}, {"title": "ダルマ・カーヤ", "description": "所有寶珠變為火水木光暗心珠，並造成90%傷害 (20169)"}, {"title": "サンボガ・カーヤ", "description": "當前所有技能的冷卻時間增加 0~1 回合，並造成90%傷害 (20169)"}, {"title": "カーラ・マー", "description": "10回合內，無法發動任何主動技能，並造成150%傷害 (33615)"}, {"title": "ウシュニーシャ・カマラ", "description": "重擊，造成1500%傷害 (336150)"}]