[{"title": "", "description": "受到的火屬性傷害減少50%"}, 
{"title": "フレイムボディ", "description": "5回合內異常狀態（如毒、威嚇、破防）無效化"}, 
{"title": "クロスドロゥブレス", "description": "重擊，造成200%傷害 (77700)"}, 
{"title": "ブレイズオーラ", "description": "5回合內，將 5COMBO 或以下時所造成的傷害全部吸收"}, 
{"title": "トリプルブレス", "description": "連擊3次，造成120%傷害 (46620)"}, 
{"title": "ファイヤーアーマー", "description": "5回合內，單一傷害值在 5,000,000 點以上的傷害無效化"}, 
{"title": "ファニングブレス", "description": "連擊6次，造成120%傷害 (46620)"}, 
{"title": "インフェルノブレット", "description": "封鎖隨機5隻寵物5回合，並造成150%傷害 (58275)"}, 
{"title": "バーストエンド", "description": "連擊5次，造成5000%傷害 (1942500)"}]