[{"title": "", "description": "受到的火、木屬性傷害減少50%"}, {"title": "", "description": "HP在上限50%或以上的話，受到致命傷害時，將會以1點HP生還"}, {"title": "アンチフィールド", "description": "5回合內，將受到的火、木屬性傷害轉換成自己的生命值"}, {"title": "百剣装", "description": "999回合內異常狀態（如毒、威嚇、破防）無效化"}, {"title": "天駆ける百列の竜剣", "description": "左方起第1,3,5直行轉火珠、第2,4,6直行轉木珠，並造成750%傷害 (166575)"}, {"title": "パラード", "description": "3回合內，受到的所有傷害減少75%"}, {"title": "パラード", "description": "3回合內，受到的所有傷害減少50%"}, {"title": "フレッシュ", "description": "造成玩家目前HP99%的傷害"}, {"title": "シャドウレイピア", "description": "3回合內，左方起第2直行的寶珠變成超暗闇狀態"}, {"title": "骨砕き", "description": "當前所有技能的冷卻時間增加 1 回合，並造成150%傷害 (33315)"}, {"title": "阿修羅斬り", "description": "連擊5次，造成175%傷害"}]