[{"title": "魔狼騎士の魂", "description": "5回合內，無法發動任何主動技能"}, {"title": "魔狼の斧", "description": "5回合內，寶珠移動時間減少3秒"}, {"title": "瞬撃", "description": "重擊，造成50%傷害 (16470)"}, {"title": "重撃", "description": "連擊2次，造成100%傷害 (32940)"}, {"title": "轟撃", "description": "連擊3次，造成150%傷害 (49410)"}, {"title": "刻撃", "description": "連擊4次，造成200%傷害 (65880)"}, {"title": "滅撃", "description": "連擊4次，造成800%傷害 (263520)"}]