[{"title": "", "description": "受到的光、暗屬性傷害減少50%"}, 
{"title": "エナジーリフラックス", "description": "將自身的屬性轉換成火"}, 
{"title": "アクアフェイド", "description": "3回合內，水珠無法被消除"}, 
{"title": "エナジーリフラックス", "description": "將自身的屬性轉換成水"}, 
{"title": "ツリーフェイド", "description": "3回合內，木珠無法被消除"}, 
{"title": "ファイアフェイド", "description": "3回合內，火珠無法被消除"}, 
{"title": "エナジーリフラックス", "description": "將自身的屬性轉換成火、水或木"}, 
{"title": "グランドガイア・プレッシャー", "description": "造成玩家目前HP300%的傷害"}]