[{"title": "地獄の門", "description": "5回合內，無法發動任何主動技能"}, {"title": "アニマオブリーオ", "description": "6回合內，覺醒技能無效化"}, {"title": "最終界　嘆きの地獄", "description": "連擊5次，造成750%傷害 (159150)"}, {"title": "アケローンの冥河", "description": "當前所有技能的冷卻時間增加 2 回合"}, {"title": "魔王の半神", "description": "將自身的屬性轉換成暗"}, {"title": "ディフェーザ", "description": "1回合內，受到的所有傷害減少99%"}, {"title": "第一界　辺獄", "description": "隱藏全畫面的寶珠，並造成100%傷害 (21220)"}, {"title": "第四界　貪欲の地獄", "description": "隨機5粒寶珠轉毒珠，並造成100%傷害 (21220)"}, {"title": "第八界　悪意の地獄", "description": "封鎖隨機3隻寵物3回合，並造成100%傷害 (21220)"}, {"title": "オンドゥラツィオーネ", "description": "左方起第1直行轉水珠，並造成140%傷害 (29708)"}, {"title": "ブフェーラ", "description": "最右方一直行轉木珠，並造成140%傷害 (29708)"}]