[{"title": "", "description": "HP在上限50%或以上的話，受到致命傷害時，將會以1點HP生還"}, 
{"title": "天下御免", "description": "999回合內異常狀態（如毒、威嚇、破防）無效化"}, 
{"title": "轟烈大花火の術", "description": "連擊3次，造成390%傷害 (145185)"}, 
{"title": "黄金の煙管", "description": "回復100%HP"}, 
{"title": "天上大花火の術", "description": "重擊，造成200%傷害 (74454)"}, 
{"title": "絶煙幕", "description": "隱藏全畫面的寶珠，並造成130%傷害 (48395)"}, 
{"title": "銭投げ・連牙", "description": "連擊2~6次，每次造成30%傷害 (22336~67008)"}, 
{"title": "絶景かな、絶景かな！", "description": "封鎖隨機3隻寵物2~4回合"}, 
{"title": "真・天上大花火の術", "description": "重擊，造成300%傷害 (111681)"}]