[{"title": "古龍騎士の魂", "description": "10回合內，單一傷害值在 100 點以上的傷害無效化"}, {"title": "古龍の剣", "description": "連擊3次，造成150%傷害 (49164)"}, {"title": "力の解放", "description": "999回合內攻擊力提升至200%"}, {"title": "心砕獄導", "description": "心珠轉邪魔珠，並造成70%傷害 (22943→45885)"}, {"title": "邪祓天葬", "description": "邪魔珠轉木珠，並造成300%傷害 (98325→196650) "}, {"title": "光与無還", "description": "邪魔珠轉心珠，並造成30%傷害 (9833→19665)"}, {"title": "心砕獄導", "description": "心珠轉邪魔珠，並造成70%傷害 (22943→45885)"}]