[{"title": "", "description": "HP在上限90%或以上的話，受到致命傷害時，將會以1點HP生還"}, {"title": "光合成", "description": "10回合內，將受到的光屬性傷害轉換成自己的生命值"}, {"title": "深緑の魔壁", "description": "999回合內，單一傷害值在 6,000,000 點以上的傷害無效化"}, {"title": "お邪魔ドロップは残しちゃダメですよ♪", "description": "999回合內異常狀態（如毒、威嚇、破防）無效化"}, {"title": "魅惑の鱗粉", "description": "隨機生成邪魔寶珠10粒"}, {"title": "魔樹創造", "description": "邪魔珠轉木珠，並造成10000%傷害 (1010000)"}, {"title": "ジュピターオリジン", "description": "連擊6次，造成12000%傷害 (1212000)"}, {"title": "ハルシネイション", "description": "所有寶珠變為木心邪魔毒珠，並造成350%傷害 (35350)"}, {"title": "ここにき~めた♪", "description": "將寶珠起手的位置隨機固定"}, {"title": "冥樹の棘", "description": "隨機將5粒火心珠轉邪魔珠，並造成280%傷害 (28280)"}, {"title": "縛りつける", "description": "封鎖隨機1隻寵物5回合，並造成280%傷害 (28280)"}]