[{"title": "", "description": "HP在上限80%或以上的話，受到致命傷害時，將會以1點HP生還"}, {"title": "", "description": "受到的暗屬性傷害減少50%"}, {"title": "あなた、そこに伏せなさい！", "description": "將寶珠起手的位置隨機固定(未實裝)"}, {"title": "仕事の時間よ！シャルス！", "description": "左方起第3,4直行轉暗邪魔珠"}, {"title": "働きなさいシャルス！", "description": "造成玩家目前HP90%的傷害"}, {"title": "シャルスメソメソ", "description": "隱藏全畫面的寶珠，並造成170%傷害 (24565)"}, {"title": "トゥインクル☆シャドウ", "description": "回復50%HP"}]