[{"title": "", "description": "受到的暗屬性傷害減少50%"},
 {"title": "黒煙の策略", "description": "1回合內，指定位置的寶珠變成超暗闇狀態查看位置"},
 {"title": "爆計", "description": "隨機6粒寶珠轉鎖定炸彈珠"},
 {"title": "闇転の鎧鱗", "description": "4回合內，受到的所有傷害減少75%"},
 {"title": "宣王の加護", "description": "7回合內，有25%機率隨機鎖定掉落的寶珠"},
 {"title": "闇転の鎧鱗", "description": "4回合內，受到的所有傷害減少75%"},
 {"title": "運否天賦陰陽魚", "description": "7回合內，邪魔心珠的掉落機率提升20%"},
 {"title": "憤怒の形相", "description": "999回合內攻擊力提升至150%"},
 {"title": "闇転の鎧鱗", "description": "4回合內，受到的所有傷害減少75%"},
 {"title": "覇壊", "description": "邪魔珠轉毒珠，並造成150%傷害 (42680→64019)"},
 {"title": "覇壊", "description": "隨機4粒寶珠轉毒珠，並造成110%傷害 (31298→46947)"},
 {"title": "苦鈍牙", "description": "毒珠轉邪魔珠，並造成130%傷害 (36989→55483)"},
 {"title": "苦鈍牙", "description": "心珠珠轉邪魔珠，並造成130%傷害 (36989→55483)"},
 {"title": "黒錬弓", "description": "將邪魔珠鎖定，並造成100%傷害 (28453→42680)"},
 {"title": "黒錬弓", "description": "造成玩家目前HP90%的傷害"},
 {"title": "極龍眼", "description": "所有寶珠變為邪魔珠"},
 {"title": "暗燈の殃禍", "description": "所有寶珠變為暗邪魔珠，並造成3000%傷害 (853590→1280385)"}]