[{"title": "", "description": "HP在上限50%或以上的話，受到致命傷害時，將會以1點HP生還"}, {"title": "来ルナァアアア！！", "description": "當前所有技能的冷卻時間增加 0~2 回合"}, {"title": "転界・修羅刺天", "description": "重擊，造成160%傷害 (50269)"}, {"title": "大和龍の聖護", "description": "999回合內異常狀態（如毒、威嚇、破防）無效化"}, {"title": "緋空結界", "description": "7回合內，受到的所有傷害減少50%"}, {"title": "転界・修羅刺天", "description": "重擊，造成160%傷害 (50269)"}, {"title": "紅陽の息吹", "description": "隨機生成火光寶珠各3粒，並造成100%傷害 (31418)"}, {"title": "紅陽・剛葬", "description": "隨機生成火光寶珠各9粒，並造成300%傷害 (94254)"}]