[{"title": "", "description": "HP在上限80%或以上的話，受到致命傷害時，將會以1點HP生還"}, {"title": "", "description": "受到的木屬性傷害減少50%"}, {"title": "何者だ！？お前！", "description": "3回合內，將 5COMBO 或以下時所造成的傷害全部吸收"}, {"title": "いくぞ！フレイリー！", "description": "左方起第3,4直行轉火邪魔珠"}, {"title": "やったれ！フレイリー！", "description": "造成玩家目前HP90%的傷害"}, {"title": "フレイリーガジガジ", "description": "連擊2次，造成200%傷害 (28000)"}, {"title": "トゥインクル☆フレア", "description": "回復50%HP"}]