[{"title": "ムーフーシェンフ", "description": "2~6回合內，將受到的木屬性傷害轉換成自己的生命值"}, {"title": "ムーシュウフ", "description": "將木珠鎖定，並造成50%傷害 (24665)"}, {"title": "フェンヌ", "description": "999回合內攻擊力提升至150%"}, {"title": "チェンフン", "description": "1回合內，隨機將1個隊員換成隊長，並造成80%傷害 (39464→59196)"}, {"title": "ゴンジー", "description": "連擊2次，造成100%傷害 (49330→73995)"}, {"title": "飛び跳ねている", "description": "甚麼都不做"}]