[{"title": "", "description": "受到的水屬性傷害減少50%"}, {"title": "油断してんなよ！！", "description": "上方起第1,2,4,5橫行轉火水木光暗心珠、第3橫行轉猛毒珠，並造成400%傷害 (53000)"}, {"title": "大江山の霊護", "description": "5回合內異常狀態（如毒、威嚇、破防）無效化"}, {"title": "さぁさぁ、まだやれんのか？", "description": "99回合內，單一傷害值在 10,000,000 點以上的傷害無效化"}, {"title": "戦丸", "description": "回復15%HP"}, {"title": "金剛無双連打", "description": "連擊10次，造成1000%傷害 (132500)"}, {"title": "打ッ！打ッ！", "description": "連擊2次，造成240%傷害 (31800)"}, {"title": "打打打打ァッ！", "description": "連擊4次，造成260%傷害 (34452)"}, {"title": "眼鉄", "description": "1回合內，隨機1~4粒寶珠變成超暗闇狀態，並造成220%傷害 (29150)"}, {"title": "行っくぜ~！！", "description": "先儲力一回合，下一回合造成450%傷害 (59625)"}, {"title": "打ッ！打ッ！", "description": "連擊2次，造成240%傷害 (31800)"}, {"title": "打打打打ァッ！", "description": "連擊4次，造成260%傷害 (34452)"}]