[{"title": "グアンフーシェンフ", "description": "2~6回合內，將受到的光屬性傷害轉換成自己的生命值"}, {"title": "グアンシュウフ", "description": "將光珠鎖定，並造成50%傷害 (24545)"}, {"title": "フェンヌ", "description": "999回合內攻擊力提升至150%"}, {"title": "シャンディエン", "description": "2回合內，受到的所有傷害減少35%，並造成80%傷害 (39272→58908)"}, {"title": "ゴンジー", "description": "連擊2次，造成100%傷害 (49090→73635)"}, {"title": "飛び跳ねている", "description": "甚麼都不做"}]