[{"title": "", "description": "HP在上限50%或以上的話，受到致命傷害時，將會以1點HP生還"}, {"title": "赤豹の闘鎧", "description": "999回合內異常狀態（如毒、威嚇、破防）無效化"}, {"title": "封迷の彩翼", "description": "4回合內，覺醒技能無效化"}, {"title": "変天", "description": "將自身的屬性轉換成火或木"}, {"title": "エントゥリオーネ", "description": "連擊10次，造成10000%傷害 (1240000)"}, {"title": "灼蠍の毒", "description": "上方起第1,5橫行轉心毒珠、第3橫行轉猛毒珠"}, {"title": "破壊の統率", "description": "999回合內攻擊力提升至150%"}, {"title": "バルフルの紅剣", "description": "隨機4粒寶珠轉炸彈珠，並造成300%傷害 (37200→55800)"}, {"title": "シユセスの翠剣", "description": "1回合內，隨機1個位置上的寶珠每隔0.5秒不斷轉換（未實裝），並造成300%傷害"}]