[{"title": "", "description": "受到的光屬性傷害減少50%"},
 {"title": "燦爛たる黄毛", "description": "將心珠光珠鎖定"},
 {"title": "光脈", "description": "所有寶珠變為轉邪魔珠，並造成100%傷害 (29371)"},
 {"title": "美煌雲", "description": "邪魔珠轉心珠，並造成280%傷害 (82239)"},
 {"title": "白麗の絹鱗", "description": "10回合內，受到的所有傷害減少35%"},
 {"title": "歌姫の加護", "description": "10回合內異常狀態（如毒、威嚇、破防）無效化"},
 {"title": "憤怒の形相", "description": "999回合內攻擊力提升至150%"},
 {"title": "白麗の帛鱗", "description": "4回合內，將單一傷害值在 1,000,000 點以上的傷害吸收"},
 {"title": "鳴輪", "description": "2回合內，回復力變成原來的50%，並造成130%傷害 (38182→57273)"},
 {"title": "金華棘", "description": "隨機3粒寶珠轉猛毒珠，並造成110%傷害 (32308→48462)"},
 {"title": "煌霊窮牙", "description": "造成玩家目前HP90%的傷害"},
 {"title": "艶龍眼", "description": "當前所有技能的冷卻時間增加 5 回合"},
 {"title": "妖麗の散輝", "description": "所有寶珠變為光邪魔珠，並造成3000%傷害 (881130→1321695)"}]