[{"title": "ホォフーシェンフ", "description": "2~6回合內，將受到的火屬性傷害轉換成自己的生命值"}, {"title": "ホォシュウフ", "description": "將火珠鎖定，並造成50%傷害 (24890)"}, {"title": "フェンヌ", "description": "999回合內攻擊力提升至150%"}, {"title": "バオチャー", "description": "指定位置的寶珠變成炸彈珠，並造成80%傷害 (39824→59736)"}, {"title": "ゴンジー", "description": "連擊2次，造成100%傷害 (49780→74670)"}, {"title": "飛び跳ねている", "description": "甚麼都不做"}]