[{"title": "", "description": "HP在上限80%或以上的話，受到致命傷害時，將會以1點HP生還"}, {"title": "", "description": "受到的水屬性傷害減少50%"}, {"title": "えぇ・・・戦わなきゃですか？", "description": "3回合內，無法發動任何主動技能"}, {"title": "助けて・・・ウィルゴ", "description": "左方起第3,4直行轉木邪魔珠"}, {"title": "ウィルゴ・・・いつもごめんね", "description": "造成玩家目前HP90%的傷害"}, {"title": "ウィルゴヒュンヒュン", "description": "當前所有技能的冷卻時間增加 1 回合，並造成160%傷害 (17040)"}, {"title": "トゥインクル☆ウィンド", "description": "回復50%HP"}]