[{"title": "", "description": "HP在上限50%或以上的話，受到致命傷害時，將會以1點HP生還"}, 
{"title": "客人、焦らずゆるりと参られよ", "description": "當前所有技能的冷卻時間增加 0~2 回合"}, 
{"title": "転界・神変", "description": "將木心珠鎖定，並造成80%傷害 (25245)"}, 
{"title": "山神龍の聖護", "description": "999回合內異常狀態（如毒、威嚇、破防）無效化"}, 
{"title": "碧地浄域", "description": "所有寶珠變為邪魔珠，並造成60%傷害 (18934)"}, 
{"title": "陰陽ノ勾玉", "description": "1回合內，受到的所有傷害減少75%"}, 
{"title": "翠命の碧風", "description": "隨機生成木心寶珠各3粒，並造成140%傷害 (44178)"}, 
{"title": "転界・神変", "description": "將隨機6粒火水木光暗珠鎖定，並造成80%傷害 (25245)"}, 
{"title": "碧地浄域", "description": "所有寶珠變為邪魔珠，並造成60%傷害 (18934)"}, 
{"title": "陰陽ノ勾玉", "description": "1回合內，受到的所有傷害減少75%"}, 
{"title": "碧地狂風", "description": "所有寶珠變為木邪魔毒珠，並造成200%傷害 (63112)"}, 
{"title": "山巓ノ神変", "description": "將隨機18粒寶珠鎖定，並造成80%傷害 (25245)"}]