[{"title": "", "description": "HP在上限80%或以上的話，受到致命傷害時，將會以1點HP生還"}, {"title": "", "description": "受到的光屬性傷害減少50%"}, {"title": "はぁ~あ、だる~", "description": "當前所有技能的冷卻時間增加 3 回合"}, {"title": "ボルサス出てきて~", "description": "左方起第3,4直行轉光邪魔珠"}, {"title": "ボルサス~あとよろしく~", "description": "造成玩家目前HP90%的傷害"}, {"title": "ボルサスビリビリ", "description": "封鎖隨機1隻隊員寵物1回合，並造成170%傷害 (21692)"}, {"title": "トゥインクル☆ボルト", "description": "回復50%HP"}]