[{"title": "ヘイアンフーシェンフ", "description": "2~6回合內，將受到的暗屬性傷害轉換成自己的生命值"}, {"title": "ヘイアンシュウフ", "description": "將暗珠鎖定，並造成50%傷害 (24770)"}, {"title": "フェンヌ", "description": "999回合內攻擊力提升至150%"}, {"title": "ヤオシュ", "description": "隨機2種寶珠變邪魔珠，並造成80%傷害 (39632→59448)"}, {"title": "ゴンジー", "description": "連擊2次，造成100%傷害 (49540→74310)"}, {"title": "飛び跳ねている", "description": "甚麼都不做"}]