[{"title": "", "description": "HP在上限50%或以上的話，受到致命傷害時，將會以1點HP生還"}, 
{"title": "どれ、儂が相手をしてやろうかの", "description": "當前所有技能的冷卻時間增加 0~2 回合"}, 
{"title": "転界・海神の呪詛", "description": "隨機3種寶珠轉邪魔珠"}, 
{"title": "海罰", "description": "邪魔珠轉毒珠，並造成140%傷害 (44050)"}, 
{"title": "海神龍の聖護", "description": "999回合內異常狀態（如毒、威嚇、破防）無效化"}, 
{"title": "転界・神水の災恵", "description": "隨機1種寶珠轉心珠，並造成140%傷害 (44050)"}, 
{"title": "藍海渦流", "description": "所有寶珠變為火水木光暗邪魔珠，並造成50%傷害 (15732)"}, 
{"title": "海神龍の一撃", "description": "重擊，造成400%傷害 (125856)"}, 
{"title": "蒼命の静波", "description": "隨機將水心邪魔以外的寶珠變成水心珠各3粒，並造成30%傷害 (9439)"}, 
{"title": "蒼塵の荒波", "description": "隨機將水心邪魔以外的寶珠變成水邪魔珠各3粒，並造成160%傷害 (50342)"}]