[{"title": "", "description": "受到的光屬性傷害減少50%"}, {"title": "", "description": "HP在上限75%或以上的話，受到致命傷害時，將會以1點HP生還"}, {"title": "シェルスケール", "description": "3回合內，受到的所有傷害減少75%"}, {"title": "リサシテイション", "description": "回復100%HP"}, {"title": "星海の岩鱗", "description": "999回合內，將 7COMBO 或以下時所造成的傷害全部吸收"}, {"title": "ミリアドカラミティ", "description": "所有寶珠變為毒珠，並造成600%傷害 (213900)"}, {"title": "エクストリームコールド", "description": "3回合內，寶珠移動時間減少1秒"}, {"title": "フィンドライブ", "description": "造成玩家目前HP99%的傷害"}, {"title": "バブルウォール", "description": "3回合內，將 5COMBO 或以下時所造成的傷害全部吸收"}, {"title": "サンジェイル", "description": "封鎖隨機1隻隊員寵物5回合，並造成160%傷害 (57040)"}, {"title": "シェルスケール", "description": "3回合內，受到的所有傷害減少75%"}, {"title": "ポイズンスワール", "description": "1回合內，猛毒珠的掉落機率提升20%"}, {"title": "サイクロン", "description": "連擊2次，造成140%傷害 (49910)"}, {"title": "フラッシュインダクション", "description": "將寶珠起手的位置隨機固定"}, {"title": "シャープトゥース", "description": "將隨機8粒寶珠鎖定，並造成140%傷害 (49910)"}, {"title": "ディープシー", "description": "3回合內，將受到的木、暗屬性傷害轉換成自己的生命值"}, {"title": "ポイズンスワール", "description": "1回合內，猛毒珠的掉落機率提升20%"}, {"title": "サイクロン", "description": "連擊2次，造成140%傷害 (49910)"}, {"title": "フラッシュインダクション", "description": "將寶珠起手的位置隨機固定"}, {"title": "シャープトゥース", "description": "將隨機8粒寶珠鎖定，並造成140%傷害 (49910)"}]