[{"title": "", "description": "HP在上限80%或以上的話，受到致命傷害時，將會以1點HP生還"}, {"title": "", "description": "受到的火屬性傷害減少50%"}, {"title": "やほほ~ん", "description": "3回合內，寶珠移動時間減少2秒"}, {"title": "おいで~アクリス", "description": "左方起第3,4直行轉水邪魔珠"}, {"title": "がんばれアクリス~", "description": "造成玩家目前HP90%的傷害"}, {"title": "アクリスグルグル", "description": "將隨機8粒寶珠鎖定，並造成160%傷害 (20080)"}, {"title": "トゥインクル☆アクア", "description": "回復50%HP"}]