[{"title": "", "description": "受到的光、暗屬性傷害減少50%"}, {"title": "嗚呼、あの日斬られたこの手が疼く…", "description": "5回合內，將受到的光、暗屬性傷害轉換成自己的生命值"}, {"title": "貴様は私に何の用だ？", "description": "5回合內異常狀態（如毒、威嚇、破防）無效化"}, {"title": "狂華砕骨", "description": "連擊5次，造成5000%傷害 (607000)"}, {"title": "こざかしい", "description": "999回合內攻擊力提升至200%"}, {"title": "私は鬼ぞ、なめるなよ", "description": "7回合內，回復力變成原來的50%"}, {"title": "鋼の鬼肌", "description": "7回合內，受到的所有傷害減少75%"}, {"title": "いつまで踊っているつもりだ？", "description": "1回合內，覺醒技能無效化"}, {"title": "散るがいい", "description": "連擊7次，造成7000%傷害 (849800→1699600)"}, {"title": "兜割り", "description": "當前所有技能的冷卻時間增加 0~1 回合，並造成270%傷害 (32778→65556)"}, {"title": "前蹴り", "description": "將隨機6粒寶珠鎖定，並造成270%傷害 (32778→65556)"}, {"title": "殴る", "description": "重擊，造成300%傷害 (36420→72840)"}]