[{"title": "", "description": "受到的暗屬性傷害減少50%"}, {"title": "", "description": "HP在上限50%或以上的話，受到致命傷害時，將會以1點HP生還"}, {"title": "解き放たれた絶凶", "description": "將所有寶珠鎖定"}, {"title": "フルエナジーフィールド", "description": "999回合內異常狀態（如毒、威嚇、破防）無效化"}, {"title": "エネルギーを溜めている", "description": "1回合內攻擊力提升至900%"}, {"title": "デスアヴォイダンス", "description": "回復100%HP"}, {"title": "ナムパルス", "description": "封鎖隨機1隻寵物9回合，並造成200%傷害 (49260→443340)"}, {"title": "ボイドバーン", "description": "指定位置的寶珠變成炸彈珠，並造成5000%傷害 (1231500→11083500)"}, {"title": "ナインシーク", "description": "9回合內，將 8COMBO 或以下時所造成的傷害全部吸收，並造成20%傷害 (4926→44334)"}, {"title": "レイジングファイア", "description": "隱藏全畫面的寶珠，並造成50%傷害 (12315→110835)"}, {"title": "ドロップフラッシュ", "description": "將所有寶珠鎖定"}, {"title": "ゼルヴァルン", "description": "指定位置的寶珠變成炸彈珠，並造成120%傷害 (29556→266004)"}, {"title": "クルエルフレア", "description": "左方起第2,5直行轉邪魔珠，並造成150%傷害 (36945→332505)"}]