[{"title": "", "description": "受到的水屬性傷害減少50%"}, {"title": "風琳", "description": "1回合內，將 6COMBO 或以下時所造成的傷害全部吸收"}, {"title": "堅陣の旋鱗", "description": "4回合內，受到的所有傷害減少75%"}, {"title": "錦龍の加護", "description": "4回合內，將受到的光、暗屬性傷害轉換成自己的生命值"}, {"title": "堅陣の旋鱗", "description": "4回合內，受到的所有傷害減少75%"}, {"title": "深緑", "description": "99回合內，木珠的掉落機率提升25%"}, {"title": "憤怒の形相", "description": "999回合內攻擊力提升至150% [優先使用]"}, {"title": "堅陣の旋鱗", "description": "4回合內，受到的所有傷害減少75%"}, {"title": "樹牙牢", "description": "將隨機9粒寶珠鎖定，並造成120%傷害 (34987→52481)"}, {"title": "風縫葬", "description": "心珠轉木珠，並造成130%傷害 (37903→56854)"}, {"title": "流散疾風", "description": "造成玩家目前HP90%的傷害"}, {"title": "嵐龍眼", "description": "5回合內，寶珠移動時間變成原來的50%"}, {"title": "猛勇の豪風", "description": "所有寶珠變為木邪魔珠，並造成3000%傷害"}, {"title": "輪廻の唐草", "description": "3回合內，隨機2個位置上的寶珠每隔1秒不斷轉換(未實裝)"}]