[{"title": "固有特性", "description": "受到的木屬性傷害減少50%"}, {"title": "隻眼の業火", "description": "右方起第1,2,3直行  ，並造成140%傷害 (41334)"}, {"title": "焔地走", "description": "1回合內，將 6COMBO 或以下時所造成的傷害全部吸收"}, {"title": "隔絶の焦鱗", "description": "4回合內，受到的所有傷害減少75%"}, {"title": "猛将の加護", "description": "10回合內異常狀態（如毒、威嚇、破防）無效化"}, {"title": "隔絶の焦鱗", "description": "4回合內，受到的所有傷害減少75%"}, {"title": "賛火", "description": "5回合內，寶珠移動時間變成原來的150%"}, {"title": "憤怒の形相", "description": "999回合內攻擊力提升至150% "}, {"title": "隔絶の焦鱗", "description": "4回合內，受到的所有傷害減少75%"}, {"title": "烈閃焦", "description": "上方起第3橫行轉邪魔珠  ，並造成130%傷害 (38381→57572)"}, {"title": "烈火爪", "description": "心轉火珠，並造成130%傷害 (38381→57572)"}, {"title": "猛炎突進", "description": "造成玩家目前HP90%的傷害"}, {"title": "灼龍眼", "description": "將所有寶珠鎖定"}, {"title": "忠義の終炎", "description": "所有寶珠變為火邪魔珠，並造成3000%傷害"}]