[{"title": "シュウェフーシェンフ", "description": "2~6回合內，將受到的水屬性傷害轉換成自己的生命值"}, {"title": "シュウェシュウフ", "description": "將水珠鎖定，並造成50%傷害 (24440)"}, {"title": "フェンヌ", "description": "999回合內攻擊力提升至150%"}, {"title": "シュアンウォ", "description": "封鎖隨機1隻寵物1回合，並造成80%傷害 (39104→58656)"}, {"title": "ゴンジー", "description": "連擊2次，造成100%傷害 (48880→73320)"}, {"title": "飛び跳ねている", "description": "甚麼都不做"}]