[{"title": "", "description": "受到的火屬性傷害減少50%"}, {"title": "深淵の流鱗", "description": "5回合內，受到的所有傷害減少50%"}, {"title": "水面邪", "description": "隨機生成邪魔寶珠11粒"}, {"title": "水兵の加護", "description": "10回合內，將 6COMBO 或以下時所造成的傷害全部吸收"}, {"title": "邪交苦", "description": "邪魔珠轉毒珠，並造成250%傷害 (71968)"}, {"title": "憤怒の形相", "description": "999回合內攻擊力提升至150%"}, {"title": "深淵の流鱗", "description": "4回合內，受到的所有傷害減少75%"}, {"title": "流水轟", "description": "當前所有技能的冷卻時間增加 2 回合，並造成120%傷害 (34544→51817)"}, {"title": "泡千華", "description": "心珠轉水珠，並造成130%傷害 (37423→56135)"}, {"title": "突水", "description": "造成玩家目前HP90%的傷害"}, {"title": "水宝龍眼", "description": "5回合內，覺醒技能無效化"}, {"title": "鈴音の激流", "description": "所有寶珠變為水邪魔珠，並造成3000%傷害 (863610→1295415)"}]