[{"title": "", "description": "HP在上限90%或以上的話，受到致命傷害時，將會以1點HP生還"}, 
{"title": "神王妃の刻印", "description": "封鎖隨機1隻寵物3回合，並造成400%傷害 (136440)"}, 
{"title": "神王妃の吐息", "description": "封鎖 神類 寵物5回合"}, 
{"title": "ブラックナイトメア", "description": "光珠轉邪魔珠，並造成90%傷害 (30699)"}, 
{"title": "ギガグラビティ", "description": "造成玩家目前HP99%的傷害"}, 
{"title": "ギガグラビトンボム", "description": "重擊，造成500%傷害 (170550)"}]