[{"title":"","description":""},{"title":"","description":""},
{"title":"制空剣","description":"999ターンの間、状態異常攻撃を無効化する"},
{"title":"","description":""},
{"title":"生命を根絶する巨剣","description":"2ターンの間、火水木の中からランダム1色の攻撃を吸収する"},
{"title":"","description":""},
{"title":"一撃一叫","description":"2ターンの間、火水木の中からランダムで1色を消せなくする"},
{"title":"生吸剣","description":"1ターンの間、覚醒スキルを無効にする"},
{"title":"一撃一叫","description":"74,568ダメージ+1ターンの間、回復ドロップを消せなくする"},
{"title":"ブレードファング","description":"残HPの400%割合ダメージ"},
{"title":"血滾りの両腕","description":"99ターンの間、攻撃力を1.5倍にする"},
{"title":"激流の斬撃","description":"残HPの99%割合ダメージ"},
{"title":"生命を根絶する巨剣","description":"2ターンの間、火水木の中からランダム1色の攻撃を吸収する"},
{"title":"一撃一叫","description":"2ターンの間、火水木の中からランダムで1色を消せなくする"},
{"title":"ライトスティール","description":"54,492ダメージ+全ドロップを暗闇状態にする)"},
{"title":"ヘビーダウン","description":"57,360ダメージ+5ターンの間、ランダム1体を行動不能にする"},
{"title":"天眼の構え","description":"1ターンの間、9コンボ以下の攻撃を吸収する"}]