[{"title":"","description":""},{"title":"","description":"[固有特性] 受到的火、木屬性傷害減少50%"},{"title":"","description":""},{"title":"ミラージュテンプテーション","description":"5ターンの間、スキル封印"},{"title":"","description":""},{"title":"氷天海","description":"10ターンの間、ロックされた水、回復ドロップが落ちてくる＋30,366ダメージ"},{"title":"冷気が増していく","description":"ランダムで水ドロップを16個生成＋54,225ダメージ"},{"title":"冷気が増していく","description":"ランダムで水ドロップを16個生成＋54,225ダメージ"},{"title":"冷気が増していく","description":"ランダムで水ドロップを16個生成＋54,225ダメージ"},{"title":"ブライニクル","description":"108,450ダメージ+全ドロップを水ドロップに変化"}]