[{"title":"","description":""},{"title":"","description":""},{"title":"咲き乱れ","description":"10ターンの間、回復ドロップが落ちやすくなる"},{"title":"","description":""},{"title":"枯れかけた草花","description":"10ターンの間、回復力が50%減少"},{"title":"大地の実り","description":"999ターンの間、攻撃力が2倍"},{"title":"舞い散る花びら","description":"ランダムでお邪魔ドロップを4個生成+24,338ダメージ"},{"title":"腐敗する徒花","description":"回復ドロップをお邪魔ドロップに変化+21,634ダメージ"},{"title":"ガイアフレイム","description":"3連続攻撃:28,395ダメージ"}]