[{"title":"","description":""},{"title":"","description":"[固有特性] HP在上限75%或以上的話，受到致命傷害時，將會以1點HP生還"},{"title":"","description":""},{"title":"[固有特性]  もっと速く動きな","description":"HP50%或以下時，敵人的攻擊間隔由 2 變成 1"},{"title":"","description":""},{"title":"アタシに何か用かい？","description":"4ターンの間、リーダーとフレンドモンスターを行動不能"},{"title":"","description":""},{"title":"気に入らないね","description":"10ターンの間、500万以上のダメージを吸収"},{"title":"その程度かい？","description":"2ターンの間、覚醒スキルを無効化"},{"title":"眠っちまいな！","description":"2ターンの間、サブモンスターを行動不能"},{"title":"アンタ大した事ないね","description":"連続攻撃:66,780ダメージ"},{"title":"その程度かい？","description":"2ターンの間、覚醒スキルを無効化"},{"title":"ほらっ","description":"5回合內，無法發動任何主動技能"},{"title":"そんなんで大丈夫かい？","description":"現HPの99%ダメージ"},{"title":"だらしないね！","description":"隨機生成邪魔珠寶珠3粒，並造成150%傷害 (33390)"},{"title":"アタシのこと守りなさいよ","description":"999ターンの間、受けるダメージを半減"},{"title":"こんなのいらないわよ","description":"22,260ダメージ+闇ドロップ→に変化"},{"title":"アンタにお似合いね","description":"22,260ダメージ+お邪魔ドロップ→に変化(盤面にお邪魔ドロップがある時に使用)"},{"title":"こんなのいらないわよ","description":"22,260ダメージ+闇ドロップ→に変化"},{"title":"そんなんで大丈夫かい？","description":"現HPの99%ダメージ"},{"title":"ほらほらどうしたのさ？","description":"連続攻撃:26,712ダメージ"}]