[{"title":"","description":""},{"title":"","description":""},{"title":"転星","description":"將自身的屬性轉換成火"},{"title":"","description":""},{"title":"転星","description":"將自身的屬性轉換成水"},{"title":"","description":""},{"title":"転星","description":"將自身的屬性轉換成木"},{"title":"","description":""},{"title":"転星","description":"將自身的屬性轉換成光"},{"title":"","description":""},{"title":"スターソーサー","description":"3回合內，將受到的水屬性傷害轉換成自己的生命值"},{"title":"","description":""},{"title":"スターソーサー","description":"3回合內，將受到的木屬性傷害轉換成自己的生命值"},{"title":"","description":""},{"title":"スターソーサー","description":"3回合內，將受到的火屬性傷害轉換成自己的生命值"},{"title":"","description":""},{"title":"スターソーサー","description":"3回合內，將受到的暗屬性傷害轉換成自己的生命值"},{"title":"","description":""},{"title":"禍の啓示","description":"將心珠鎖定"},{"title":"死星","description":"所有寶珠變為毒珠，並造成140%傷害 (32910"},{"title":"クルエルティスター","description":"所有寶珠變為毒珠，並造成680%傷害 (159848"},{"title":"星還","description":"將自身的屬性轉換成暗"},{"title":"神王の共鳴","description":"999ターンの間、攻撃力が1.5倍"},{"title":"禍雨","description":"5回合內，毒珠的掉落機率提升15%"},{"title":"星羊の金毛","description":"2ターンの間、盤面が雲で覆われる"},{"title":"ダークネイル","description":"連続攻撃:35,262ダメージ"},{"title":"暗星の瞬き","description":"32,910ダメージ+ランダムで1体が1ターンの間バインド"},{"title":"暗星の瞬き","description":"32,910ダメージ+ランダムで1体が1ターンの間バインド"}]