[{"title":"","description":""},{"title":"","description":"[固有特性] HP在上限50%或以上的話，受到致命傷害時，將會以1點HP生還"},{"title":"いらっしゃいませ","description":"999ターンの間、状態異常無効"},{"title":"","description":""},{"title":"ラブリーボム","description":"ハート型にギミック_爆弾ドロップを生成(12個) ※7×6の場合は16個生成"},{"title":"痛いじゃないですか！","description":"自身のHPを50%回復"},{"title":"許さないからっ！","description":"1ターンの間、覚醒スキルを無効化"},{"title":"痛いじゃないですか！","description":"自身のHPを50%回復"},{"title":"この極上のヤツをあげる","description":"盤面全てを猛毒ドロップに変化"},{"title":"やぁっ！","description":"42,336ダメージ×2回"},{"title":"とおっ！","description":""},{"title":"疲れを癒してください","description":"回復玩家100%HP"},{"title":"このリンゴもあげちゃいなよ","description":"盤面全てを毒ドロップに変化"},{"title":"あっそれは・・・","description":"所有寶珠變為毒珠"},{"title":"真っ暗ですよ","description":"盤面全てを暗闇にする"},{"title":"ラブリーボム","description":"ハート型にギミック_爆弾ドロップを生成(12個) ※7×6の場合は16個生成"},{"title":"フェーデガンドル","description":"ランダムで水ドロップ闇ドロップを3個ずつ生成"},{"title":"ユールヘルグ","description":"2連続攻撃:28,224ダメージ"},{"title":"ブロートガルドル","description":"左から縦1列目を水ドロップ、6列目を闇ドロップに変化"},{"title":"ユールヘルグ","description":"2連続攻撃:28,224ダメージ"},{"title":"スンベルセイズル","description":"1ターンの間、受けるダメージを50%減少"},{"title":"ユールヘルグ","description":"2連続攻撃:28,224ダメージ"}]