[{"title":"","description":""},{"title":"","description":""},
{"title":"晴天飛行","description":"10ターンの間、7コンボ以下のダメージを吸収する"},
{"title":"","description":""},
{"title":"風のいたずら","description":"10ターンの間、ランダムで2マスをルーレット状態にする"},
{"title":"エアレジスタンス","description":"10ターンの間、受けるダメージを激減する"},
{"title":"ダウンフォース","description":"味方スキル使用までのターンを10ターン遅延する"},
{"title":"ラッシュストーム","description":"177,075ダメージ+全ドロップを木ドロップと闇ドロップに変換する"},
{"title":"ミストラルアロー","description":"64,928ダメージ+最上段、最下段を毒ドロップに、3段目を猛毒ドロップに変換する"},
{"title":"カームブリーズ","description":"5,903ダメージ+5ターンの間、落ちコンしなくなる"},
{"title":"ロイヤルゲイル","description":"59,025ダメージ+ランダムで1色を木ドロップに変換する"},
{"title":"エターナルウインド","description":"70,830ダメージ（連続攻撃）"},
{"title":"グローウィングエテジア","description":"64,928ダメージ+木ドロップと闇ドロップをロック"}]