[{"title":"","description":""},{"title":"","description":""},{"title":"[先制使用]  帯電黄毛","description":"5回合內，將受到的光屬性傷害轉換成自己的生命值"},{"title":"","description":""},{"title":"天雷号","description":"33,342ダメージ+3ターンの間、ランダムでモンスター2体をバインド"},{"title":"迅填爪","description":"連続攻撃:30,008ダメージ(充電数+1)"},{"title":"白鱗","description":"999回合內異常狀態（如毒、威嚇、破防）無效化"},{"title":"放雷","description":"封鎖隨機1隻隊員寵物3回合，並造成200%傷害 (33342)"},{"title":"白鱗","description":"999回合內異常狀態（如毒、威嚇、破防）無效化"},{"title":"放雷","description":"封鎖隨機1隻隊員寵物4回合，並造成220%傷害 (36676)"},{"title":"白鱗","description":"999回合內異常狀態（如毒、威嚇、破防）無效化"},{"title":"放雷","description":"封鎖隨機1隻隊員寵物5回合，並造成240%傷害 (40010)"},{"title":"白鱗","description":"999回合內異常狀態（如毒、威嚇、破防）無效化"},{"title":"放雷","description":"封鎖隨機1隻隊員寵物6回合，並造成260%傷害 (43345)"},{"title":"白鱗","description":"999回合內異常狀態（如毒、威嚇、破防）無效化"},{"title":"放雷","description":"封鎖隨機1隻隊員寵物7回合，並造成280%傷害 (46679)"},{"title":"白鱗","description":"999回合內異常狀態（如毒、威嚇、破防）無效化"},{"title":"放雷","description":"封鎖隨機1隻隊員寵物8回合，並造成300%傷害 (50013)"},{"title":"閃白迅填爪","description":"連続攻撃:45,012ダメージ(充電数+1)"},{"title":"大放雷","description":"166,710~833,550ダメージ+ランダムにバインド状態を付与(充電数に応じて火力増加)"},{"title":"大放雷","description":"166,710~833,550ダメージ+ランダムにバインド状態を付与(充電数に応じて火力増加)"},{"title":"大放雷","description":"166,710~833,550ダメージ+ランダムにバインド状態を付与(充電数に応じて火力増加)"}]