[{"title":"","description":""},{"title":"","description":""},{"title":"甘露の龍膜","description":"2ターンの間、受けるダメージを75%減らす"},{"title":"","description":""},{"title":"蓮翼翔波","description":"27,183ダメージ+全ドロップを火ドロップ水ドロップ木ドロップドロップに変化"},{"title":"昂揚の蛇椎","description":"8ターンの間、攻撃力が2倍"},{"title":"沈滞の蛇跡","description":"4ターンの間、最下段の横1列を操作不能にする"},{"title":"息災の螺旋","description":"6ターンの間、6コンボ以下の攻撃を吸収"},{"title":"障毒","description":"9,061ダメージ+ランダムで猛毒ドロップを6個生成"},{"title":"清流の水脈","description":"18,122ダメージ+上段の横1列目と5列目を水ドロップに変化"},{"title":"障海","description":"現HP99%の割合ダメージ"},{"title":"龍澪","description":"4連続攻撃:36,244ダメージ"},{"title":"甘露の龍膜","description":"2ターンの間、受けるダメージを75%減らす"},{"title":"蓮翼翔波","description":"27,183ダメージ+全ドロップを火ドロップ水ドロップ木ドロップドロップに変化"},{"title":"開眼・龍澪","description":"連続攻撃:144,976ダメージ"}]