[{"title":"","description":""},{"title":"","description":"[固有特性] 受到的火屬性傷害減少50%"},{"title":"","description":""},{"title":"無尽蔵な世界の排他的概念","description":"999ターンの間、状態異常無効"},{"title":"","description":""},{"title":"時空を往来し這い寄る混沌","description":"30ターンの間、全ドロップを超暗闇状態にする"},{"title":"無限の意思の執行","description":"連続攻撃:3,279,900ダメージ"},{"title":"無貌なる厄災の予兆","description":"限HPの99％ダメージ"},{"title":"使役され暗躍する千の顕現","description":"34,986ダメージ+自身の属性を変化"},{"title":"黒翼に包まれし灼きつく三眼","description":"33,892ダメージ+10ターンの間、ランダム3体を行動不能"},{"title":"暗黒より浮かび上がりし狂気","description":"6,560ダメージ+2ターンの間、回復ドロップを消すことができなくなる"},{"title":"忌諱する生ける炎の拒絶","description":"41,545ダメージ+5ターンの間、火属性の攻撃を吸収"},{"title":"付き従いし馬頭鳥の急襲","description":"連続攻撃:49,200ダメージ"}]