[{"title":"","description":""},{"title":"","description":"[固有特性] HP在上限50%或以上的話，受到致命傷害時，將會以1點HP生還"},{"title":"","description":""},{"title":"来たね…始めようか！","description":"999ターンの間、状態異常無効"},{"title":"","description":""},{"title":"魔星の紋章","description":"99ターンの間、3000万以上のダメージを無効化"},{"title":"","description":""},{"title":"いくよ、私の拳 受けてみて！！","description":"重擊，造成700%傷害 (72800)"},{"title":"魔星の輝き","description":"自身のHPを全回復"},{"title":"そうはさせないよ！","description":"999ターンの間、攻撃力が1.5倍(効果が残っている場合、通常攻撃)"},{"title":"お見事♪でもまだまだ…","description":"10,400(15,600)ダメージ"},{"title":"グラビトンフィスト","description":"現HP99％の割合ダメージ+盤面を暗闇状態にする(1回のみ使用)"},{"title":"ハイキック","description":"隱藏全畫面的寶珠，並造成100%傷害 (10400→15600)"},{"title":"そろそろ本気でいかなきゃだね","description":"999ターンの間、7コンボ以下の攻撃を吸収"},{"title":"もっと…速くっ！！","description":"10ターンの間、操作時間が1秒減少"},{"title":"ブラックスクリューブロー","description":"2回合內，隨機6粒寶珠變成超暗闇狀態，並造成350%傷害 (36400→54600"},{"title":"フルスピンキック","description":"6連続攻撃:49,920(74,880)ダメージ"},{"title":"ヘルショットパンチ","description":"72,800(109,200)ダメージ"},{"title":"スピンキック","description":"3連続攻撃:34,320(51,480)ダメージ"},{"title":"ボディブロー","description":"29,120(43,680)ダメージ+0~3ターンのスキル遅延"},{"title":"コンボラッシュ","description":"5連続攻撃:41,600(62,400)ダメージ"},{"title":"アックスキック","description":"31,200(46,800)ダメージ+1ターンの間、左側の縦4列目のドロップの属性を1秒感覚で変化"},{"title":"楽しかったよ、でも もうお終い","description":"10連続攻撃:6,240,000(9,360,000)ダメージ"},{"title":"これが私の、全身全霊！！！","description":"自身の属性をランダムに変化(1回のみ使用)"},{"title":"渦巻く魔力","description":"10連続攻撃:5,200,000(7,800,000)ダメージ"}]