[{"title":"","description":""},{"title":"","description":"[固有特性] HP在上限90%或以上的話，受到致命傷害時，將會以1點HP生還"}
,{"title":"","description":"[固有特性] 受到的火屬性傷害減少50%"}
,{"title":"","description":""}
,{"title":"風薫る 立夏の夜","description":"999ターンの間、状態異常を無効化する"}
,{"title":"","description":""}
,{"title":"万里駆ける 暁の風","description":"1ターンの間、7コンボ以下のダメージを吸収する"}
,{"title":"","description":""}
,{"title":"陽春 花香満つ","description":"999ターンの間、5,000万以上のダメージを無効化する"}
,{"title":"万里駆ける 暁の風","description":"99ターンの間、7コンボ以下のダメージを吸収する"}
,{"title":"緑陰 木蔭の雨後","description":"3ターンの間、ランダム1個を0.5秒間隔のルーレット状態にする"}
,{"title":"ざわめく茂り 南風","description":"35,190（攻撃力2倍時70,380）ダメージ+ドロップ操作位置を固定する"}
,{"title":"姿変じる 黄雀風","description":"敵の属性が変化する"}
,{"title":"終わりなき風 茅花流し","description":"791,775ダメージ（連続攻撃）"}
,{"title":"木下闇 陰影の清涼","description":"1回合內，玩家的HP上限變為原來的50%，並造成110%傷害 (58064"}
,{"title":"五月雨 卯の花腐し","description":"10ターンの間、覚醒スキルを無効にする"}
,{"title":"新緑纏う 芒種の日差し","description":"999ターンの間、攻撃力が2倍になる"}
,{"title":"薄暑続く 青嵐","description":"99ターンの間、ドロップ操作時間を2秒減少させる"}
,{"title":"木下闇 陰影の清涼","description":"58,064（攻撃力2倍時116,127）ダメージ+1ターンの間、最大HPを半減する"}
,{"title":"緑陰 木蔭の雨後","description":"3ターンの間、ランダム1個を0.5秒間隔のルーレット状態にする"}
,{"title":"ざわめく茂り 南風","description":"將寶珠起手的位置隨機固定，並造成100%傷害 (52785→105570)"}]