[{"title":"","description":""},
{"title":"","description":"[固有特性] HP在上限90%或以上的話，受到致命傷害時，將會以1點HP生還"},
{"title":"","description":"[固有特性] 受到的暗屬性傷害減少50%"},
{"title":"","description":""},
{"title":"魔皇子の威厳","description":"999ターンの間、状態異常を無効化する"},
{"title":"","description":""},
{"title":"狂皇の血族","description":"999ターンの間。6000万以上のダメージを無効化する"},
{"title":"","description":""},
{"title":"猛毒の雨","description":"1ターンの間、猛毒ドロップが落ちてくるようになる"},
{"title":"消滅する生命","description":"1ターンの間、操作時間が75％減少する"},
{"title":"魔界の海","description":"464,400ダメージ+全ドロップを猛毒ドロップに変換する"},
{"title":"ポイズンワールド","description":"30ターンの間、毒ドロップが落ちてくるようになる"},
{"title":"骸の贈物","description":"17,415ダメージ+1ターンの間、受けるダメージを75％軽減する"},
{"title":"魔皇子のわがまま","description":"5ターンの間、全体を行動不能にする"},
{"title":"猛毒の海","description":"87,075ダメージ+全ドロップを猛毒ドロップに変換する"},
{"title":"闇からの強襲","description":"	75,465ダメージ+3ターンの間、ランダム3個を超暗闇状態にする"},
{"title":"デッドリーコンボ","description":"78,369ダメージ（連続攻撃）"}]