[{"title":"","description":""},
{"title":"","description":"[固有特性] HP在上限90%或以上的話，受到致命傷害時，將會以1點HP生還"},
{"title":"","description":"[固有特性] 受到的木屬性傷害減少50%"},
{"title":"","description":""},
{"title":"ロック・ユー！ベイベー！","description":"爆弾ドロップを6個生成する"},
{"title":"","description":""},
{"title":"フルアップ・ディストーション","description":"999ターンの間、2500万以上のダメージを無効化する"},
{"title":"","description":""},
{"title":"エイトビート","description":"8ターンの間、リーダーチェンジ"},
{"title":"マイクターン","description":"1ターンの間、リーダーチェンジ"},
{"title":"ウォール・オブ・デス","description":"1,026,000〜1,539,000ダメージ（連続攻撃）"},
{"title":"ステージダイブ","description":"8ターンの間、受けるダメージを50％軽減する"},
{"title":"クラウドサーフィング","description":"999ターンの間、状態異常を無効化する"},
{"title":"ロック・ユー！ベイベー！","description":"爆弾ドロップを6個生成する"},
{"title":"フルアップ・ディストーション","description":"999ターンの間、2500万以上のダメージを無効化する"},
{"title":"エイトビート","description":"8ターンの間、リーダーチェンジ"},
{"title":"ヘッドバンギング・モッシュ","description":"合計62,700ダメージ"},
{"title":"オーバードライブ・デスボイス","description":"1〜2ターンの間、ランダム2体を行動不能にする"},
{"title":"ヘッドバンギング・モッシュ","description":"合計62,700ダメージ"},
{"title":"ハウリング・シャウト","description":"味方のスキル使用までのターンを1〜2ターン遅らせる"},
{"title":"ヘッドバンギング・モッシュ","description":"合計62,700ダメージ"},
{"title":"アクセント・ファズ","description":"ランダム15個をロックする"}]