[{"title":"","description":""},{"title":"","description":"[固有特性] HP在上限90%或以上的話，受到致命傷害時，將會以1點HP生還"},
{"title":"","description":"[固有特性] 受到的水屬性傷害減少50%"},
{"title":"","description":""},
{"title":"水光接天の眺望","description":"999ターンの間、状態異常を無効化する"},
{"title":"","description":""},
{"title":"蛟竜雲雨の一筆","description":"999ターンの間、2500万以上のダメージを無効化する"},
{"title":"","description":""},
{"title":"運否天賦の行雲流水","description":"72,828ダメージ+1ターンの間、5属性ランダム1色が消せなくなる"},
{"title":"青天の霹靂","description":"味方の補助効果を打ち消す"},
{"title":"死生有命","description":"971,040ダメージ"},
{"title":"画竜点睛の貫徹","description":"5ターンの間、ランダム15個を超暗闇状態にする"},
{"title":"慷慨憤激の越水","description":"10ターンの間、縦2列を雲状態にする"},
{"title":"運否天賦の行雲流水","description":"72,828ダメージ+1ターンの間、5属性ランダム1色が消せなくなる"},
{"title":"竜虎相搏の滄浪","description":"60,690ダメージ+両端縦1列を水、お邪魔、毒ドロップに変換する"},
{"title":"輸攻墨守の繁吹","description":"1ターンの間、受けるダメージを半減する"},
{"title":"竜虎相搏の滄浪","description":"60,690ダメージ+最上段と最下段を水、お邪魔、毒ドロップに変換する"},
{"title":"遊生夢死の天命","description":"1〜2ターンの間、ランダムサブ2体を行動不能にする"}]