[{"title":"","description":""},
{"title":"","description":"[固有特性] HP在上限90%或以上的話，受到致命傷害時，將會以1點HP生還"},
{"title":"","description":"[固有特性] 受到的光屬性傷害減少50%"},
{"title":"","description":""},
{"title":"エージングアガー","description":"999ターンの間、状態異常を無効化する"},
{"title":"","description":""},
{"title":"ブリリアントレシピ","description":"999ターンの間。2500万以上のダメージを無効化する"},
{"title":"","description":""},
{"title":"カラメリゼコーティング","description":"4ターンの間、受けるダメージを90％軽減する"},
{"title":"ピューレアパレイユ","description":"隱藏全畫面的寶珠"},
{"title":"アベゼアンロベ","description":"1ターンの間、最上段と最下段を操作不可状態にする"},
{"title":"スイーツスペシャリテ","description":"420,240ダメージ（連続攻撃）+全ドロップを光ドロップに変換する"},
{"title":"オーバーランナッペ","description":"	42,024ダメージ+2ターンの間、覚醒スキルを無効化する"},
{"title":"クリームドルチェ","description":"	42,024ダメージ+4ターンの間、3×2マスを雲状態にする"},
{"title":"エバルベピケ","description":"味方の補助効果を打ち消す"},
{"title":"パイピングトゥラージュ","description":"1ターンの間、味方のHPを50,000に固定する"},
{"title":"グラサージュアシェ","description":"47,277ダメージ（連続攻撃）"},
{"title":"トランシュコンポート","description":"42,024ダメージ+2ターンの間、回復力が半減する"},
{"title":"フレイズブリュレ","description":"44,125ダメージ+自身の属性を変化させる"}]