[{"title":"","description":""},{"title":"","description":""},{"title":"[先制使用]  今実験準備中なんだ","description":"999回合內異常狀態（如毒、威嚇、破防）無效化"},{"title":"","description":""},{"title":"[先制使用]  少し待ってくれ","description":"5回合內，受到的所有傷害減少99%"},{"title":"","description":""},{"title":"[先制使用]  ケミカルミスト","description":"5回合內，邪魔珠毒珠的掉落機率提升10%第１～４回合"},{"title":"薬品調合","description":"1回合內，火珠水珠無法被消除"},{"title":"薬品調合","description":"1回合內，水珠木珠無法被消除"},{"title":"薬品調合","description":"1回合內，木珠光珠無法被消除"},{"title":"薬品調合","description":"1回合內，光珠暗珠無法被消除"},{"title":"薬品調合","description":"1回合內，火珠暗珠無法被消除"},{"title":"クククッ…準備完了だ","description":"1回合內，覺醒技能無效化"},{"title":"実験を開始しよう","description":"1回合內，無法發動任何主動技能"},{"title":"この毒ドロップ","description":"隨機生成火珠暗珠猛毒珠各10粒"},{"title":"全て消して見せたまえ","description":"1回合內，隨機2個位置上的寶珠每隔0.5秒不斷轉換"},{"title":"最終実験","description":"隨機將自身的屬性轉換成火、水、木或暗"},{"title":"協力感謝するよ","description":"連擊10次，造成7000%傷害 (4347000)"},{"title":"期待はずれだな","description":"猛毒珠 轉 心珠，並造成5000%傷害 (3105000"},{"title":"素晴らしい","description":"999回合內，單一傷害值在 8,000,000 點以上的傷害無效化"},{"title":"君は私を楽しませてくれるね","description":"99回合內，毒珠的掉落機率提升10%"},{"title":"マッドサイエンス","description":"1回合內，寶珠移動時間減少4秒，並造成100%傷害 (62100)"},{"title":"ハイピッチドーピング","description":"1回合內，受到的所有傷害減少50%，並造成100%傷害 (62100)"},{"title":"クレイジーインベンション","description":"連擊4次，造成120%傷害 (74520)"}]