[{"title":"","description":""},{"title":"","description":"[固有特性] 由體力類和攻擊類寵物造成的傷害減少50%"},{"title":"","description":""},{"title":"オーバースラップ","description":"3ターンの間、覚醒スキルを無効化"},{"title":"","description":""},{"title":"グランドシールド","description":"999ターンの間、状態異常無効"},{"title":"逃がしはしない","description":"5ターンの間、サブモンスター1体を行動不能"},{"title":"大地の檻","description":"5ターンの間、スキルを使用不能(1度だけ使用)"},{"title":"ギガントブレイク","description":"連続攻撃:50,760ダメージ"},{"title":"ウィンドスラッシュ","description":"連続攻撃:42,300ダメージ"}]