[{"title":"さぁ来たよ！","description":"999ターンの間、状態異常無効"},
{"title":"準備はいいかな？","description":"999ターンの間、4コンボ以下の攻撃を吸収"},
{"title":"みんな走れ~！","description":"31,020ダメージ+1ターンの間、ドロップが雲に覆われる"},
{"title":"へへーん！まいったか","description":"1ターンの間、操作時間が激減(4コンボ以下の時に使用)"},
{"title":"むー！これはどうだ","description":"1ターンの間、最上段・最下段・左端・右端のドロップが1秒間隔で入れ替わる"},
{"title":"もっと走れ~！","description":"25,850ダメージ+1ターンの間、ドロップが雲に覆われる"},
{"title":"へへーん！まいったか","description":"1ターンの間、操作時間が激減(4コンボ以下の時に使用)"},
{"title":"むー！これはどうだ","description":"1ターンの間、最上段・最下段・左端・右端のドロップが1秒間隔で入れ替わる"},
{"title":"みんなで一斉攻撃だ~！","description":"連続攻撃:51,700ダメージ"},
{"title":"みんな走れ~！","description":"31,020ダメージ+1ターンの間、ドロップが雲に覆われる"}]