[{"title":"","description":""},{"title":"","description":""},{"title":"我の邪魔をするというのか・・・","description":"999ターンの間、5コンボ以下の攻撃を吸収"},{"title":"","description":""},{"title":"天怒の前触れ","description":"1ターンの間、ランダム横2列が雲に覆われる"},{"title":"","description":""},{"title":"戦神の呼声","description":"10ターンの間、水光がロック状態で落ちてくる"},{"title":"大したことないな","description":"2連続攻撃:30,310ダメージ"},{"title":"戦神の覇気","description":"味方全体のスキルターンを3ターン遅延"},{"title":"アースメギンの解放","description":"99ターンの間、攻撃力が2倍(1度だけ使用)"},{"title":"ライトニングヘル","description":"275,540ダメージ+ランダム1色をお邪魔ドロップに変化"},{"title":"ここまでやるとは・・・","description":"999ターンの間、状態異常無効"},{"title":"よかろう来るがいい","description":"10ターンの間、受けるダメージを半減"},{"title":"天怒の前触れ","description":"1ターンの間、ランダム横2列が雲に覆われる"},{"title":"雷よ！！","description":"26,176ダメージ+左から2列目の縦1列を光に変化"},{"title":"雷よ！！","description":"26,176ダメージ+左から3列目の縦1列を光に変化"},{"title":"雷よ！！","description":"26,176ダメージ+右から3列目の縦1列を光に変化"},{"title":"雷よ！！","description":"26,176ダメージ+右から2列目の縦1列を光に変化"},{"title":"轟け！ミョルニル","description":"27,554ダメージ+ランダムで10個のドロップをロック"},{"title":"我に力を！メギンギョルド","description":"3連続攻撃:28,932ダメージ"}]