[{"title":"","description":""},{"title":"","description":"[固有特性] 受到的木、光屬性傷害減少50%"},{"title":"","description":""},{"title":"激突","description":"現HPの99%ダメージ"},{"title":"","description":""},{"title":"ヴィヴァリャヤ","description":"2ターンの間、リーダーとサブ(ランダム)を入替"},{"title":"毒氷乱","description":"左から縦2列目と5列目を水ドロップに変化+22,253ダメージ"},{"title":"猛り狂う","description":"27,816ダメージの連続攻撃"},{"title":"雄叫び","description":"全モンスターを2～4ターンの間、スキルの発動を遅らせる"},{"title":"パリャヴァサーナム","description":"333,792ダメージの連続攻撃"}]