[{"title":"","description":""},{"title":"","description":""},{"title":"転星","description":"ランダムで自分の属性を変化"},{"title":"","description":""},{"title":"転星","description":"ランダムで自分の属性を変化"},{"title":"","description":""},{"title":"転星","description":"ランダムで自分の属性を変化"},{"title":"","description":""},{"title":"転星","description":"ランダムで自分の属性を変化"},{"title":"","description":""},{"title":"スターソーサー","description":"3ターンの間、弱点属性の攻撃を吸収"},{"title":"","description":""},{"title":"スターソーサー","description":"3ターンの間、弱点属性の攻撃を吸収"},{"title":"","description":""},{"title":"スターソーサー","description":"3ターンの間、弱点属性の攻撃を吸収"},{"title":"","description":""},{"title":"スターソーサー","description":"3ターンの間、弱点属性の攻撃を吸収"},{"title":"","description":""},{"title":"禍の啓示","description":"回復ドロップをロック"},{"title":"死星","description":"所有寶珠變為毒珠，並造成140%傷害 (32910"},{"title":"クルエルティスター","description":"32,910ダメージ+全ドロップを毒ドロップに変化"},{"title":"星還","description":"自分の属性が闇属性に変化"},{"title":"神王の共鳴","description":"999ターンの間、攻撃力が1.5倍"},{"title":"禍雨","description":"5ターンの間、毒ドロップが落ちる確率が15%増加"},{"title":"星羊の金毛","description":"2ターンの間、盤面が雲で覆われる"},{"title":"ダークネイル","description":"連続攻撃:35,262ダメージ"},{"title":"暗星の瞬き","description":"32,910ダメージ+ランダムで1体が1ターンの間バインド"},{"title":"暗星の瞬き","description":"32,910ダメージ+ランダムで1体が1ターンの間バインド"}]