[{"title":"","description":""},{"title":"","description":""},{"title":"さて、準備完了ですね","description":"999回合內異常狀態（如毒、威嚇、破防）無效化"},{"title":"","description":""},{"title":"魔獣が睨んでいる","description":"99ターンの間、操作時間を1秒減少"},{"title":"ローズバースト","description":"39,510ダメージ+お邪魔ドロップ→火ドロップ"},{"title":"闇色の炎","description":"26,340ダメージ+上から1、3、5列目の横1列をお邪魔ドロップ火ドロップ闇ドロップ"},{"title":"魔獣の覇気","description":"味方全体のスキルターンを0~2ターン減少"},{"title":"サーペントポイズン","description":"ランダムで毒ドロップを5個生成"},{"title":"魔獣の攻撃","description":"26,340ダメージ"},{"title":"ちょっと待ってくださいね","description":"封鎖隊長及戰友寵物1回合"},{"title":"グルルル・・・","description":"999ターンの間、攻撃力が2倍"},{"title":"ダークヒートブルワーク","description":"1ターンの間、受けるダメージを半減"},{"title":"魔獣の攻撃","description":"26,340ダメージ (26340→52680)"},{"title":"クローズオブソロウ","description":"10,536ダメージ+全ドロップを火ドロップ闇ドロップお邪魔ドロップ毒ドロップに変化"},{"title":"魔獣の終撃","description":"連続攻撃:189,648ダメージ"}]