[{"title":"","description":""},{"title":"","description":""},{"title":"[固有特性]  怒りで敵の行動ターンが変化した","description":"HP50%或以下時，敵人的攻擊間隔由 2 變成 1"},{"title":"","description":"[固有特性] 受到的暗屬性傷害減少50%"},{"title":"","description":""},{"title":"無尽蔵な世界の排他的概念","description":"999ターンの間、状態異常無効"},{"title":"疾苦の螺旋で幻視する朦朧の夢","description":"5ターンの間、火水・火木・水光・木闇・光闇のいずれかの組み合わせの属性吸収"},{"title":"疾苦の螺旋で幻視する朦朧の夢","description":"5ターンの間、火水・火木・水光・木闇・光闇のいずれかの組み合わせの属性吸収"},{"title":"疾苦の螺旋で幻視する朦朧の夢","description":"5ターンの間、火水・火木・水光・木闇・光闇のいずれかの組み合わせの属性吸収"},{"title":"疾苦の螺旋で幻視する朦朧の夢","description":"5ターンの間、火水・火木・水光・木闇・光闇のいずれかの組み合わせの属性吸収"},{"title":"疾苦の螺旋で幻視する朦朧の夢","description":"5ターンの間、火水・火木・水光・木闇・光闇のいずれかの組み合わせの属性吸収"},{"title":"構音禁戒せし真名","description":"5ターンの間、覚醒スキルを無効化"},{"title":"窮極の原型的終古","description":"連続攻撃:2,412,300ダメージ"},{"title":"忽焉に訪れる羽翼の寂滅","description":"スキルの効果が消えてしまう"},{"title":"宇宙が知らぬ囀りに酷似した音","description":"連続ダメージ:80,410ダメージ"},{"title":"三世を内包し万物を超越する神聖","description":"所有寶珠變為光珠心珠邪魔珠毒珠，並造成90%傷害 (72369)"},{"title":"悍ましき太陽の集積","description":"72,369ダメージ+1ターンの間、ランダムで2個のドロップがルーレット(1秒間隔)"},{"title":"無窮に存在し唯一の虚","description":"76,390ダメージ+2ターンの間、ランダムで5個のドロップが超暗闇になる"}]