[{"title":"","description":""},{"title":"","description":"[固有特性] HP在上限50%或以上的話，受到致命傷害時，將會以1點HP生還"},{"title":"","description":""},{"title":"神々の守り","description":"999ターンの間、状態異常無効"},{"title":"","description":""},{"title":"神王の鎧","description":"999ターンの間、1億以上のダメージを無効"},{"title":"遊びはここまでだ…","description":"999ターンの間、攻撃力が10倍"},{"title":"エレンホス","description":"10ターンの間、覚醒スキル無効"},{"title":"プセヴデスシシス","description":"自身の属性を火or水or木に変化"},{"title":"…ひれ伏せ","description":"69,523ダメージ+左から縦3列目を闇ドロップに、4列目を光ドロップに変化"},{"title":"恐怖","description":"自身の属性を闇に変化"},{"title":"ケラヴノス","description":"41,714ダメージ+10ターンの間、操作時間が1秒減少"},{"title":"王剣","description":"26,694〜44,490ダメージの連続攻撃 "},{"title":"黒の雷霆","description":"38,933ダメージ+猛毒ドロップを3個生成"},{"title":"黒の雷霆","description":"38,933ダメージ+猛毒ドロップを3個生成"}]