[{"title":"","description":""},{"title":"","description":""},
{"title":"制空剣","description":"999回合內異常狀態（如毒、威嚇、破防）無效化"},
{"title":"","description":""},
{"title":"生命を根絶する巨剣","description":"2回合內，將受到的火／水／木屬性傷害轉換成自己的生命值"},
{"title":"","description":""},
{"title":"一撃一叫","description":"2回合內，火珠／水珠／木珠無法被消除，並造成100%傷害 (57360"},
{"title":"生吸剣","description":"1回合內，覺醒技能無效化"},
{"title":"一撃一叫","description":"1回合內，心珠無法被消除，並造成130%傷害 (74568→111852)"},
{"title":"ブレードファング","description":"造成玩家目前HP400%的傷害"},
{"title":"血滾りの両腕","description":"99回合內攻擊力提升至150%"},
{"title":"激流の斬撃","description":"造成玩家目前HP99%的傷害"},
{"title":"生命を根絶する巨剣","description":"2回合內，將受到的火／水／木屬性傷害轉換成自己的生命值"},
{"title":"一撃一叫","description":"2回合內，火珠／水珠／木珠無法被消除，並造成100%傷害 (57360→86040"},
{"title":"ライトスティール","description":"隱藏全畫面的寶珠，並造成95%傷害 (54492→81738)"},
{"title":"ヘビーダウン","description":"封鎖隨機1隻寵物5回合，並造成100%傷害 (57360→86040)"},
{"title":"天眼の構え","description":"1回合內，將 9COMBO 或以下時所造成的傷害全部吸收"}]