[{"title":"","description":""},{"title":"","description":"[固有特性] 受到的木、光屬性傷害減少50%"},{"title":"","description":""},{"title":"激突","description":"造成玩家目前HP99%的傷害"},{"title":"","description":""},{"title":"ヴィパリャヤ","description":"2回合內，隨機將1個隊員換成隊長"},{"title":"毒氷乱","description":"左方起第2,5直行 轉 水珠暗珠毒珠，並造成120%傷害 (22253)"},{"title":"猛り狂う","description":"連擊3次，造成150%傷害 (27816)"},{"title":"雄叫び","description":"當前所有技能的冷卻時間增加 2~4 回合"},{"title":"パリャヴァサーナム","description":"連擊6次，造成1800%傷害 (333792)"}]