[{"title":"","description":""},{"title":"","description":""},{"title":"我の邪魔をするというのか・・・","description":"999回合內，將 5COMBO 或以下時所造成的傷害全部吸收"},{"title":"","description":""},{"title":"天怒の前触れ","description":"1回合內，盤面上出現大小為 6×2 的雲遮擋寶珠"},{"title":"","description":""},{"title":"戦神の呼声","description":"10回合內，水珠光珠會以鎖定狀態掉落"},{"title":"大したことないな","description":"連擊2次，造成110%傷害 (30310)"},{"title":"戦神の覇気","description":"當前所有技能的冷卻時間增加 3 回合"},{"title":"アースメギンの解放","description":"99回合內攻擊力提升至200%"},{"title":"ライトニングヘル","description":"所有寶珠 轉 邪魔珠，並造成500%傷害 (137770→275540"},{"title":"ここまでやるとは・・・","description":"999回合內異常狀態（如毒、威嚇、破防）無效化"},{"title":"よかろう来るがいい","description":"10回合內，受到的所有傷害減少50%"},{"title":"天怒の前触れ","description":"1回合內，盤面上出現大小為 6×2 的雲遮擋寶珠"},{"title":"雷よ！！","description":"左方起第2直行 轉 光珠，並造成95%傷害 (26176→52353)"},{"title":"雷よ！！","description":"左方起第3直行 轉 光珠，並造成95%傷害 (26176→52353)"},{"title":"雷よ！！","description":"右方起第3直行 轉 光珠，並造成95%傷害 (26176→52353)"},{"title":"雷よ！！","description":"右方起第2直行 轉 光珠，並造成95%傷害 (26176→52353)"},{"title":"轟け！ミョルニル","description":"將隨機10粒寶珠鎖定，並造成100%傷害 (27554→55108)"},{"title":"我に力を！メギンギョルド","description":"連擊3次，造成105%傷害 (28932→57864)"}]