[{"title":"","description":""},
{"title":"","description":""},
{"title":"転星","description":"將自身的屬性轉換成火"},
{"title":"","description":""},
{"title":"転星","description":"將自身的屬性轉換成水"},
{"title":"","description":""},
{"title":"転星","description":"將自身的屬性轉換成木"},
{"title":"","description":""},
{"title":"転星","description":"將自身的屬性轉換成光"},
{"title":"","description":""},
{"title":"スターソーサー","description":"3回合內，將受到的水屬性傷害轉換成自己的生命值"},
{"title":"","description":""},
{"title":"スターソーサー","description":"3回合內，將受到的木屬性傷害轉換成自己的生命值"},
{"title":"","description":""},
{"title":"スターソーサー","description":"3回合內，將受到的火屬性傷害轉換成自己的生命值"},
{"title":"","description":""},
{"title":"スターソーサー","description":"3回合內，將受到的暗屬性傷害轉換成自己的生命值"},
{"title":"","description":""},
{"title":"禍の啓示","description":"將心珠鎖定"},
{"title":"死星","description":"所有寶珠變為毒珠，並造成140%傷害 (32910"},
{"title":"クルエルティスター","description":"所有寶珠變為毒珠，並造成680%傷害 (159848"},
{"title":"星還","description":"將自身的屬性轉換成暗"},
{"title":"神王の共鳴","description":"999回合內攻擊力提升至150%"},
{"title":"禍雨","description":"5回合內，毒珠的掉落機率提升15%"},
{"title":"星羊の金毛","description":"2回合內，盤面上出現遮擋寶珠的雲"},
{"title":"ダークネイル","description":"連擊3次，造成150%傷害 (35262→52893)"},
{"title":"暗星の瞬き","description":"封鎖隨機1隻寵物1回合，並造成140%傷害 (32910→49365)"},
{"title":"暗星の瞬き","description":"封鎖隨機1隻寵物1回合，並造成140%傷害 (32910→49365)"}]