[{"title":"","description":""},{"title":"","description":""},
{"title":"晴天飛行","description":"10回合內，將 7COMBO 或以下時所造成的傷害全部吸收"},
{"title":"","description":""},
{"title":"風のいたずら","description":"10回合內，隨機2個位置上的寶珠每隔0.5秒不斷轉換"},
{"title":"エアレジスタンス","description":"10回合內，受到的所有傷害減少75%"},
{"title":"ダウンフォース","description":"當前所有技能的冷卻時間增加 10 回合"},
{"title":"ラッシュストーム","description":"所有寶珠變為木珠暗珠，並造成300%傷害 (177075"},
{"title":"ミストラルアロー","description":"最上方＆最下方橫行 轉 毒珠、第3橫行 轉 猛毒珠，並造成110%傷害 (64928)"},
{"title":"カームブリーズ","description":"5回合內，天降的寶珠不會產生COMBO，並造成10%傷害 (5903)"},
{"title":"ロイヤルゲイル","description":"隨機1種寶珠 轉 木珠，並造成100%傷害 (59025)"},
{"title":"エターナルウインド","description":"連擊3次，造成120%傷害 (70830)"},
{"title":"グローウィングエテジア","description":"將木珠暗珠鎖定，並造成110%傷害 (64928)"}]