[{"title":"","description":""},{"title":"","description":""},{"title":"甘露の龍膜","description":"2回合內，受到的所有傷害減少75%"},{"title":"","description":""},{"title":"蓮翼翔波","description":"所有寶珠變為火珠水珠木珠心珠，並造成150%傷害 (27183)"},{"title":"昂揚の蛇椎","description":"8回合內攻擊力提升至200%"},{"title":"沈滞の蛇跡","description":"4回合內，無法移動最下方第一橫行的寶珠 [HP90%↓必用]"},{"title":"息災の螺旋","description":"6回合內，將 6COMBO 或以下時所造成的傷害全部吸收"},{"title":"障毒","description":"隨機6粒寶珠 轉 猛毒珠，並造成50%傷害 (9061→18122)"},{"title":"清流の水脈","description":"上方起第1,5橫行 轉 水珠，並造成100%傷害 (18122→36244)"},{"title":"障海","description":"造成玩家目前HP99%的傷害"},{"title":"龍澪","description":"連擊4次，造成200%傷害 (36244→72488)"},{"title":"甘露の龍膜","description":"2回合內，受到的所有傷害減少75%"},{"title":"蓮翼翔波","description":"所有寶珠變為火珠水珠木珠心珠，並造成150%傷害 (27183→54366)"},{"title":"開眼・龍澪","description":"連擊8次，造成800%傷害 (144976→289952)"}]