[{"title":"","description":""},{"title":"","description":"[固有特性] HP在上限50%或以上的話，受到致命傷害時，將會以1點HP生還"},{"title":"","description":""},{"title":"[固有特性]  怒りで敵の行動ターンが変化した","description":"HP20%或以下時，敵人的攻擊間隔由 2 變成 1"},{"title":"","description":""},{"title":"紅蓮の巨体","description":"10回合內，將 7COMBO 或以下時所造成的傷害全部吸收"},{"title":"","description":""},{"title":"獄下の施し","description":"10回合內，寶珠移動時間變成原來的150%"},{"title":"","description":""},{"title":"渦炎","description":"10回合內，隨機1個位置上的寶珠每隔1.5秒不斷轉換(未實裝)"},{"title":"自己治癒","description":"回復50%HP"},{"title":"燃え上がる","description":"99回合內攻擊力提升至120%"},{"title":"弾き飛ばし","description":"10回合內，隨機將1個隊員換成隊長"},{"title":"硬殻の翼","description":"10回合內，單一傷害值在 5,000,000 點以上的傷害無效化"},{"title":"興奮状態","description":"4回合內異常狀態（如毒、威嚇、破防）無效化"},{"title":"棘翼撃","description":"隱藏全畫面的寶珠，並造成210%傷害 (38338→46005)"},{"title":"噴煙","description":"4回合內，盤面上出現大小為 2×3 的雲遮擋寶珠，並造成120%傷害 (21907→26289"},{"title":"熱波","description":"2回合內，無法移動最上方及最下方橫行的寶珠"},{"title":"魔獣の猛撃","description":"連擊10次，造成1200%傷害 (219070→262884"},{"title":"毒槍","description":"隨機將3粒心珠毒珠以外的寶珠變成毒珠，並造成220%傷害 (40163→48196)"},{"title":"翠連爪","description":"連擊4次，造成240%傷害 (43816→52579)"}]