[{"title":"","description":""},
{"title":"","description":"[固有特性] HP在上限90%或以上的話，受到致命傷害時，將會以1點HP生還"},
{"title":"","description":"[固有特性] 受到的光屬性傷害減少50%"},
{"title":"","description":""},
{"title":"エージングアガー","description":"999回合內異常狀態（如毒、威嚇、破防）無效化"},
{"title":"","description":""},
{"title":"ブリリアントレシピ","description":"999回合內，單一傷害值在 25,000,000 點以上的傷害無效化"},
{"title":"","description":""},
{"title":"カラメリゼコーティング","description":"4回合內，受到的所有傷害減少90%"},
{"title":"ピューレアパレイユ","description":"隱藏全畫面的寶珠"},
{"title":"アベゼアンロベ","description":"1回合內，無法移動最上方及最下方橫行的寶珠"},
{"title":"スイーツスペシャリテ","description":"所有寶珠變為光珠，並造成800%傷害 (420240"},
{"title":"オーバーランナッペ","description":"2回合內，覺醒技能無效化，並造成80%傷害 (42024)"},
{"title":"クリームドルチェ","description":"4回合內，盤面上出現大小為 3×2 的雲遮擋寶珠，並造成80%傷害 (42024)2"},
{"title":"エバルベピケ","description":"消除玩家所有BUFF技能效果（如盾、攻擊增幅技能）"},
{"title":"パイピングトゥラージュ","description":"1回合內，玩家的HP上限固定為50000"},
{"title":"グラサージュアシェ","description":"連擊3次，造成90%傷害 (47277)"},
{"title":"トランシュコンポート","description":"2回合內，回復力變成原來的50%，並造成80%傷害 (42024)"},
{"title":"フレイズブリュレ","description":"隨機轉換自身的屬性，並造成84%傷害 (44125)"}]