[{"title":"","description":""},
{"title":"","description":"[固有特性] HP在上限90%或以上的話，受到致命傷害時，將會以1點HP生還"},
{"title":"","description":"[固有特性] 受到的木屬性傷害減少50%"},
{"title":"","description":""},
{"title":"ロック・ユー！ベイベー！","description":"指定位置的寶珠變成爆弾"},
{"title":"","description":""},
{"title":"フルアップ・ディストーション","description":"999回合內，單一傷害值在 25,000,000 點以上的傷害無效化"},
{"title":"","description":""},
{"title":"エイトビート","description":"8回合內，隨機將1個隊員換成隊長"},
{"title":"マイクターン","description":"1回合內，隨機將1個隊員換成隊長"},
{"title":"ウォール・オブ・デス","description":"連擊6~9次，每次造成300%傷害 (1026000~1539000)"},
{"title":"ステージダイブ","description":"8回合內，受到的所有傷害減少50%"},
{"title":"クラウドサーフィング","description":"999回合內異常狀態（如毒、威嚇、破防）無效化"},
{"title":"ロック・ユー！ベイベー！","description":"指定位置的寶珠變成爆弾"},
{"title":"フルアップ・ディストーション","description":"999回合內，單一傷害值在 25,000,000 點以上的傷害無效化"},
{"title":"エイトビート","description":"8回合內，隨機將1個隊員換成隊長"},
{"title":"ヘッドバンギング・モッシュ","description":"連擊3次，造成60%傷害 (34200)"},
{"title":"オーバードライブ・デスボイス","description":"封鎖隨機2隻寵物1~2回合，並造成50%傷害 (28500)"},
{"title":"ヘッドバンギング・モッシュ","description":"連擊3次，造成60%傷害 (34200)"},
{"title":"ハウリング・シャウト","description":"當前所有技能的冷卻時間增加 1~2 回合，並造成45%傷害 (25650)"},
{"title":"ヘッドバンギング・モッシュ","description":"連擊3次，造成60%傷害 (34200)"},
{"title":"アクセント・ファズ","description":"將隨機15粒寶珠鎖定，並造成40%傷害 (22800)"}]