[{"title":"","description":""},
{"title":"","description":"[固有特性] HP在上限90%或以上的話，受到致命傷害時，將會以1點HP生還"},
{"title":"","description":"[固有特性] 受到的暗屬性傷害減少50%"},
{"title":"","description":""},
{"title":"魔皇子の威厳","description":"999回合內異常狀態（如毒、威嚇、破防）無效化"},
{"title":"","description":""},
{"title":"狂皇の血族","description":"999回合內，單一傷害值在 60,000,000 點以上的傷害無效化"},
{"title":"","description":""},
{"title":"猛毒の雨","description":"1回合內，猛毒珠的掉落機率提升60%"},
{"title":"消滅する生命","description":"1回合內，寶珠移動時間變成原來的25%"},
{"title":"魔界の海","description":"所有寶珠變為猛毒珠，並造成800%傷害 (464400)"},
{"title":"ポイズンワールド","description":"30回合內，毒珠的掉落機率提升15%"},
{"title":"骸の贈物","description":"1回合內，受到的所有傷害減少75%，並造成30%傷害 (17415)"},
{"title":"魔皇子のわがまま","description":"封鎖全部寵物5回合"},
{"title":"猛毒の海","description":"所有寶珠變為猛毒珠，並造成150%傷害 (87075)"},
{"title":"闇からの強襲","description":"3回合內，隨機3粒寶珠變成超暗闇狀態，並造成130%傷害 (75465)"},
{"title":"デッドリーコンボ","description":"連擊3次，造成135%傷害 (78369)"}]