[{"title":"","description":""},{"title":"","description":"[固有特性] HP在上限90%或以上的話，受到致命傷害時，將會以1點HP生還"},
{"title":"","description":"[固有特性] 受到的水屬性傷害減少50%"},
{"title":"","description":""},
{"title":"水光接天の眺望","description":"999回合內異常狀態（如毒、威嚇、破防）無效化"},
{"title":"","description":""},
{"title":"蛟竜雲雨の一筆","description":"999回合內，單一傷害值在 25,000,000 點以上的傷害無效化"},
{"title":"","description":""},
{"title":"運否天賦の行雲流水","description":"1回合內，火珠水珠木珠光珠暗珠其中一種無法被消除，並造成120%傷害 (72828)"},
{"title":"青天の霹靂","description":"消除玩家所有BUFF技能效果（如盾、攻擊增幅技能）"},
{"title":"死生有命","description":"連擊4次，造成1600%傷害 (971040)"},
{"title":"画竜点睛の貫徹","description":"5回合內，隨機15粒寶珠變成超暗闇狀態"},
{"title":"慷慨憤激の越水","description":"10回合內，盤面上出現大小為 2×5 的雲遮擋寶珠"},
{"title":"運否天賦の行雲流水","description":"1回合內，火珠水珠木珠光珠暗珠其中一種無法被消除，並造成120%傷害 (72828"},
{"title":"竜虎相搏の滄浪","description":"最左方＆最右方一直行 轉 水珠邪魔珠毒珠，並造成50%傷害 (30345)"},
{"title":"輸攻墨守の繁吹","description":"1回合內，受到的所有傷害減少50%，並造成50%傷害 (30345)"},
{"title":"竜虎相搏の滄浪","description":"最上方＆最下方一橫行 轉 水珠邪魔珠毒珠，並造成50%傷害 (30345)"},
{"title":"遊生夢死の天命","description":"封鎖隨機2隻隊員寵物1~2回合，並造成50%傷害 (30345)"}]