[{"title":"","description":""},{"title":"","description":"[固有特性] HP在上限90%或以上的話，受到致命傷害時，將會以1點HP生還"}
,{"title":"","description":"[固有特性] 受到的火屬性傷害減少50%"}
,{"title":"","description":""}
,{"title":"風薫る 立夏の夜","description":"999回合內異常狀態（如毒、威嚇、破防）無效化"}
,{"title":"","description":""}
,{"title":"万里駆ける 暁の風","description":"1回合內，將 9COMBO 或以下時所造成的傷害全部吸收"}
,{"title":"","description":""}
,{"title":"陽春 花香満つ","description":"999回合內，單一傷害值在 50,000,000 點以上的傷害無效化"}
,{"title":"万里駆ける 暁の風","description":"99回合內，將 7COMBO 或以下時所造成的傷害全部吸收"}
,{"title":"緑陰 木蔭の雨後","description":"3回合內，隨機1個位置上的寶珠每隔0.5秒不斷轉換"}
,{"title":"ざわめく茂り 南風","description":"將寶珠起手的位置隨機固定，並造成100%傷害 (52785)"}
,{"title":"姿変じる 黄雀風","description":"隨機轉換自身的屬性"}
,{"title":"終わりなき風 茅花流し","description":"連擊5次，造成1500%傷害 (791775)"}
,{"title":"木下闇 陰影の清涼","description":"1回合內，玩家的HP上限變為原來的50%，並造成110%傷害 (58064"}
,{"title":"五月雨 卯の花腐し","description":"10回合內，覺醒技能無效化"}
,{"title":"新緑纏う 芒種の日差し","description":"999回合內攻擊力提升至200%"}
,{"title":"薄暑続く 青嵐","description":"99回合內，寶珠移動時間減少2秒"}
,{"title":"木下闇 陰影の清涼","description":"1回合內，玩家的HP上限變為原來的50%，並造成110%傷害 (58064→116127)"}
,{"title":"緑陰 木蔭の雨後","description":"3回合內，隨機1個位置上的寶珠每隔0.5秒不斷轉換"}
,{"title":"ざわめく茂り 南風","description":"將寶珠起手的位置隨機固定，並造成100%傷害 (52785→105570)"}]