[{"title":"","description":""},{"title":"","description":"[固有特性] 由體力類和攻擊類寵物造成的傷害減少50%"},{"title":"","description":""},{"title":"オーバースラップ","description":"3回合內，覺醒技能無效化"},{"title":"","description":""},{"title":"グランドシールド","description":"999回合內異常狀態（如毒、威嚇、破防）無效化"},{"title":"逃がしはしない","description":"封鎖隨機1隻隊員寵物5回合"},{"title":"大地の檻","description":"5回合內，無法發動任何主動技能 "},{"title":"ギガントブレイク","description":"連擊3次，造成360%傷害 (50760"},{"title":"ウィンドスラッシュ","description":"連擊2次，造成300%傷害 (42300)"}]