{"mMonsterTypes":{"first":"DRAGON","second":"NONE"},"mMonsterProps":{"first":1,"second":-1},"mActiveSkill":[{"mData":[1,3,1],"mType":"ST_ATTACK"}],"mLeaderSkill":[{"mData":[1,1,1,1,150],"mType":"LST_FACTOR"}],"mImageUrl":"http:\/\/img2.wikia.nocookie.net\/__cb20131004075010\/pad\/zh\/images\/2\/2f\/001i.png","mAwokenList":["SKILL_BOOST","SKILL_BOOST"],"mCost":2,"mHp":52,"mHpMax":144,"mAtkMax":71,"mAtk":57,"mLv":5,"hpScale":1,"atkScale":1,"mNo":1,"mRare":2,"mRcvMax":13,"mRecovery":8,"rcvScale":1,"slv1":"10","slvmax":"5"}