{"mMonsterTypes":{"first":"DRAGON","second":"NONE"},"mMonsterProps":{"first":1,"second":-1},"mActiveSkill":[{"mData":[1,3,1],"mType":"ST_ATTACK"}],"mLeaderSkill":[{"mData":[1,1,1,1,150],"mType":"LST_FACTOR"}],"mImageUrl":"http:\/\/img1.wikia.nocookie.net\/__cb20120410074950\/pad\/zh\/images\/b\/bd\/002i.png","mAwokenList":["SKILL_BOOST","SKILL_BOOST"],"mCost":4,"mHp":115,"mHpMax":490,"mAtkMax":231,"mAtk":64,"mLv":15,"hpScale":1,"atkScale":1,"mNo":2,"mRare":3,"mRcvMax":50,"mRecovery":12,"rcvScale":1,"slv1":"10","slvmax":"5"}