{"mMonsterTypes":{"first":"DRAGON","second":"NONE"},"mMonsterProps":{"first":1,"second":-1},"mActiveSkill":[{"mData":[2,130,1],"mType":"ST_POWER_UP"}],"mLeaderSkill":[{"mData":[1,1,1,1,150],"mType":"LST_FACTOR"}],"mImageUrl":"http:\/\/img1.wikia.nocookie.net\/__cb20120410075116\/pad\/zh\/images\/b\/b4\/003i.png","mAwokenList":[],"mCost":6,"mHp":392,"mHpMax":971,"mAtkMax":508,"mAtk":208,"mLv":35,"hpScale":1,"atkScale":1,"mNo":3,"mRare":4,"mRcvMax":111,"mRecovery":45,"rcvScale":1,"slv1":"30","slvmax":"8"}