{"mMonsterTypes":{"first":"DRAGON","second":"NONE"},"mMonsterProps":{"first":1,"second":-1},"mActiveSkill":[{"mData":[2,130,1],"mType":"ST_POWER_UP"}],"mLeaderSkill":[{"mData":[1,1,1,1,200],"mType":"LST_FACTOR"}],"mImageUrl":"http:\/\/img3.wikia.nocookie.net\/__cb20120328030719\/pad\/zh\/images\/3\/35\/004i.png","mAwokenList":["ENHANCE_HP","ENHANCE_ATK","SKILL_BOOST","SKILL_BOOST"],"mCost":10,"mHp":777,"mHpMax":2145,"mAtkMax":1114,"mAtk":457,"mLv":99,"hpScale":1,"atkScale":1,"mNo":4,"mRare":5,"mRcvMax":231,"mRecovery":100,"rcvScale":1,"slv1":"30","slvmax":"8"}