{"mMonsterTypes":{"first":"DRAGON","second":"NONE"},"mMonsterProps":{"first":4,"second":-1},"mActiveSkill":[{"mData":[1,3,4],"mType":"ST_ATTACK"}],"mLeaderSkill":[{"mData":[1,4,1,1,150],"mType":"LST_FACTOR"}],"mImageUrl":"http:\/\/img1.wikia.nocookie.net\/__cb20120328030739\/pad\/zh\/images\/5\/5d\/006i.png","mAwokenList":[],"mCost":4,"mHp":124,"mHpMax":518,"mAtkMax":210,"mAtk":56,"mLv":15,"hpScale":1,"atkScale":1,"mNo":6,"mRare":3,"mRcvMax":60,"mRecovery":16,"rcvScale":1,"slv1":"10","slvmax":"5"}