{"mMonsterTypes":{"first":"DRAGON","second":"NONE"},"mMonsterProps":{"first":4,"second":-1},"mActiveSkill":[{"mData":[2,130,4],"mType":"ST_POWER_UP"}],"mLeaderSkill":[{"mData":[1,4,1,1,150],"mType":"LST_FACTOR"}],"mImageUrl":"http:\/\/img2.wikia.nocookie.net\/__cb20120328030834\/pad\/zh\/images\/1\/1c\/007i.png","mAwokenList":[],"mCost":6,"mHp":414,"mHpMax":998,"mAtkMax":477,"mAtk":189,"mLv":35,"hpScale":1,"atkScale":1,"mNo":7,"mRare":4,"mRcvMax":128,"mRecovery":54,"rcvScale":1,"slv1":"30","slvmax":"8"}