{"mMonsterTypes":{"first":"DRAGON","second":"NONE"},"mMonsterProps":{"first":4,"second":-1},"mActiveSkill":[{"mData":[2,130,4],"mType":"ST_POWER_UP"}],"mLeaderSkill":[{"mData":[1,4,1,1,200],"mType":"LST_FACTOR"}],"mImageUrl":"http:\/\/img2.wikia.nocookie.net\/__cb20120328030851\/pad\/zh\/images\/e\/e3\/008i.png","mAwokenList":["ENHANCE_HP","ENHANCE_ATK","SKILL_BOOST"],"mCost":10,"mHp":798,"mHpMax":2195,"mAtkMax":1056,"mAtk":429,"mLv":99,"hpScale":1,"atkScale":1,"mNo":8,"mRare":5,"mRcvMax":264,"mRecovery":115,"rcvScale":1,"slv1":"30","slvmax":"8"}