{"mMonsterTypes":{"first":"DRAGON","second":"NONE"},"mMonsterProps":{"first":5,"second":-1},"mActiveSkill":[{"mData":[1,3,5],"mType":"ST_ATTACK"}],"mLeaderSkill":[{"mData":[1,5,1,1,150],"mType":"LST_FACTOR"}],"mImageUrl":"http:\/\/img3.wikia.nocookie.net\/__cb20120409065559\/pad\/zh\/images\/c\/c9\/010i.png","mAwokenList":[],"mCost":4,"mHp":134,"mHpMax":555,"mAtkMax":208,"mAtk":53,"mLv":15,"hpScale":1,"atkScale":1,"mNo":10,"mRare":3,"mRcvMax":75,"mRecovery":20,"rcvScale":1,"slv1":"10","slvmax":"5"}