{"mMonsterTypes":{"first":"DRAGON","second":"NONE"},"mMonsterProps":{"first":5,"second":-1},"mActiveSkill":[{"mData":[2,130,5],"mType":"ST_POWER_UP"}],"mLeaderSkill":[{"mData":[1,5,1,1,150],"mType":"LST_FACTOR"}],"mImageUrl":"http:\/\/img3.wikia.nocookie.net\/__cb20120409065750\/pad\/zh\/images\/e\/e8\/011i.png","mAwokenList":[],"mCost":6,"mHp":444,"mHpMax":1015,"mAtkMax":464,"mAtk":187,"mLv":35,"hpScale":1,"atkScale":1,"mNo":11,"mRare":4,"mRcvMax":140,"mRecovery":68,"rcvScale":1,"slv1":"30","slvmax":"8"}