{"mMonsterTypes":{"first":"DRAGON","second":"NONE"},"mMonsterProps":{"first":5,"second":-1},"mActiveSkill":[{"mData":[2,130,5],"mType":"ST_POWER_UP"}],"mLeaderSkill":[{"mData":[1,5,1,1,200],"mType":"LST_FACTOR"}],"mImageUrl":"http:\/\/img1.wikia.nocookie.net\/__cb20120328030914\/pad\/zh\/images\/2\/2d\/012i.png","mAwokenList":["ENHANCE_HP","ENHANCE_ATK","SKILL_BOOST"],"mCost":10,"mHp":812,"mHpMax":2228,"mAtkMax":1031,"mAtk":418,"mLv":99,"hpScale":1,"atkScale":1,"mNo":12,"mRare":5,"mRcvMax":286,"mRecovery":126,"rcvScale":1,"slv1":"30","slvmax":"8"}