{"mMonsterTypes":{"first":"DRAGON","second":"NONE"},"mMonsterProps":{"first":3,"second":-1},"mActiveSkill":[{"mData":[1,3,3],"mType":"ST_ATTACK"}],"mLeaderSkill":[{"mData":[1,3,1,1,150],"mType":"LST_FACTOR"}],"mImageUrl":"http:\/\/img3.wikia.nocookie.net\/__cb20120416040206\/pad\/zh\/images\/a\/a5\/014i.png","mAwokenList":[],"mCost":4,"mHp":110,"mHpMax":460,"mAtkMax":221,"mAtk":59,"mLv":15,"hpScale":1,"atkScale":1,"mNo":14,"mRare":3,"mRcvMax":55,"mRecovery":14,"rcvScale":1,"slv1":"10","slvmax":"5"}