{"mMonsterTypes":{"first":"DRAGON","second":"NONE"},"mMonsterProps":{"first":3,"second":-1},"mActiveSkill":[{"mData":[2,130,3],"mType":"ST_POWER_UP"}],"mLeaderSkill":[{"mData":[1,3,1,1,150],"mType":"LST_FACTOR"}],"mImageUrl":"http:\/\/img4.wikia.nocookie.net\/__cb20120328030950\/pad\/zh\/images\/d\/dc\/015i.png","mAwokenList":[],"mCost":6,"mHp":368,"mHpMax":928,"mAtkMax":486,"mAtk":199,"mLv":35,"hpScale":1,"atkScale":1,"mNo":15,"mRare":4,"mRcvMax":117,"mRecovery":50,"rcvScale":1,"slv1":"30","slvmax":"9"}