{"mMonsterTypes":{"first":"DRAGON","second":"NONE"},"mMonsterProps":{"first":3,"second":-1},"mActiveSkill":[{"mData":[2,130,3],"mType":"ST_POWER_UP"}],"mLeaderSkill":[{"mData":[1,3,1,1,200],"mType":"LST_FACTOR"}],"mImageUrl":"http:\/\/img1.wikia.nocookie.net\/__cb20120328030944\/pad\/zh\/images\/f\/fb\/016i.png","mAwokenList":["ENHANCE_HP","ENHANCE_ATK","SKILL_BOOST"],"mCost":10,"mHp":742,"mHpMax":2063,"mAtkMax":1073,"mAtk":437,"mLv":99,"hpScale":1,"atkScale":1,"mNo":16,"mRare":5,"mRcvMax":253,"mRecovery":105,"rcvScale":1,"slv1":"30","slvmax":"9"}