{"mMonsterTypes":{"first":"DRAGON","second":"NONE"},"mMonsterProps":{"first":0,"second":-1},"mActiveSkill":[{"mData":[1,3,0],"mType":"ST_ATTACK"}],"mLeaderSkill":[{"mData":[1,0,1,1,150],"mType":"LST_FACTOR"}],"mImageUrl":"http:\/\/img1.wikia.nocookie.net\/__cb20120418063620\/pad\/zh\/images\/4\/41\/018i.png","mAwokenList":[],"mCost":4,"mHp":103,"mHpMax":447,"mAtkMax":236,"mAtk":70,"mLv":15,"hpScale":1,"atkScale":1,"mNo":18,"mRare":3,"mRcvMax":45,"mRecovery":11,"rcvScale":1,"slv1":"10","slvmax":"5"}