{"mMonsterTypes":{"first":"DRAGON","second":"NONE"},"mMonsterProps":{"first":0,"second":-1},"mActiveSkill":[{"mData":[2,130,0],"mType":"ST_POWER_UP"}],"mLeaderSkill":[{"mData":[1,0,1,1,150],"mType":"LST_FACTOR"}],"mImageUrl":"http:\/\/img1.wikia.nocookie.net\/__cb20120328031018\/pad\/zh\/images\/4\/4f\/019i.png","mAwokenList":[],"mCost":6,"mHp":358,"mHpMax":954,"mAtkMax":499,"mAtk":212,"mLv":35,"hpScale":1,"atkScale":1,"mNo":19,"mRare":4,"mRcvMax":105,"mRecovery":41,"rcvScale":1,"slv1":"30","slvmax":"9"}