{"mMonsterTypes":{"first":"DRAGON","second":"NONE"},"mMonsterProps":{"first":0,"second":-1},"mActiveSkill":[{"mData":[2,130,0],"mType":"ST_POWER_UP"}],"mLeaderSkill":[{"mData":[1,0,1,1,200],"mType":"LST_FACTOR"}],"mImageUrl":"http:\/\/img4.wikia.nocookie.net\/__cb20120328031026\/pad\/zh\/images\/9\/95\/020i.png","mAwokenList":["ENHANCE_HP","ENHANCE_ATK","SKILL_BOOST"],"mCost":10,"mHp":763,"mHpMax":2112,"mAtkMax":1097,"mAtk":449,"mLv":99,"hpScale":1,"atkScale":1,"mNo":20,"mRare":5,"mRcvMax":220,"mRecovery":95,"rcvScale":1,"slv1":"30","slvmax":"9"}