{"mMonsterTypes":{"first":"BALANCED","second":"NONE"},"mMonsterProps":{"first":1,"second":-1},"mActiveSkill":[{"mData":[],"mType":"ST_NOT_SUPPORT"}],"mLeaderSkill":[{"mData":[],"mType":"LST_NOT_SUPPORT"}],"mImageUrl":"http:\/\/img4.wikia.nocookie.net\/__cb20120328031452\/pad\/zh\/images\/8\/82\/036i.png","mAwokenList":[],"mCost":1,"mHp":39,"mHpMax":195,"mAtkMax":105,"mAtk":42,"mLv":10,"hpScale":0.7,"atkScale":0.7,"mNo":36,"mRare":1,"mRcvMax":30,"mRecovery":9,"rcvScale":0.7,"slv1":-1,"slvmax":-1}