{"mMonsterTypes":{"first":"BALANCED","second":"NONE"},"mMonsterProps":{"first":1,"second":-1},"mActiveSkill":[{"mData":[2,1],"mType":"ST_COLOR_CHANGE"}],"mLeaderSkill":[{"mData":[],"mType":"LST_NOT_SUPPORT"}],"mImageUrl":"http:\/\/img3.wikia.nocookie.net\/__cb20120328031455\/pad\/zh\/images\/8\/8a\/037i.png","mAwokenList":[],"mCost":3,"mHp":156,"mHpMax":480,"mAtkMax":323,"mAtk":95,"mLv":30,"hpScale":0.7,"atkScale":0.7,"mNo":37,"mRare":2,"mRcvMax":50,"mRecovery":27,"rcvScale":0.7,"slv1":"11","slvmax":"5"}