{"mMonsterTypes":{"first":"BALANCED","second":"NONE"},"mMonsterProps":{"first":4,"second":-1},"mActiveSkill":[{"mData":[1,2],"mType":"ST_COLOR_CHANGE"}],"mLeaderSkill":[{"mData":[],"mType":"LST_NOT_SUPPORT"}],"mImageUrl":"http:\/\/img4.wikia.nocookie.net\/__cb20120328031543\/pad\/zh\/images\/2\/29\/039i.png","mAwokenList":[],"mCost":3,"mHp":172,"mHpMax":518,"mAtkMax":296,"mAtk":84,"mLv":30,"hpScale":0.7,"atkScale":0.7,"mNo":39,"mRare":2,"mRcvMax":55,"mRecovery":27,"rcvScale":0.7,"slv1":"11","slvmax":"5"}