{"mMonsterTypes":{"first":"BALANCED","second":"NONE"},"mMonsterProps":{"first":5,"second":-1},"mActiveSkill":[{"mData":[],"mType":"ST_NOT_SUPPORT"}],"mLeaderSkill":[{"mData":[],"mType":"LST_NOT_SUPPORT"}],"mImageUrl":"http:\/\/img4.wikia.nocookie.net\/__cb20120328031552\/pad\/zh\/images\/f\/f9\/040i.png","mAwokenList":[],"mCost":1,"mHp":41,"mHpMax":205,"mAtkMax":90,"mAtk":36,"mLv":10,"hpScale":0.7,"atkScale":0.7,"mNo":40,"mRare":1,"mRcvMax":37,"mRecovery":11,"rcvScale":0.7,"slv1":-1,"slvmax":-1}