{"mMonsterTypes":{"first":"BALANCED","second":"NONE"},"mMonsterProps":{"first":5,"second":-1},"mActiveSkill":[{"mData":[0],"mType":"ST_CLEAR_BOARD"}],"mLeaderSkill":[{"mData":[],"mType":"LST_NOT_SUPPORT"}],"mImageUrl":"http:\/\/img2.wikia.nocookie.net\/__cb20120328031556\/pad\/zh\/images\/7\/71\/041i.png","mAwokenList":[],"mCost":3,"mHp":164,"mHpMax":503,"mAtkMax":311,"mAtk":81,"mLv":30,"hpScale":0.7,"atkScale":0.7,"mNo":41,"mRare":2,"mRcvMax":65,"mRecovery":33,"rcvScale":0.7,"slv1":-1,"slvmax":-1}