{"mMonsterTypes":{"first":"BALANCED","second":"NONE"},"mMonsterProps":{"first":3,"second":-1},"mActiveSkill":[{"mData":[],"mType":"ST_NOT_SUPPORT"}],"mLeaderSkill":[{"mData":[],"mType":"LST_NOT_SUPPORT"}],"mImageUrl":"http:\/\/img3.wikia.nocookie.net\/__cb20120328031622\/pad\/zh\/images\/f\/fa\/042i.png","mAwokenList":[],"mCost":1,"mHp":39,"mHpMax":195,"mAtkMax":98,"mAtk":39,"mLv":10,"hpScale":0.7,"atkScale":0.7,"mNo":42,"mRare":1,"mRcvMax":33,"mRecovery":10,"rcvScale":0.7,"slv1":-1,"slvmax":-1}