{"mMonsterTypes":{"first":"BALANCED","second":"NONE"},"mMonsterProps":{"first":3,"second":-1},"mActiveSkill":[{"mData":[0,2],"mType":"ST_COLOR_CHANGE"}],"mLeaderSkill":[{"mData":[],"mType":"LST_NOT_SUPPORT"}],"mImageUrl":"http:\/\/img1.wikia.nocookie.net\/__cb20120328031627\/pad\/zh\/images\/d\/de\/043i.png","mAwokenList":[],"mCost":3,"mHp":156,"mHpMax":488,"mAtkMax":304,"mAtk":88,"mLv":30,"hpScale":0.7,"atkScale":0.7,"mNo":43,"mRare":2,"mRcvMax":60,"mRecovery":30,"rcvScale":0.7,"slv1":"11","slvmax":"5"}