{"mMonsterTypes":{"first":"BALANCED","second":"NONE"},"mMonsterProps":{"first":0,"second":-1},"mActiveSkill":[{"mData":[],"mType":"ST_NOT_SUPPORT"}],"mLeaderSkill":[{"mData":[],"mType":"LST_NOT_SUPPORT"}],"mImageUrl":"http:\/\/img4.wikia.nocookie.net\/__cb20120328031633\/pad\/zh\/images\/2\/2a\/044i.png","mAwokenList":[],"mCost":1,"mHp":41,"mHpMax":205,"mAtkMax":108,"mAtk":43,"mLv":10,"hpScale":0.7,"atkScale":0.7,"mNo":44,"mRare":1,"mRcvMax":27,"mRecovery":8,"rcvScale":0.7,"slv1":-1,"slvmax":-1}