{"mMonsterTypes":{"first":"BALANCED","second":"NONE"},"mMonsterProps":{"first":0,"second":-1},"mActiveSkill":[{"mData":[2,0],"mType":"ST_COLOR_CHANGE"}],"mLeaderSkill":[{"mData":[],"mType":"LST_NOT_SUPPORT"}],"mImageUrl":"http:\/\/img1.wikia.nocookie.net\/__cb20120328031638\/pad\/zh\/images\/e\/e8\/045i.png","mAwokenList":[],"mCost":3,"mHp":164,"mHpMax":503,"mAtkMax":319,"mAtk":97,"mLv":30,"hpScale":0.7,"atkScale":0.7,"mNo":45,"mRare":2,"mRcvMax":45,"mRecovery":24,"rcvScale":0.7,"slv1":"11","slvmax":"5"}