{"mMonsterTypes":{"first":"ATTACKER","second":"NONE"},"mMonsterProps":{"first":1,"second":-1},"mActiveSkill":[{"mData":[2,1],"mType":"ST_COLOR_CHANGE"}],"mLeaderSkill":[{"mData":[],"mType":"LST_NOT_SUPPORT"}],"mImageUrl":"http:\/\/img3.wikia.nocookie.net\/__cb20120328031905\/pad\/zh\/images\/5\/51\/057i.png","mAwokenList":[],"mCost":5,"mHp":248,"mHpMax":600,"mAtkMax":525,"mAtk":140,"mLv":30,"hpScale":1,"atkScale":1,"mNo":57,"mRare":2,"mRcvMax":35,"mRecovery":15,"rcvScale":1,"slv1":"11","slvmax":"5"}