{"mMonsterTypes":{"first":"ATTACKER","second":"NONE"},"mMonsterProps":{"first":4,"second":-1},"mActiveSkill":[{"mData":[1,2],"mType":"ST_COLOR_CHANGE"}],"mLeaderSkill":[{"mData":[],"mType":"LST_NOT_SUPPORT"}],"mImageUrl":"http:\/\/img1.wikia.nocookie.net\/__cb20120328031918\/pad\/zh\/images\/e\/ee\/059i.png","mAwokenList":[],"mCost":5,"mHp":268,"mHpMax":638,"mAtkMax":518,"mAtk":129,"mLv":30,"hpScale":1,"atkScale":1,"mNo":59,"mRare":2,"mRcvMax":30,"mRecovery":12,"rcvScale":1,"slv1":"11","slvmax":"5"}