{"mMonsterTypes":{"first":"PHYSICAL","second":"NONE"},"mMonsterProps":{"first":1,"second":-1},"mActiveSkill":[{"mData":[],"mType":"ST_NOT_SUPPORT"}],"mLeaderSkill":[{"mData":[],"mType":"LST_NOT_SUPPORT"}],"mImageUrl":"http:\/\/img1.wikia.nocookie.net\/__cb20120328031943\/pad\/zh\/images\/3\/3e\/063i.png","mAwokenList":["SKILL_BOOST","SKILL_BOOST"],"mCost":7,"mHp":504,"mHpMax":1775,"mAtkMax":888,"mAtk":284,"mLv":50,"hpScale":1,"atkScale":1,"mNo":63,"mRare":3,"mRcvMax":8,"mRecovery":5,"rcvScale":1,"slv1":-1,"slvmax":-1}