{"mMonsterTypes":{"first":"PHYSICAL","second":"NONE"},"mMonsterProps":{"first":4,"second":-1},"mActiveSkill":[{"mData":[],"mType":"ST_NOT_SUPPORT"}],"mLeaderSkill":[{"mData":[],"mType":"LST_NOT_SUPPORT"}],"mImageUrl":"http:\/\/img1.wikia.nocookie.net\/__cb20120328031959\/pad\/zh\/images\/4\/41\/065i.png","mAwokenList":["SKILL_BOOST","SKILL_BOOST"],"mCost":7,"mHp":498,"mHpMax":1900,"mAtkMax":875,"mAtk":277,"mLv":50,"hpScale":1,"atkScale":1,"mNo":65,"mRare":3,"mRcvMax":8,"mRecovery":5,"rcvScale":1,"slv1":-1,"slvmax":-1}