{"mMonsterTypes":{"first":"PHYSICAL","second":"NONE"},"mMonsterProps":{"first":5,"second":-1},"mActiveSkill":[{"mData":[],"mType":"ST_NOT_SUPPORT"}],"mLeaderSkill":[{"mData":[],"mType":"LST_NOT_SUPPORT"}],"mImageUrl":"http:\/\/img2.wikia.nocookie.net\/__cb20120328032010\/pad\/zh\/images\/0\/04\/067i.png","mAwokenList":["SKILL_BOOST","SKILL_BOOST"],"mCost":7,"mHp":492,"mHpMax":1838,"mAtkMax":856,"mAtk":266,"mLv":50,"hpScale":1,"atkScale":1,"mNo":67,"mRare":3,"mRcvMax":8,"mRecovery":5,"rcvScale":1,"slv1":-1,"slvmax":-1}