{"mMonsterTypes":{"first":"BALANCED","second":"NONE"},"mMonsterProps":{"first":1,"second":-1},"mActiveSkill":[{"mData":[5,50],"mType":"ST_REDUCE_DEF"}],"mLeaderSkill":[{"mData":[],"mType":"LST_NOT_SUPPORT"}],"mImageUrl":"http:\/\/img4.wikia.nocookie.net\/__cb20120328032013\/pad\/zh\/images\/3\/37\/068i.png","mAwokenList":[],"mCost":3,"mHp":44,"mHpMax":330,"mAtkMax":180,"mAtk":48,"mLv":15,"hpScale":0.7,"atkScale":0.7,"mNo":68,"mRare":2,"mRcvMax":40,"mRecovery":8,"rcvScale":0.7,"slv1":"15","slvmax":"6"}