{"mMonsterTypes":{"first":"BALANCED","second":"NONE"},"mMonsterProps":{"first":1,"second":-1},"mActiveSkill":[{"mData":[5,50],"mType":"ST_REDUCE_DEF"}],"mLeaderSkill":[{"mData":[],"mType":"LST_NOT_SUPPORT"}],"mImageUrl":"http:\/\/img2.wikia.nocookie.net\/__cb20120328032020\/pad\/zh\/images\/3\/33\/069i.png","mAwokenList":[],"mCost":6,"mHp":264,"mHpMax":838,"mAtkMax":444,"mAtk":162,"mLv":50,"hpScale":0.7,"atkScale":0.7,"mNo":69,"mRare":3,"mRcvMax":100,"mRecovery":36,"rcvScale":0.7,"slv1":"15","slvmax":"6"}