{"mMonsterTypes":{"first":"BALANCED","second":"NONE"},"mMonsterProps":{"first":4,"second":-1},"mActiveSkill":[{"mData":[5,50],"mType":"ST_REDUCE_DEF"}],"mLeaderSkill":[{"mData":[],"mType":"LST_NOT_SUPPORT"}],"mImageUrl":"http:\/\/img3.wikia.nocookie.net\/__cb20120328032026\/pad\/zh\/images\/2\/2a\/070i.png","mAwokenList":[],"mCost":3,"mHp":48,"mHpMax":360,"mAtkMax":165,"mAtk":44,"mLv":15,"hpScale":0.7,"atkScale":0.7,"mNo":70,"mRare":2,"mRcvMax":45,"mRecovery":9,"rcvScale":0.7,"slv1":"15","slvmax":"6"}