{"mMonsterTypes":{"first":"BALANCED","second":"NONE"},"mMonsterProps":{"first":4,"second":-1},"mActiveSkill":[{"mData":[5,50],"mType":"ST_REDUCE_DEF"}],"mLeaderSkill":[{"mData":[],"mType":"LST_NOT_SUPPORT"}],"mImageUrl":"http:\/\/img1.wikia.nocookie.net\/__cb20120328032032\/pad\/zh\/images\/c\/c1\/071i.png","mAwokenList":[],"mCost":6,"mHp":288,"mHpMax":888,"mAtkMax":400,"mAtk":149,"mLv":50,"hpScale":0.7,"atkScale":0.7,"mNo":71,"mRare":3,"mRcvMax":117,"mRecovery":41,"rcvScale":0.7,"slv1":"15","slvmax":"6"}