{"mMonsterTypes":{"first":"BALANCED","second":"NONE"},"mMonsterProps":{"first":5,"second":-1},"mActiveSkill":[{"mData":[5,50],"mType":"ST_REDUCE_DEF"}],"mLeaderSkill":[{"mData":[],"mType":"LST_NOT_SUPPORT"}],"mImageUrl":"http:\/\/img3.wikia.nocookie.net\/__cb20120328032038\/pad\/zh\/images\/a\/a3\/072i.png","mAwokenList":[],"mCost":3,"mHp":46,"mHpMax":345,"mAtkMax":176,"mAtk":47,"mLv":15,"hpScale":0.7,"atkScale":0.7,"mNo":72,"mRare":2,"mRcvMax":45,"mRecovery":9,"rcvScale":0.7,"slv1":"15","slvmax":"6"}