{"mMonsterTypes":{"first":"BALANCED","second":"NONE"},"mMonsterProps":{"first":5,"second":-1},"mActiveSkill":[{"mData":[5,50],"mType":"ST_REDUCE_DEF"}],"mLeaderSkill":[{"mData":[],"mType":"LST_NOT_SUPPORT"}],"mImageUrl":"http:\/\/img4.wikia.nocookie.net\/__cb20120328032048\/pad\/zh\/images\/6\/64\/073i.png","mAwokenList":[],"mCost":6,"mHp":276,"mHpMax":863,"mAtkMax":413,"mAtk":158,"mLv":50,"hpScale":0.7,"atkScale":0.7,"mNo":73,"mRare":3,"mRcvMax":108,"mRecovery":41,"rcvScale":0.7,"slv1":"15","slvmax":"6"}