{"mMonsterTypes":{"first":"BALANCED","second":"NONE"},"mMonsterProps":{"first":3,"second":-1},"mActiveSkill":[{"mData":[5,50],"mType":"ST_REDUCE_DEF"}],"mLeaderSkill":[{"mData":[],"mType":"LST_NOT_SUPPORT"}],"mImageUrl":"http:\/\/img2.wikia.nocookie.net\/__cb20120328032053\/pad\/zh\/images\/2\/2d\/074i.png","mAwokenList":[],"mCost":3,"mHp":46,"mHpMax":345,"mAtkMax":169,"mAtk":45,"mLv":15,"hpScale":0.7,"atkScale":0.7,"mNo":74,"mRare":2,"mRcvMax":50,"mRecovery":10,"rcvScale":0.7,"slv1":"15","slvmax":"6"}