{"mMonsterTypes":{"first":"BALANCED","second":"NONE"},"mMonsterProps":{"first":3,"second":-1},"mActiveSkill":[{"mData":[5,50],"mType":"ST_REDUCE_DEF"}],"mLeaderSkill":[{"mData":[],"mType":"LST_NOT_SUPPORT"}],"mImageUrl":"http:\/\/img1.wikia.nocookie.net\/__cb20120328032058\/pad\/zh\/images\/4\/48\/075i.png","mAwokenList":[],"mCost":6,"mHp":276,"mHpMax":813,"mAtkMax":406,"mAtk":152,"mLv":50,"hpScale":0.7,"atkScale":0.7,"mNo":75,"mRare":3,"mRcvMax":117,"mRecovery":45,"rcvScale":0.7,"slv1":"15","slvmax":"6"}