{"mMonsterTypes":{"first":"BALANCED","second":"NONE"},"mMonsterProps":{"first":0,"second":-1},"mActiveSkill":[{"mData":[5,50],"mType":"ST_REDUCE_DEF"}],"mLeaderSkill":[{"mData":[],"mType":"LST_NOT_SUPPORT"}],"mImageUrl":"http:\/\/img3.wikia.nocookie.net\/__cb20120328032103\/pad\/zh\/images\/7\/7e\/076i.png","mAwokenList":[],"mCost":3,"mHp":45,"mHpMax":338,"mAtkMax":173,"mAtk":46,"mLv":15,"hpScale":0.7,"atkScale":0.7,"mNo":76,"mRare":2,"mRcvMax":40,"mRecovery":8,"rcvScale":0.7,"slv1":"15","slvmax":"6"}