{"mMonsterTypes":{"first":"BALANCED","second":"NONE"},"mMonsterProps":{"first":0,"second":-1},"mActiveSkill":[{"mData":[5,50],"mType":"ST_REDUCE_DEF"}],"mLeaderSkill":[{"mData":[],"mType":"LST_NOT_SUPPORT"}],"mImageUrl":"http:\/\/img3.wikia.nocookie.net\/__cb20120328032110\/pad\/zh\/images\/4\/41\/077i.png","mAwokenList":[],"mCost":6,"mHp":270,"mHpMax":875,"mAtkMax":419,"mAtk":156,"mLv":50,"hpScale":0.7,"atkScale":0.7,"mNo":77,"mRare":3,"mRcvMax":100,"mRecovery":36,"rcvScale":0.7,"slv1":"15","slvmax":"6"}