{"mMonsterTypes":{"first":"PHYSICAL","second":"MACHINE"},"mMonsterProps":{"first":3,"second":-1},"mActiveSkill":[{"mData":[5,75],"mType":"ST_REDUCE_DEF"}],"mLeaderSkill":[{"mData":[],"mType":"LST_NOT_SUPPORT"}],"mImageUrl":"http:\/\/img4.wikia.nocookie.net\/__cb20120328032152\/pad\/zh\/images\/0\/0f\/084i.png","mAwokenList":[],"mCost":6,"mHp":111,"mHpMax":694,"mAtkMax":347,"mAtk":111,"mLv":25,"hpScale":1,"atkScale":1,"mNo":84,"mRare":3,"mRcvMax":29,"mRecovery":7,"rcvScale":1,"slv1":"17","slvmax":"10"}