{"mMonsterTypes":{"first":"PHYSICAL","second":"MACHINE"},"mMonsterProps":{"first":3,"second":-1},"mActiveSkill":[{"mData":[5,75],"mType":"ST_REDUCE_DEF"}],"mLeaderSkill":[{"mData":[],"mType":"LST_NOT_SUPPORT"}],"mImageUrl":"http:\/\/img1.wikia.nocookie.net\/__cb20120328032157\/pad\/zh\/images\/f\/f5\/085i.png","mAwokenList":[],"mCost":9,"mHp":555,"mHpMax":2030,"mAtkMax":928,"mAtk":312,"mLv":70,"hpScale":1,"atkScale":1,"mNo":85,"mRare":4,"mRcvMax":70,"mRecovery":26,"rcvScale":1,"slv1":"17","slvmax":"10"}