{"mMonsterTypes":{"first":"PHYSICAL","second":"MACHINE"},"mMonsterProps":{"first":0,"second":-1},"mActiveSkill":[{"mData":[5,75],"mType":"ST_REDUCE_DEF"}],"mLeaderSkill":[{"mData":[],"mType":"LST_NOT_SUPPORT"}],"mImageUrl":"http:\/\/img1.wikia.nocookie.net\/__cb20120328032203\/pad\/zh\/images\/b\/be\/086i.png","mAwokenList":[],"mCost":6,"mHp":106,"mHpMax":663,"mAtkMax":363,"mAtk":116,"mLv":25,"hpScale":1,"atkScale":1,"mNo":86,"mRare":3,"mRcvMax":29,"mRecovery":7,"rcvScale":1,"slv1":"17","slvmax":"10"}