{"mMonsterTypes":{"first":"PHYSICAL","second":"MACHINE"},"mMonsterProps":{"first":0,"second":-1},"mActiveSkill":[{"mData":[5,75],"mType":"ST_REDUCE_DEF"}],"mLeaderSkill":[{"mData":[],"mType":"LST_NOT_SUPPORT"}],"mImageUrl":"http:\/\/img3.wikia.nocookie.net\/__cb20120328032211\/pad\/zh\/images\/6\/6d\/087i.png","mAwokenList":[],"mCost":9,"mHp":530,"mHpMax":1972,"mAtkMax":957,"mAtk":327,"mLv":70,"hpScale":1,"atkScale":1,"mNo":87,"mRare":4,"mRcvMax":70,"mRecovery":26,"rcvScale":1,"slv1":"17","slvmax":"10"}