{"mMonsterTypes":{"first":"HEALER","second":"NONE"},"mMonsterProps":{"first":1,"second":-1},"mActiveSkill":[{"mData":[3],"mType":"ST_DELAY"}],"mLeaderSkill":[{"mData":[],"mType":"LST_NOT_SUPPORT"}],"mImageUrl":"http:\/\/img2.wikia.nocookie.net\/__cb20120328032227\/pad\/zh\/images\/c\/c5\/089i.png","mAwokenList":[],"mCost":8,"mHp":210,"mHpMax":840,"mAtkMax":502,"mAtk":220,"mLv":70,"hpScale":0.7,"atkScale":0.7,"mNo":89,"mRare":4,"mRcvMax":451,"mRecovery":232,"rcvScale":0.7,"slv1":"15","slvmax":"10"}