{"mMonsterTypes":{"first":"HEALER","second":"NONE"},"mMonsterProps":{"first":4,"second":-1},"mActiveSkill":[{"mData":[1,2],"mType":"ST_COLOR_CHANGE"}],"mLeaderSkill":[{"mData":[],"mType":"LST_NOT_SUPPORT"}],"mImageUrl":"http:\/\/img2.wikia.nocookie.net\/__cb20120328032232\/pad\/zh\/images\/6\/61\/090i.png","mAwokenList":[],"mCost":5,"mHp":25,"mHpMax":313,"mAtkMax":200,"mAtk":32,"mLv":25,"hpScale":0.7,"atkScale":0.7,"mNo":90,"mRare":3,"mRcvMax":275,"mRecovery":33,"rcvScale":0.7,"slv1":"11","slvmax":"5"}