{"mMonsterTypes":{"first":"HEALER","second":"NONE"},"mMonsterProps":{"first":4,"second":-1},"mActiveSkill":[{"mData":[1,2],"mType":"ST_COLOR_CHANGE"}],"mLeaderSkill":[{"mData":[],"mType":"LST_NOT_SUPPORT"}],"mImageUrl":"http:\/\/img2.wikia.nocookie.net\/__cb20120328032242\/pad\/zh\/images\/8\/8e\/091i.png","mAwokenList":[],"mCost":8,"mHp":250,"mHpMax":863,"mAtkMax":484,"mAtk":180,"mLv":70,"hpScale":0.7,"atkScale":0.7,"mNo":91,"mRare":4,"mRcvMax":513,"mRecovery":248,"rcvScale":0.7,"slv1":"11","slvmax":"5"}