{"mMonsterTypes":{"first":"HEALER","second":"NONE"},"mMonsterProps":{"first":5,"second":-1},"mActiveSkill":[{"mData":[3,1,10],"mType":"ST_BIND_RECOVER"}],"mLeaderSkill":[{"mData":[],"mType":"LST_NOT_SUPPORT"}],"mImageUrl":"http:\/\/img1.wikia.nocookie.net\/__cb20120328032248\/pad\/zh\/images\/8\/89\/092i.png","mAwokenList":[],"mCost":5,"mHp":22,"mHpMax":275,"mAtkMax":219,"mAtk":35,"mLv":25,"hpScale":0.7,"atkScale":0.7,"mNo":92,"mRare":3,"mRcvMax":267,"mRecovery":32,"rcvScale":0.7,"slv1":"20","slvmax":"10"}