{"mMonsterTypes":{"first":"HEALER","second":"NONE"},"mMonsterProps":{"first":5,"second":-1},"mActiveSkill":[{"mData":[3,1,10],"mType":"ST_BIND_RECOVER"}],"mLeaderSkill":[{"mData":[],"mType":"LST_NOT_SUPPORT"}],"mImageUrl":"http:\/\/img3.wikia.nocookie.net\/__cb20120328032253\/pad\/zh\/images\/e\/ec\/093i.png","mAwokenList":[],"mCost":8,"mHp":220,"mHpMax":805,"mAtkMax":490,"mAtk":197,"mLv":70,"hpScale":0.7,"atkScale":0.7,"mNo":93,"mRare":4,"mRcvMax":498,"mRecovery":240,"rcvScale":0.7,"slv1":"20","slvmax":"10"}