{"mMonsterTypes":{"first":"HEALER","second":"NONE"},"mMonsterProps":{"first":3,"second":-1},"mActiveSkill":[{"mData":[2,1,5],"mType":"ST_BIND_RECOVER"}],"mLeaderSkill":[{"mData":[],"mType":"LST_NOT_SUPPORT"}],"mImageUrl":"http:\/\/img3.wikia.nocookie.net\/__cb20120328032257\/pad\/zh\/images\/6\/6d\/094i.png","mAwokenList":[],"mCost":5,"mHp":22,"mHpMax":275,"mAtkMax":175,"mAtk":28,"mLv":25,"hpScale":0.7,"atkScale":0.7,"mNo":94,"mRare":3,"mRcvMax":283,"mRecovery":34,"rcvScale":0.7,"slv1":"10","slvmax":"5"}