{"mMonsterTypes":{"first":"HEALER","second":"NONE"},"mMonsterProps":{"first":3,"second":-1},"mActiveSkill":[{"mData":[2,1,5],"mType":"ST_BIND_RECOVER"}],"mLeaderSkill":[{"mData":[],"mType":"LST_NOT_SUPPORT"}],"mImageUrl":"http:\/\/img2.wikia.nocookie.net\/__cb20120328032306\/pad\/zh\/images\/2\/24\/095i.png","mAwokenList":[],"mCost":8,"mHp":220,"mHpMax":817,"mAtkMax":461,"mAtk":158,"mLv":70,"hpScale":0.7,"atkScale":0.7,"mNo":95,"mRare":4,"mRcvMax":529,"mRecovery":255,"rcvScale":0.7,"slv1":"10","slvmax":"5"}