{"mMonsterTypes":{"first":"HEALER","second":"NONE"},"mMonsterProps":{"first":0,"second":-1},"mActiveSkill":[{"mData":[1,150,1],"mType":"ST_TYPE_UP"},{"mData":[1],"mType":"ST_POISON"}],"mLeaderSkill":[{"mData":[],"mType":"LST_NOT_SUPPORT"}],"mImageUrl":"http://img3.wikia.nocookie.net/__cb20120328032311/pad/zh/images/3/3e/096i.png","mAwokenList":[],"mCost":5,"mHp":23,"mHpMax":288,"mAtkMax":263,"mAtk":42,"mLv":25,"hpScale":0.7,"atkScale":0.7,"mNo":96,"mRare":3,"mRcvMax":250,"mRecovery":30,"rcvScale":0.7,"slv1":"15","slvmax":"10"}