{"mMonsterTypes":{"first":"HEALER","second":"NONE"},"mMonsterProps":{"first":0,"second":-1},"mActiveSkill":[{"mData":[1,150,1],"mType":"ST_TYPE_UP"},{"mData":[1],"mType":"ST_POISON"}],"mLeaderSkill":[{"mData":[],"mType":"LST_NOT_SUPPORT"}],"mImageUrl":"http://img4.wikia.nocookie.net/__cb20120410075148/pad/zh/images/1/12/097i.png","mAwokenList":[],"mCost":8,"mHp":230,"mHpMax":840,"mAtkMax":525,"mAtk":237,"mLv":70,"hpScale":0.7,"atkScale":0.7,"mNo":97,"mRare":4,"mRcvMax":443,"mRecovery":225,"rcvScale":0.7,"slv1":"15","slvmax":"10"}