{"mMonsterTypes":{"first":"BALANCED","second":"NONE"},"mMonsterProps":{"first":1,"second":-1},"mActiveSkill":[{"mData":[4,1],"mType":"ST_COLOR_CHANGE"}],"mLeaderSkill":[{"mData":[],"mType":"LST_NOT_SUPPORT"}],"mImageUrl":"http:\/\/img1.wikia.nocookie.net\/__cb20120328032324\/pad\/zh\/images\/7\/73\/098i.png","mAwokenList":[],"mCost":6,"mHp":52,"mHpMax":650,"mAtkMax":388,"mAtk":62,"mLv":25,"hpScale":1,"atkScale":1,"mNo":98,"mRare":3,"mRcvMax":125,"mRecovery":15,"rcvScale":1,"slv1":"9","slvmax":"5"}