{"mMonsterTypes":{"first":"BALANCED","second":"NONE"},"mMonsterProps":{"first":1,"second":-1},"mActiveSkill":[{"mData":[4,1],"mType":"ST_COLOR_CHANGE"}],"mLeaderSkill":[{"mData":[],"mType":"LST_NOT_SUPPORT"}],"mImageUrl":"http:\/\/img3.wikia.nocookie.net\/__cb20120409065551\/pad\/zh\/images\/1\/1d\/099i.png","mAwokenList":[],"mCost":9,"mHp":520,"mHpMax":1330,"mAtkMax":869,"mAtk":349,"mLv":70,"hpScale":1,"atkScale":1,"mNo":99,"mRare":4,"mRcvMax":288,"mRecovery":113,"rcvScale":1,"slv1":"9","slvmax":"5"}