{"mMonsterTypes":{"first":"BALANCED","second":"NONE"},"mMonsterProps":{"first":4,"second":-1},"mActiveSkill":[{"mData":[5,4],"mType":"ST_COLOR_CHANGE"}],"mLeaderSkill":[{"mData":[],"mType":"LST_NOT_SUPPORT"}],"mImageUrl":"http:\/\/img3.wikia.nocookie.net\/__cb20120328032343\/pad\/zh\/images\/2\/2b\/100i.png","mAwokenList":[],"mCost":6,"mHp":51,"mHpMax":638,"mAtkMax":413,"mAtk":66,"mLv":25,"hpScale":1,"atkScale":1,"mNo":100,"mRare":3,"mRcvMax":100,"mRecovery":12,"rcvScale":1,"slv1":"9","slvmax":"5"}