{"mMonsterTypes":{"first":"BALANCED","second":"NONE"},"mMonsterProps":{"first":4,"second":-1},"mActiveSkill":[{"mData":[5,4],"mType":"ST_COLOR_CHANGE"}],"mLeaderSkill":[{"mData":[],"mType":"LST_NOT_SUPPORT"}],"mImageUrl":"http:\/\/img2.wikia.nocookie.net\/__cb20120328032349\/pad\/zh\/images\/0\/0d\/101i.png","mAwokenList":[],"mCost":9,"mHp":510,"mHpMax":1213,"mAtkMax":928,"mAtk":372,"mLv":70,"hpScale":1,"atkScale":1,"mNo":101,"mRare":4,"mRcvMax":241,"mRecovery":90,"rcvScale":1,"slv1":"9","slvmax":"5"}