{"mMonsterTypes":{"first":"BALANCED","second":"NONE"},"mMonsterProps":{"first":5,"second":-1},"mActiveSkill":[{"mData":[1,5],"mType":"ST_COLOR_CHANGE"}],"mLeaderSkill":[{"mData":[],"mType":"LST_NOT_SUPPORT"}],"mImageUrl":"http:\/\/img3.wikia.nocookie.net\/__cb20120409065544\/pad\/zh\/images\/d\/d1\/102i.png","mAwokenList":[],"mCost":6,"mHp":56,"mHpMax":700,"mAtkMax":400,"mAtk":64,"mLv":25,"hpScale":1,"atkScale":1,"mNo":102,"mRare":3,"mRcvMax":108,"mRecovery":13,"rcvScale":1,"slv1":"9","slvmax":"5"}