{"mMonsterTypes":{"first":"BALANCED","second":"NONE"},"mMonsterProps":{"first":5,"second":-1},"mActiveSkill":[{"mData":[1,5],"mType":"ST_COLOR_CHANGE"}],"mLeaderSkill":[{"mData":[],"mType":"LST_NOT_SUPPORT"}],"mImageUrl":"http:\/\/img3.wikia.nocookie.net\/__cb20120410075157\/pad\/zh\/images\/a\/a8\/103i.png","mAwokenList":[],"mCost":9,"mHp":560,"mHpMax":1272,"mAtkMax":898,"mAtk":360,"mLv":70,"hpScale":1,"atkScale":1,"mNo":103,"mRare":4,"mRcvMax":249,"mRecovery":97,"rcvScale":1,"slv1":"9","slvmax":"5"}