{"mMonsterTypes":{"first":"BALANCED","second":"NONE"},"mMonsterProps":{"first":3,"second":-1},"mActiveSkill":[{"mData":[0,3],"mType":"ST_COLOR_CHANGE"}],"mLeaderSkill":[{"mData":[],"mType":"LST_NOT_SUPPORT"}],"mImageUrl":"http:\/\/img1.wikia.nocookie.net\/__cb20120328032427\/pad\/zh\/images\/4\/49\/104i.png","mAwokenList":[],"mCost":6,"mHp":54,"mHpMax":675,"mAtkMax":381,"mAtk":61,"mLv":25,"hpScale":1,"atkScale":1,"mNo":104,"mRare":3,"mRcvMax":117,"mRecovery":14,"rcvScale":1,"slv1":"9","slvmax":"5"}