{"mMonsterTypes":{"first":"BALANCED","second":"NONE"},"mMonsterProps":{"first":3,"second":-1},"mActiveSkill":[{"mData":[0,3],"mType":"ST_COLOR_CHANGE"}],"mLeaderSkill":[{"mData":[],"mType":"LST_NOT_SUPPORT"}],"mImageUrl":"http:\/\/img2.wikia.nocookie.net\/__cb20120328032433\/pad\/zh\/images\/4\/4d\/105i.png","mAwokenList":[],"mCost":9,"mHp":540,"mHpMax":1237,"mAtkMax":887,"mAtk":343,"mLv":70,"hpScale":1,"atkScale":1,"mNo":105,"mRare":4,"mRcvMax":280,"mRecovery":105,"rcvScale":1,"slv1":"9","slvmax":"5"}