{"mMonsterTypes":{"first":"PHYSICAL","second":"NONE"},"mMonsterProps":{"first":1,"second":-1},"mActiveSkill":[{"mData":[2,1],"mType":"ST_COLOR_CHANGE"}],"mLeaderSkill":[{"mData":[],"mType":"LST_NOT_SUPPORT"}],"mImageUrl":"http:\/\/img1.wikia.nocookie.net\/__cb20120328032436\/pad\/zh\/images\/9\/99\/106i.png","mAwokenList":[],"mCost":7,"mHp":77,"mHpMax":963,"mAtkMax":575,"mAtk":92,"mLv":25,"hpScale":1,"atkScale":1,"mNo":106,"mRare":3,"mRcvMax":8,"mRecovery":1,"rcvScale":1,"slv1":"11","slvmax":"5"}