{"mMonsterTypes":{"first":"PHYSICAL","second":"NONE"},"mMonsterProps":{"first":1,"second":-1},"mActiveSkill":[{"mData":[2,1],"mType":"ST_COLOR_CHANGE"}],"mLeaderSkill":[{"mData":[],"mType":"LST_NOT_SUPPORT"}],"mImageUrl":"http:\/\/img4.wikia.nocookie.net\/__cb20120328032441\/pad\/zh\/images\/c\/c3\/107i.png","mAwokenList":[],"mCost":10,"mHp":770,"mHpMax":3150,"mAtkMax":1163,"mAtk":518,"mLv":70,"hpScale":1.5,"atkScale":1.5,"mNo":107,"mRare":4,"mRcvMax":0,"mRecovery":7,"rcvScale":1.5,"slv1":"11","slvmax":"5"}