{"mMonsterTypes":{"first":"BALANCED","second":"NONE"},"mMonsterProps":{"first":0,"second":-1},"mActiveSkill":[{"mData":[3,0],"mType":"ST_COLOR_CHANGE"}],"mLeaderSkill":[{"mData":[],"mType":"LST_NOT_SUPPORT"}],"mImageUrl":"http:\/\/img3.wikia.nocookie.net\/__cb20120415061224\/pad\/zh\/images\/a\/a7\/108i.png","mAwokenList":[],"mCost":6,"mHp":55,"mHpMax":688,"mAtkMax":406,"mAtk":65,"mLv":25,"hpScale":1,"atkScale":1,"mNo":108,"mRare":3,"mRcvMax":100,"mRecovery":12,"rcvScale":1,"slv1":"9","slvmax":"5"}