{"mMonsterTypes":{"first":"BALANCED","second":"NONE"},"mMonsterProps":{"first":0,"second":-1},"mActiveSkill":[{"mData":[3,0],"mType":"ST_COLOR_CHANGE"}],"mLeaderSkill":[{"mData":[],"mType":"LST_NOT_SUPPORT"}],"mImageUrl":"http:\/\/img4.wikia.nocookie.net\/__cb20120331090838\/pad\/zh\/images\/a\/a0\/109i.png","mAwokenList":[],"mCost":9,"mHp":550,"mHpMax":1307,"mAtkMax":916,"mAtk":365,"mLv":70,"hpScale":1,"atkScale":1,"mNo":109,"mRare":4,"mRcvMax":233,"mRecovery":90,"rcvScale":1,"slv1":"9","slvmax":"5"}