{"mMonsterTypes":{"first":"BALANCED","second":"NONE"},"mMonsterProps":{"first":0,"second":-1},"mActiveSkill":[{"mData":[2,0],"mType":"ST_COLOR_CHANGE"}],"mLeaderSkill":[{"mData":[],"mType":"LST_NOT_SUPPORT"}],"mImageUrl":"http:\/\/img2.wikia.nocookie.net\/__cb20120410075159\/pad\/zh\/images\/0\/00\/110i.png","mAwokenList":[],"mCost":6,"mHp":61,"mHpMax":763,"mAtkMax":381,"mAtk":61,"mLv":25,"hpScale":1,"atkScale":1,"mNo":110,"mRare":3,"mRcvMax":125,"mRecovery":15,"rcvScale":1,"slv1":"11","slvmax":"5"}