{"mMonsterTypes":{"first":"BALANCED","second":"NONE"},"mMonsterProps":{"first":0,"second":-1},"mActiveSkill":[{"mData":[2,0],"mType":"ST_COLOR_CHANGE"}],"mLeaderSkill":[{"mData":[1,0,1,1,200],"mType":"LST_FACTOR"}],"mImageUrl":"http:\/\/img3.wikia.nocookie.net\/__cb20120328032512\/pad\/zh\/images\/2\/24\/111i.png","mAwokenList":[],"mCost":10,"mHp":610,"mHpMax":1725,"mAtkMax":999,"mAtk":343,"mLv":70,"hpScale":1.5,"atkScale":1.5,"mNo":111,"mRare":4,"mRcvMax":319,"mRecovery":113,"rcvScale":1.5,"slv1":"11","slvmax":"5"}