{"mMonsterTypes":{"first":"DRAGON","second":"NONE"},"mMonsterProps":{"first":1,"second":-1},"mActiveSkill":[{"mData":[1,5,1],"mType":"ST_ATTACK"}],"mLeaderSkill":[{"mData":[1,1,1,1,150],"mType":"LST_FACTOR"}],"mImageUrl":"http:\/\/img1.wikia.nocookie.net\/__cb20120328032516\/pad\/zh\/images\/b\/b4\/112i.png","mAwokenList":[],"mCost":7,"mHp":114,"mHpMax":998,"mAtkMax":468,"mAtk":107,"mLv":35,"hpScale":1,"atkScale":1,"mNo":112,"mRare":4,"mRcvMax":117,"mRecovery":20,"rcvScale":1,"slv1":"20","slvmax":"10"}