{"mMonsterTypes":{"first":"DRAGON","second":"NONE"},"mMonsterProps":{"first":1,"second":-1},"mActiveSkill":[{"mData":[2,130,1],"mType":"ST_POWER_UP"}],"mLeaderSkill":[{"mData":[1,1,1,1,200],"mType":"LST_FACTOR"}],"mImageUrl":"http:\/\/img1.wikia.nocookie.net\/__cb20120328032521\/pad\/zh\/images\/0\/09\/113i.png","mAwokenList":["ENHANCE_FIRE_ATT","SKILL_BOOST","ENHANCE_FIRE_ATT"],"mCost":13,"mHp":798,"mHpMax":2327,"mAtkMax":1238,"mAtk":421,"mLv":99,"hpScale":1.5,"atkScale":1.5,"mNo":113,"mRare":5,"mRcvMax":220,"mRecovery":105,"rcvScale":1.5,"slv1":"30","slvmax":"8"}