{"mMonsterTypes":{"first":"DRAGON","second":"NONE"},"mMonsterProps":{"first":4,"second":-1},"mActiveSkill":[{"mData":[1,5,4],"mType":"ST_ATTACK"}],"mLeaderSkill":[{"mData":[1,4,1,1,150],"mType":"LST_FACTOR"}],"mImageUrl":"http:\/\/img4.wikia.nocookie.net\/__cb20120328032525\/pad\/zh\/images\/1\/1b\/114i.png","mAwokenList":[],"mCost":7,"mHp":123,"mHpMax":1076,"mAtkMax":462,"mAtk":101,"mLv":35,"hpScale":1,"atkScale":1,"mNo":114,"mRare":4,"mRcvMax":117,"mRecovery":20,"rcvScale":1,"slv1":"20","slvmax":"10"}