{"mMonsterTypes":{"first":"DRAGON","second":"NONE"},"mMonsterProps":{"first":4,"second":-1},"mActiveSkill":[{"mData":[2,130,4],"mType":"ST_POWER_UP"}],"mLeaderSkill":[{"mData":[1,4,1,1,200],"mType":"LST_FACTOR"}],"mImageUrl":"http:\/\/img1.wikia.nocookie.net\/__cb20120328032530\/pad\/zh\/images\/7\/74\/115i.png","mAwokenList":["ENHANCE_WATER_ATT","SKILL_BOOST","ENHANCE_WATER_ATT"],"mCost":13,"mHp":861,"mHpMax":2409,"mAtkMax":1205,"mAtk":416,"mLv":99,"hpScale":1.5,"atkScale":1.5,"mNo":115,"mRare":5,"mRcvMax":231,"mRecovery":105,"rcvScale":1.5,"slv1":"30","slvmax":"8"}