{"mMonsterTypes":{"first":"DRAGON","second":"NONE"},"mMonsterProps":{"first":5,"second":-1},"mActiveSkill":[{"mData":[1,5,5],"mType":"ST_ATTACK"}],"mLeaderSkill":[{"mData":[1,5,1,1,150],"mType":"LST_FACTOR"}],"mImageUrl":"http:\/\/img4.wikia.nocookie.net\/__cb20120328032536\/pad\/zh\/images\/f\/f7\/116i.png","mAwokenList":[],"mCost":7,"mHp":111,"mHpMax":971,"mAtkMax":501,"mAtk":119,"mLv":35,"hpScale":1,"atkScale":1,"mNo":116,"mRare":4,"mRcvMax":105,"mRecovery":18,"rcvScale":1,"slv1":"20","slvmax":"10"}