{"mMonsterTypes":{"first":"DRAGON","second":"NONE"},"mMonsterProps":{"first":5,"second":-1},"mActiveSkill":[{"mData":[2,130,5],"mType":"ST_POWER_UP"}],"mLeaderSkill":[{"mData":[1,5,1,1,200],"mType":"LST_FACTOR"}],"mImageUrl":"http:\/\/img3.wikia.nocookie.net\/__cb20120328032544\/pad\/zh\/images\/5\/5d\/117i.png","mAwokenList":["ENHANCE_WOOD_ATT","SKILL_BOOST","ENHANCE_WOOD_ATT"],"mCost":13,"mHp":777,"mHpMax":2360,"mAtkMax":1262,"mAtk":451,"mLv":99,"hpScale":1.5,"atkScale":1.5,"mNo":117,"mRare":5,"mRcvMax":231,"mRecovery":95,"rcvScale":1.5,"slv1":"30","slvmax":"8"}