{"mMonsterTypes":{"first":"DRAGON","second":"NONE"},"mMonsterProps":{"first":3,"second":-1},"mActiveSkill":[{"mData":[1,5,3],"mType":"ST_ATTACK"}],"mLeaderSkill":[{"mData":[1,3,1,1,150],"mType":"LST_FACTOR"}],"mImageUrl":"http:\/\/img2.wikia.nocookie.net\/__cb20120328032551\/pad\/zh\/images\/b\/b3\/118i.png","mAwokenList":[],"mCost":7,"mHp":108,"mHpMax":945,"mAtkMax":473,"mAtk":108,"mLv":35,"hpScale":1,"atkScale":1,"mNo":118,"mRare":4,"mRcvMax":134,"mRecovery":23,"rcvScale":1,"slv1":"20","slvmax":"10"}