{"mMonsterTypes":{"first":"DRAGON","second":"GOD"},"mMonsterProps":{"first":3,"second":-1},"mActiveSkill":[{"mData":[2,130,3],"mType":"ST_POWER_UP"}],"mLeaderSkill":[{"mData":[1,3,1,1,200],"mType":"LST_FACTOR"}],"mImageUrl":"http:\/\/img3.wikia.nocookie.net\/__cb20120328032555\/pad\/zh\/images\/8\/88\/119i.png","mAwokenList":["ENHANCE_LIGHT_ATT","SKILL_BOOST","ENHANCE_LIGHT_ATT"],"mCost":13,"mHp":756,"mHpMax":2277,"mAtkMax":1213,"mAtk":426,"mLv":99,"hpScale":1.5,"atkScale":1.5,"mNo":119,"mRare":5,"mRcvMax":275,"mRecovery":121,"rcvScale":1.5,"slv1":"30","slvmax":"9"}