{"mMonsterTypes":{"first":"DRAGON","second":"NONE"},"mMonsterProps":{"first":0,"second":-1},"mActiveSkill":[{"mData":[1,5,0],"mType":"ST_ATTACK"}],"mLeaderSkill":[{"mData":[1,0,1,1,150],"mType":"LST_FACTOR"}],"mImageUrl":"http:\/\/img1.wikia.nocookie.net\/__cb20120416025622\/pad\/zh\/images\/d\/d2\/120i.png","mAwokenList":[],"mCost":7,"mHp":116,"mHpMax":1015,"mAtkMax":508,"mAtk":116,"mLv":35,"hpScale":1,"atkScale":1,"mNo":120,"mRare":4,"mRcvMax":82,"mRecovery":14,"rcvScale":1,"slv1":"20","slvmax":"10"}