{"mMonsterTypes":{"first":"DRAGON","second":"NONE"},"mMonsterProps":{"first":0,"second":-1},"mActiveSkill":[{"mData":[2,130,0],"mType":"ST_POWER_UP"}],"mLeaderSkill":[{"mData":[1,0,1,1,200],"mType":"LST_FACTOR"}],"mImageUrl":"http:\/\/img1.wikia.nocookie.net\/__cb20120405082814\/pad\/zh\/images\/6\/62\/121i.png","mAwokenList":["ENHANCE_DARK_ATT","SKILL_BOOST","ENHANCE_DARK_ATT"],"mCost":13,"mHp":812,"mHpMax":2310,"mAtkMax":1254,"mAtk":457,"mLv":99,"hpScale":1.5,"atkScale":1.5,"mNo":121,"mRare":5,"mRcvMax":198,"mRecovery":74,"rcvScale":1.5,"slv1":"30","slvmax":"9"}