{"mMonsterTypes":{"first":"GOD","second":"NONE"},"mMonsterProps":{"first":1,"second":-1},"mActiveSkill":[{"mData":[1,50],"mType":"ST_REDUCE_DEF"},{"mData":[0,99],"mType":"ST_DIRECT_ATTACK"}],"mLeaderSkill":[{"mData":[],"mType":"LST_NOT_SUPPORT"}],"mImageUrl":"http://img4.wikia.nocookie.net/__cb20120330132833/pad/zh/images/a/ad/122i.png","mAwokenList":[],"mCost":15,"mHp":326,"mHpMax":1575,"mAtkMax":900,"mAtk":244,"mLv":50,"hpScale":1.5,"atkScale":1.5,"mNo":122,"mRare":5,"mRcvMax":192,"mRecovery":53,"rcvScale":1.5,"slv1":10,"slvmax":3}