{"mMonsterTypes":{"first":"GOD","second":"NONE"},"mMonsterProps":{"first":1,"second":1},"mActiveSkill":[{"mData":[1,50],"mType":"ST_REDUCE_DEF"},{"mData":[0,99],"mType":"ST_DIRECT_ATTACK"}],"mLeaderSkill":[{"mData":[],"mType":"LST_NOT_SUPPORT"}],"mImageUrl":"http:\/\/188.166.227.62\/images\/123i.png","mAwokenList":["RESISTANCE_BIND","RESISTANCE_JAMMER","RESISTANCE_JAMMER","RESISTANCE_BIND"],"mCost":20,"mHp":1260,"mHpMax":2869,"mAtkMax":1359,"mAtk":810,"mLv":99,"hpScale":1.5,"atkScale":1.5,"mNo":123,"mRare":6,"mRcvMax":418,"mRecovery":173,"rcvScale":1.5,"slv1":"10","slvmax":"3"}