{"mMonsterTypes":{"first":"GOD","second":"NONE"},"mMonsterProps":{"first":4,"second":-1},"mActiveSkill":[{"mData":[1,150,6],"mType":"ST_TYPE_UP"},{"mData":[10],"mType":"ST_POISON"}],"mLeaderSkill":[{"mData":[],"mType":"LST_NOT_SUPPORT"}],"mImageUrl":"http://img3.wikia.nocookie.net/__cb20120331090811/pad/zh/images/4/48/124i.png","mAwokenList":[],"mCost":15,"mHp":328,"mHpMax":1600,"mAtkMax":894,"mAtk":243,"mLv":50,"hpScale":1.5,"atkScale":1.5,"mNo":124,"mRare":5,"mRcvMax":183,"mRecovery":52,"rcvScale":1.5,"slv1":"20","slvmax":"15"}