{"mMonsterTypes":{"first":"GOD","second":"NONE"},"mMonsterProps":{"first":4,"second":4},"mActiveSkill":[{"mData":[1,150,6],"mType":"ST_TYPE_UP"},{"mData":[10],"mType":"ST_POISON"}],"mLeaderSkill":[{"mData":[],"mType":"LST_NOT_SUPPORT"}],"mImageUrl":"http://188.166.227.62/images/125i.png","mAwokenList":["RESISTANCE_BIND","RESISTANCE_POISON","RESISTANCE_POISON","RESISTANCE_BIND"],"mCost":20,"mHp":1280,"mHpMax":2902,"mAtkMax":1351,"mAtk":805,"mLv":99,"hpScale":1.5,"atkScale":1.5,"mNo":125,"mRare":6,"mRcvMax":407,"mRecovery":165,"rcvScale":1.5,"slv1":"20","slvmax":"15"}