{"mMonsterTypes":{"first":"GOD","second":"NONE"},"mMonsterProps":{"first":5,"second":-1},"mActiveSkill":[{"mData":[999,3,100],"mType":"ST_BIND_RECOVER"}],"mLeaderSkill":[{"mData":[],"mType":"LST_NOT_SUPPORT"}],"mImageUrl":"http:\/\/img3.wikia.nocookie.net\/__cb20120416040327\/pad\/zh\/images\/7\/7c\/126i.png","mAwokenList":[],"mCost":15,"mHp":311,"mHpMax":1388,"mAtkMax":750,"mAtk":220,"mLv":50,"hpScale":1.5,"atkScale":1.5,"mNo":126,"mRare":5,"mRcvMax":317,"mRecovery":68,"rcvScale":1.5,"slv1":"20","slvmax":"10"}