{"mMonsterTypes":{"first":"GOD","second":"NONE"},"mMonsterProps":{"first":5,"second":5},"mActiveSkill":[{"mData":[999,3,100],"mType":"ST_BIND_RECOVER"}],"mLeaderSkill":[{"mData":[],"mType":"LST_NOT_SUPPORT"}],"mImageUrl":"http:\/\/img4.wikia.nocookie.net\/__cb20120418063617\/pad\/zh\/images\/6\/6a\/127i.png","mAwokenList":["RECOVER_BIND","AUTO_RECOVER","RESISTANCE_BIND","RESISTANCE_BIND"],"mCost":20,"mHp":1110,"mHpMax":2374,"mAtkMax":1061,"mAtk":675,"mLv":99,"hpScale":1.5,"atkScale":1.5,"mNo":127,"mRare":6,"mRcvMax":681,"mRecovery":285,"rcvScale":1.5,"slv1":"20","slvmax":"10"}