{"mMonsterTypes":{"first":"GOD","second":"NONE"},"mMonsterProps":{"first":3,"second":-1},"mActiveSkill":[{"mData":[1,250,6],"mType":"ST_TYPE_UP"},{"mData":[10],"mType":"ST_CHANGE_THE_WORLD"}],"mLeaderSkill":[{"mData":[],"mType":"LST_NOT_SUPPORT"}],"mImageUrl":"http:\/\/img3.wikia.nocookie.net\/__cb20120330133020\/pad\/zh\/images\/2\/2b\/128i.png","mAwokenList":[],"mCost":15,"mHp":305,"mHpMax":1313,"mAtkMax":769,"mAtk":223,"mLv":50,"hpScale":1.5,"atkScale":1.5,"mNo":128,"mRare":5,"mRcvMax":342,"mRecovery":71,"rcvScale":1.5,"slv1":"20","slvmax":"13"}