{"mMonsterTypes":{"first":"GOD","second":"NONE"},"mMonsterProps":{"first":3,"second":3},"mActiveSkill":[{"mData":[1,250,6],"mType":"ST_TYPE_UP"},{"mData":[10],"mType":"ST_CHANGE_THE_WORLD"}],"mLeaderSkill":[{"mData":[],"mType":"LST_NOT_SUPPORT"}],"mImageUrl":"http:\/\/img4.wikia.nocookie.net\/__cb20120423153905\/pad\/zh\/images\/4\/49\/129i.png","mAwokenList":["TWO_PRONGED_ATTACK","AUTO_RECOVER","SKILL_BOOST","ENHANCE_LIGHT_ATT"],"mCost":20,"mHp":1050,"mHpMax":2275,"mAtkMax":1086,"mAtk":692,"mLv":99,"hpScale":1.5,"atkScale":1.5,"mNo":129,"mRare":6,"mRcvMax":625,"mRecovery":308,"rcvScale":1.5,"slv1":"20","slvmax":"13"}