{"mMonsterTypes":{"first":"GOD","second":"NONE"},"mMonsterProps":{"first":0,"second":-1},"mActiveSkill":[{"mData":[30],"mType":"ST_GRAVITY"}],"mLeaderSkill":[{"mData":[],"mType":"LST_NOT_SUPPORT"}],"mImageUrl":"http:\/\/img1.wikia.nocookie.net\/__cb20120402160441\/pad\/zh\/images\/5\/5b\/130i.png","mAwokenList":[],"mCost":15,"mHp":314,"mHpMax":1425,"mAtkMax":863,"mAtk":238,"mLv":50,"hpScale":1.5,"atkScale":1.5,"mNo":130,"mRare":5,"mRcvMax":175,"mRecovery":51,"rcvScale":1.5,"slv1":"30","slvmax":"13"}