{"mMonsterTypes":{"first":"GOD","second":"NONE"},"mMonsterProps":{"first":0,"second":0},"mActiveSkill":[{"mData":[30],"mType":"ST_GRAVITY"}],"mLeaderSkill":[{"mData":[],"mType":"LST_NOT_SUPPORT"}],"mImageUrl":"http:\/\/img2.wikia.nocookie.net\/__cb20120418063613\/pad\/zh\/images\/a\/ac\/131i.png","mAwokenList":["ENHANCE_DARK","RESISTANCE_DARK","SKILL_BOOST","ENHANCE_DARK_ATT"],"mCost":20,"mHp":1140,"mHpMax":2671,"mAtkMax":1410,"mAtk":777,"mLv":99,"hpScale":1.5,"atkScale":1.5,"mNo":131,"mRare":6,"mRcvMax":396,"mRecovery":158,"rcvScale":1.5,"slv1":"30","slvmax":"13"}