{"mMonsterTypes":{"first":"GOD","second":"NONE"},"mMonsterProps":{"first":1,"second":-1},"mActiveSkill":[{"mData":[2,75],"mType":"ST_REDUCE_DEF"}],"mLeaderSkill":[{"mData":[5],"mType":"LST_ATTACK"}],"mImageUrl":"http:\/\/img2.wikia.nocookie.net\/__cb20120330133042\/pad\/zh\/images\/4\/49\/132i.png","mAwokenList":[],"mCost":15,"mHp":326,"mHpMax":1538,"mAtkMax":825,"mAtk":232,"mLv":50,"hpScale":1.5,"atkScale":1.5,"mNo":132,"mRare":5,"mRcvMax":217,"mRecovery":56,"rcvScale":1.5,"slv1":"20","slvmax":"5"}