{"mMonsterTypes":{"first":"GOD","second":"NONE"},"mMonsterProps":{"first":1,"second":1},"mActiveSkill":[{"mData":[2,75],"mType":"ST_REDUCE_DEF"}],"mLeaderSkill":[{"mData":[5],"mType":"LST_ATTACK"}],"mImageUrl":"http:\/\/img2.wikia.nocookie.net\/__cb20120424053357\/pad\/zh\/images\/d\/d3\/133i.png","mAwokenList":["TWO_PRONGED_ATTACK","TWO_PRONGED_ATTACK","ENHANCE_FIRE_ATT","SKILL_BOOST"],"mCost":20,"mHp":1230,"mHpMax":2820,"mAtkMax":1460,"mAtk":743,"mLv":99,"hpScale":1.5,"atkScale":1.5,"mNo":133,"mRare":6,"mRcvMax":451,"mRecovery":195,"rcvScale":1.5,"slv1":"20","slvmax":"5"}