{"mMonsterTypes":{"first":"GOD","second":"NONE"},"mMonsterProps":{"first":4,"second":-1},"mActiveSkill":[{"mData":[5],"mType":"ST_DELAY"}],"mLeaderSkill":[{"mData":[50],"mType":"LST_DO_KONJO"}],"mImageUrl":"http:\/\/img2.wikia.nocookie.net\/__cb20120410075206\/pad\/zh\/images\/d\/dc\/134i.png","mAwokenList":[],"mCost":15,"mHp":423,"mHpMax":1650,"mAtkMax":881,"mAtk":241,"mLv":50,"hpScale":1.5,"atkScale":1.5,"mNo":134,"mRare":5,"mRcvMax":167,"mRecovery":50,"rcvScale":1.5,"slv1":"25","slvmax":"20"}