{"mMonsterTypes":{"first":"GOD","second":"NONE"},"mMonsterProps":{"first":4,"second":4},"mActiveSkill":[{"mData":[5],"mType":"ST_DELAY"}],"mLeaderSkill":[{"mData":[50],"mType":"LST_DO_KONJO"}],"mImageUrl":"http:\/\/img2.wikia.nocookie.net\/__cb20120420151540\/pad\/zh\/images\/f\/fa\/135i.png","mAwokenList":["ENHANCE_HP","TWO_PRONGED_ATTACK","ENHANCE_WATER_ATT","SKILL_BOOST"],"mCost":20,"mHp":1320,"mHpMax":2690,"mAtkMax":1150,"mAtk":793,"mLv":99,"hpScale":1.5,"atkScale":1.5,"mNo":135,"mRare":6,"mRcvMax":222,"mRecovery":150,"rcvScale":1.5,"slv1":"25","slvmax":"20"}