{"mMonsterTypes":{"first":"GOD","second":"NONE"},"mMonsterProps":{"first":5,"second":-1},"mActiveSkill":[{"mData":[5,50],"mType":"ST_REDUCE_SHIELD"}],"mLeaderSkill":[{"mData":[],"mType":"LST_NOT_SUPPORT"}],"mImageUrl":"http:\/\/img2.wikia.nocookie.net\/__cb20120402165902\/pad\/zh\/images\/e\/e0\/136i.png","mAwokenList":[],"mCost":15,"mHp":320,"mHpMax":1500,"mAtkMax":844,"mAtk":235,"mLv":50,"hpScale":1.5,"atkScale":1.5,"mNo":136,"mRare":5,"mRcvMax":142,"mRecovery":47,"rcvScale":1.5,"slv1":"20","slvmax":"15"}