{"mMonsterTypes":{"first":"GOD","second":"NONE"},"mMonsterProps":{"first":5,"second":5},"mActiveSkill":[{"mData":[5,50],"mType":"ST_REDUCE_SHIELD"}],"mLeaderSkill":[{"mData":[],"mType":"LST_NOT_SUPPORT"}],"mImageUrl":"http:\/\/img1.wikia.nocookie.net\/__cb20120421073326\/pad\/zh\/images\/c\/ca\/137i.png","mAwokenList":["ENHANCE_HP","TWO_PRONGED_ATTACK","RESISTANCE_BIND","RESISTANCE_BIND"],"mCost":20,"mHp":1200,"mHpMax":2770,"mAtkMax":1186,"mAtk":760,"mLv":99,"hpScale":1.5,"atkScale":1.5,"mNo":137,"mRare":6,"mRcvMax":298,"mRecovery":128,"rcvScale":1.5,"slv1":"20","slvmax":"15"}