{"mMonsterTypes":{"first":"GOD","second":"NONE"},"mMonsterProps":{"first":3,"second":-1},"mActiveSkill":[{"mData":[999,3,100],"mType":"ST_BIND_RECOVER"}],"mLeaderSkill":[{"mData":[],"mType":"LST_NOT_SUPPORT"}],"mImageUrl":"http:\/\/img2.wikia.nocookie.net\/__cb20120405082834\/pad\/zh\/images\/b\/bf\/138i.png","mAwokenList":[],"mCost":15,"mHp":317,"mHpMax":1463,"mAtkMax":788,"mAtk":226,"mLv":50,"hpScale":1.5,"atkScale":1.5,"mNo":138,"mRare":5,"mRcvMax":283,"mRecovery":64,"rcvScale":1.5,"slv1":"20","slvmax":"10"}