{"mMonsterTypes":{"first":"GOD","second":"NONE"},"mMonsterProps":{"first":3,"second":3},"mActiveSkill":[{"mData":[999,3,100],"mType":"ST_BIND_RECOVER"}],"mLeaderSkill":[{"mData":[],"mType":"LST_NOT_SUPPORT"}],"mImageUrl":"http:\/\/img2.wikia.nocookie.net\/__cb20120420034437\/pad\/zh\/images\/9\/90\/139i.png","mAwokenList":["RECOVER_BIND","RESISTANCE_BIND","RESISTANCE_BIND","SKILL_BOOST"],"mCost":20,"mHp":1170,"mHpMax":2321,"mAtkMax":1111,"mAtk":709,"mLv":99,"hpScale":1.5,"atkScale":1.5,"mNo":139,"mRare":6,"mRcvMax":652,"mRecovery":255,"rcvScale":1.5,"slv1":"20","slvmax":"10"}