{"mMonsterTypes":{"first":"GOD","second":"NONE"},"mMonsterProps":{"first":0,"second":-1},"mActiveSkill":[{"mData":[1,250,6],"mType":"ST_TYPE_UP"},{"mData":[10],"mType":"ST_CHANGE_THE_WORLD"}],"mLeaderSkill":[{"mData":[],"mType":"LST_NOT_SUPPORT"}],"mImageUrl":"http:\/\/img1.wikia.nocookie.net\/__cb20120408122247\/pad\/zh\/images\/d\/d5\/140i.png","mAwokenList":[],"mCost":15,"mHp":308,"mHpMax":1350,"mAtkMax":806,"mAtk":229,"mLv":50,"hpScale":1.5,"atkScale":1.5,"mNo":140,"mRare":5,"mRcvMax":192,"mRecovery":53,"rcvScale":1.5,"slv1":"20","slvmax":"13"}