{"mMonsterTypes":{"first":"GOD","second":"NONE"},"mMonsterProps":{"first":0,"second":0},"mActiveSkill":[{"mData":[1,250,6],"mType":"ST_TYPE_UP"},{"mData":[10],"mType":"ST_CHANGE_THE_WORLD"}],"mLeaderSkill":[{"mData":[5000],"mType":"LST_EXTEND_TIME"}],"mImageUrl":"http:\/\/img3.wikia.nocookie.net\/__cb20120420015551\/pad\/zh\/images\/2\/2e\/141i.png","mAwokenList":["ENHANCE_DARK","EXTEND_TIME","EXTEND_TIME","RESISTANCE_SKILL_LOCK"],"mCost":20,"mHp":1080,"mHpMax":2772,"mAtkMax":1336,"mAtk":725,"mLv":99,"hpScale":1.5,"atkScale":1.5,"mNo":141,"mRare":6,"mRcvMax":495,"mRecovery":173,"rcvScale":1.5,"slv1":"20","slvmax":"13"}