{"mMonsterTypes":{"first":"DRAGON","second":"NONE"},"mMonsterProps":{"first":1,"second":-1},"mActiveSkill":[{"mData":[2,130,1],"mType":"ST_POWER_UP"}],"mLeaderSkill":[{"mData":[],"mType":"LST_NOT_SUPPORT"}],"mImageUrl":"http:\/\/img2.wikia.nocookie.net\/__cb20120328032902\/pad\/zh\/images\/e\/ed\/142i.png","mAwokenList":["ENHANCE_FIRE","SKILL_BOOST"],"mCost":25,"mHp":495,"mHpMax":3018,"mAtkMax":1408,"mAtk":330,"mLv":99,"hpScale":1.5,"atkScale":1.5,"mNo":142,"mRare":6,"mRcvMax":142,"mRecovery":52,"rcvScale":1.5,"slv1":"30","slvmax":"8"}