{"mMonsterTypes":{"first":"DRAGON","second":"NONE"},"mMonsterProps":{"first":4,"second":-1},"mActiveSkill":[{"mData":[2,130,4],"mType":"ST_POWER_UP"}],"mLeaderSkill":[{"mData":[],"mType":"LST_NOT_SUPPORT"}],"mImageUrl":"http:\/\/img1.wikia.nocookie.net\/__cb20120410075209\/pad\/zh\/images\/0\/0a\/143i.png","mAwokenList":["ENHANCE_WATER","SKILL_BOOST"],"mCost":25,"mHp":510,"mHpMax":3165,"mAtkMax":1332,"mAtk":322,"mLv":99,"hpScale":1.5,"atkScale":1.5,"mNo":143,"mRare":6,"mRcvMax":153,"mRecovery":53,"rcvScale":1.5,"slv1":"30","slvmax":"8"}