{"mMonsterTypes":{"first":"DRAGON","second":"NONE"},"mMonsterProps":{"first":5,"second":-1},"mActiveSkill":[{"mData":[2,130,5],"mType":"ST_POWER_UP"}],"mLeaderSkill":[{"mData":[],"mType":"LST_NOT_SUPPORT"}],"mImageUrl":"http:\/\/img2.wikia.nocookie.net\/__cb20120328032915\/pad\/zh\/images\/c\/cb\/144i.png","mAwokenList":["ENHANCE_WOOD","SKILL_BOOST"],"mCost":25,"mHp":518,"mHpMax":3197,"mAtkMax":1307,"mAtk":319,"mLv":99,"hpScale":1.5,"atkScale":1.5,"mNo":144,"mRare":6,"mRcvMax":175,"mRecovery":55,"rcvScale":1.5,"slv1":"30","slvmax":"8"}