{"mMonsterTypes":{"first":"DRAGON","second":"MACHINE"},"mMonsterProps":{"first":3,"second":-1},"mActiveSkill":[{"mData":[2,130,3],"mType":"ST_POWER_UP"}],"mLeaderSkill":[{"mData":[],"mType":"LST_NOT_SUPPORT"}],"mImageUrl":"http:\/\/img1.wikia.nocookie.net\/__cb20120402160437\/pad\/zh\/images\/e\/e6\/145i.png","mAwokenList":["ENHANCE_LIGHT","SKILL_BOOST"],"mCost":25,"mHp":503,"mHpMax":3050,"mAtkMax":1356,"mAtk":325,"mLv":99,"hpScale":1.5,"atkScale":1.5,"mNo":145,"mRare":6,"mRcvMax":164,"mRecovery":54,"rcvScale":1.5,"slv1":"30","slvmax":"9"}