{"mMonsterTypes":{"first":"DRAGON","second":"NONE"},"mMonsterProps":{"first":0,"second":-1},"mActiveSkill":[{"mData":[2,130,0],"mType":"ST_POWER_UP"}],"mLeaderSkill":[{"mData":[],"mType":"LST_NOT_SUPPORT"}],"mImageUrl":"http:\/\/img4.wikia.nocookie.net\/__cb20120409070216\/pad\/zh\/images\/d\/df\/146i.png","mAwokenList":["ENHANCE_DARK","SKILL_BOOST"],"mCost":25,"mHp":488,"mHpMax":3002,"mAtkMax":1322,"mAtk":333,"mLv":99,"hpScale":1.5,"atkScale":1.5,"mNo":146,"mRare":6,"mRcvMax":131,"mRecovery":51,"rcvScale":1.5,"slv1":"30","slvmax":"9"}