{"mMonsterTypes":{"first":"EVO_MATRIAL","second":"NONE"},"mMonsterProps":{"first":1,"second":-1},"mActiveSkill":[{"mData":[3,50],"mType":"ST_REDUCE_SHIELD"}],"mLeaderSkill":[{"mData":[],"mType":"LST_NOT_SUPPORT"}],"mImageUrl":"http:\/\/img4.wikia.nocookie.net\/__cb20120328032920\/pad\/zh\/images\/4\/42\/147i.png","mAwokenList":[],"mCost":11,"mHp":1031,"mHpMax":1031,"mAtkMax":331,"mAtk":331,"mLv":1,"hpScale":1,"atkScale":1,"mNo":147,"mRare":4,"mRcvMax":83,"mRecovery":83,"rcvScale":1,"slv1":"20","slvmax":"20"}