{"mMonsterTypes":{"first":"EVO_MATRIAL","second":"NONE"},"mMonsterProps":{"first":4,"second":-1},"mActiveSkill":[{"mData":[3,50],"mType":"ST_REDUCE_SHIELD"}],"mLeaderSkill":[{"mData":[],"mType":"LST_NOT_SUPPORT"}],"mImageUrl":"http:\/\/img3.wikia.nocookie.net\/__cb20120328032925\/pad\/zh\/images\/6\/66\/148i.png","mAwokenList":[],"mCost":11,"mHp":1056,"mHpMax":1056,"mAtkMax":321,"mAtk":321,"mLv":1,"hpScale":1,"atkScale":1,"mNo":148,"mRare":4,"mRcvMax":83,"mRecovery":83,"rcvScale":1,"slv1":"20","slvmax":"20"}