{"mMonsterTypes":{"first":"EVO_MATRIAL","second":"NONE"},"mMonsterProps":{"first":5,"second":-1},"mActiveSkill":[{"mData":[3,50],"mType":"ST_REDUCE_SHIELD"}],"mLeaderSkill":[{"mData":[],"mType":"LST_NOT_SUPPORT"}],"mImageUrl":"http:\/\/img4.wikia.nocookie.net\/__cb20120328032931\/pad\/zh\/images\/6\/6a\/149i.png","mAwokenList":[],"mCost":11,"mHp":1081,"mHpMax":1081,"mAtkMax":326,"mAtk":326,"mLv":1,"hpScale":1,"atkScale":1,"mNo":149,"mRare":4,"mRcvMax":83,"mRecovery":83,"rcvScale":1,"slv1":"20","slvmax":"20"}