{"mMonsterTypes":{"first":"EVO_MATRIAL","second":"NONE"},"mMonsterProps":{"first":3,"second":-1},"mActiveSkill":[{"mData":[3,50],"mType":"ST_REDUCE_SHIELD"}],"mLeaderSkill":[{"mData":[],"mType":"LST_NOT_SUPPORT"}],"mImageUrl":"http:\/\/img1.wikia.nocookie.net\/__cb20120328032935\/pad\/zh\/images\/c\/c7\/150i.png","mAwokenList":[],"mCost":11,"mHp":1106,"mHpMax":1106,"mAtkMax":311,"mAtk":311,"mLv":1,"hpScale":1,"atkScale":1,"mNo":150,"mRare":4,"mRcvMax":83,"mRecovery":83,"rcvScale":1,"slv1":"20","slvmax":"20"}