{"mMonsterTypes":{"first":"EVO_MATRIAL","second":"NONE"},"mMonsterProps":{"first":0,"second":-1},"mActiveSkill":[{"mData":[3,50],"mType":"ST_REDUCE_SHIELD"}],"mLeaderSkill":[{"mData":[],"mType":"LST_NOT_SUPPORT"}],"mImageUrl":"http:\/\/img2.wikia.nocookie.net\/__cb20120328032947\/pad\/zh\/images\/3\/39\/151i.png","mAwokenList":[],"mCost":11,"mHp":1131,"mHpMax":1131,"mAtkMax":316,"mAtk":316,"mLv":1,"hpScale":1,"atkScale":1,"mNo":151,"mRare":4,"mRcvMax":83,"mRecovery":83,"rcvScale":1,"slv1":"20","slvmax":"20"}