{"mMonsterTypes":{"first":"ENHANCE_MATRIAL","second":"NONE"},"mMonsterProps":{"first":3,"second":-1},"mActiveSkill":[{"mData":[],"mType":"ST_NOT_SUPPORT"}],"mLeaderSkill":[{"mData":[],"mType":"LST_NOT_SUPPORT"}],"mImageUrl":"http:\/\/img2.wikia.nocookie.net\/__cb20120420150000\/pad\/zh\/images\/c\/ca\/180i.png","mAwokenList":[],"mCost":1,"mHp":250,"mHpMax":250,"mAtkMax":30,"mAtk":30,"mLv":1,"hpScale":1,"atkScale":1,"mNo":180,"mRare":4,"mRcvMax":10,"mRecovery":10,"rcvScale":1,"slv1":-1,"slvmax":-1}