{"mMonsterTypes":{"first":"ENHANCE_MATRIAL","second":"NONE"},"mMonsterProps":{"first":3,"second":-1},"mActiveSkill":[{"mData":[2,3],"mType":"ST_COLOR_CHANGE"}],"mLeaderSkill":[{"mData":[],"mType":"LST_NOT_SUPPORT"}],"mImageUrl":"http:\/\/img2.wikia.nocookie.net\/__cb20120420150010\/pad\/zh\/images\/d\/d9\/181i.png","mAwokenList":[],"mCost":1,"mHp":500,"mHpMax":500,"mAtkMax":40,"mAtk":40,"mLv":1,"hpScale":1,"atkScale":1,"mNo":181,"mRare":5,"mRcvMax":15,"mRecovery":15,"rcvScale":1,"slv1":"11","slvmax":"11"}