{"mMonsterTypes":{"first":"ENHANCE_MATRIAL","second":"NONE"},"mMonsterProps":{"first":1,"second":-1},"mActiveSkill":[{"mData":[5,75],"mType":"ST_REDUCE_DEF"}],"mLeaderSkill":[{"mData":[],"mType":"LST_NOT_SUPPORT"}],"mImageUrl":"http:\/\/img1.wikia.nocookie.net\/__cb20120430092441\/pad\/zh\/images\/4\/40\/182i.png","mAwokenList":[],"mCost":10,"mHp":777,"mHpMax":777,"mAtkMax":405,"mAtk":405,"mLv":1,"hpScale":1,"atkScale":1,"mNo":182,"mRare":3,"mRcvMax":210,"mRecovery":210,"rcvScale":1,"slv1":"17","slvmax":"17"}