{"mMonsterTypes":{"first":"ENHANCE_MATRIAL","second":"NONE"},"mMonsterProps":{"first":4,"second":-1},"mActiveSkill":[{"mData":[2,4],"mType":"ST_COLOR_CHANGE"}],"mLeaderSkill":[{"mData":[],"mType":"LST_NOT_SUPPORT"}],"mImageUrl":"http:\/\/img2.wikia.nocookie.net\/__cb20120613065229\/pad\/zh\/images\/d\/d4\/183i.png","mAwokenList":[],"mCost":10,"mHp":756,"mHpMax":756,"mAtkMax":412,"mAtk":412,"mLv":1,"hpScale":1,"atkScale":1,"mNo":183,"mRare":3,"mRcvMax":207,"mRecovery":207,"rcvScale":1,"slv1":"11","slvmax":"11"}