{"mMonsterTypes":{"first":"ENHANCE_MATRIAL","second":"NONE"},"mMonsterProps":{"first":5,"second":-1},"mActiveSkill":[{"mData":[2,5],"mType":"ST_COLOR_CHANGE"}],"mLeaderSkill":[{"mData":[],"mType":"LST_NOT_SUPPORT"}],"mImageUrl":"http:\/\/img1.wikia.nocookie.net\/__cb20120613065225\/pad\/zh\/images\/d\/d8\/184i.png","mAwokenList":[],"mCost":10,"mHp":744,"mHpMax":744,"mAtkMax":419,"mAtk":419,"mLv":1,"hpScale":1,"atkScale":1,"mNo":184,"mRare":3,"mRcvMax":205,"mRecovery":205,"rcvScale":1,"slv1":"11","slvmax":"11"}