{"mMonsterTypes":{"first":"ENHANCE_MATRIAL","second":"NONE"},"mMonsterProps":{"first":3,"second":-1},"mActiveSkill":[{"mData":[2,3],"mType":"ST_COLOR_CHANGE"}],"mLeaderSkill":[{"mData":[],"mType":"LST_NOT_SUPPORT"}],"mImageUrl":"http:\/\/img2.wikia.nocookie.net\/__cb20120613065221\/pad\/zh\/images\/e\/e0\/185i.png","mAwokenList":[],"mCost":10,"mHp":732,"mHpMax":732,"mAtkMax":408,"mAtk":408,"mLv":1,"hpScale":1,"atkScale":1,"mNo":185,"mRare":3,"mRcvMax":201,"mRecovery":201,"rcvScale":1,"slv1":"11","slvmax":"11"}