{"mMonsterTypes":{"first":"ENHANCE_MATRIAL","second":"NONE"},"mMonsterProps":{"first":0,"second":-1},"mActiveSkill":[{"mData":[1,150,1],"mType":"ST_TYPE_UP"},{"mData":[1],"mType":"ST_POISON"}],"mLeaderSkill":[{"mData":[],"mType":"LST_NOT_SUPPORT"}],"mImageUrl":"http://img4.wikia.nocookie.net/__cb20120613065217/pad/zh/images/5/57/186i.png","mAwokenList":[],"mCost":10,"mHp":722,"mHpMax":722,"mAtkMax":411,"mAtk":411,"mLv":1,"hpScale":1,"atkScale":1,"mNo":186,"mRare":3,"mRcvMax":203,"mRecovery":203,"rcvScale":1,"slv1":"15","slvmax":"15"}