{"mMonsterTypes":{"first":"GOD","second":"NONE"},"mMonsterProps":{"first":3,"second":-1},"mActiveSkill":[{"mData":[35],"mType":"ST_GRAVITY"}],"mLeaderSkill":[{"mData":[0,100,1,-1,1,1,300],"mType":"LST_HP_FACTOR"}],"mImageUrl":"http:\/\/img1.wikia.nocookie.net\/__cb20120613065210\/pad\/zh\/images\/5\/56\/187i.png","mAwokenList":[],"mCost":40,"mHp":358,"mHpMax":1975,"mAtkMax":894,"mAtk":243,"mLv":50,"hpScale":1.5,"atkScale":1.5,"mNo":187,"mRare":6,"mRcvMax":217,"mRecovery":62,"rcvScale":1.5,"slv1":"35","slvmax":"18"}