{"mMonsterTypes":{"first":"GOD","second":"NONE"},"mMonsterProps":{"first":3,"second":-1},"mActiveSkill":[{"mData":[35],"mType":"ST_GRAVITY"}],"mLeaderSkill":[{"mData":[0,100,1,-1,1,1,300],"mType":"LST_HP_FACTOR"}],"mImageUrl":"http:\/\/img2.wikia.nocookie.net\/__cb20130701234348\/pad\/zh\/images\/f\/f4\/188i.png","mAwokenList":["REDUCE_LIGHT","ENHANCE_LIGHT","ENHANCE_ATK"],"mCost":50,"mHp":1580,"mHpMax":3587,"mAtkMax":1422,"mAtk":805,"mLv":99,"hpScale":1.5,"atkScale":1.5,"mNo":188,"mRare":7,"mRcvMax":330,"mRecovery":195,"rcvScale":1.5,"slv1":"35","slvmax":"18"}