{"mMonsterTypes":{"first":"GOD","second":"NONE"},"mMonsterProps":{"first":0,"second":-1},"mActiveSkill":[{"mData":[30],"mType":"ST_GRAVITY"}],"mLeaderSkill":[{"mData":[],"mType":"LST_NOT_SUPPORT"}],"mImageUrl":"http:\/\/img2.wikia.nocookie.net\/__cb20120408122156\/pad\/zh\/images\/c\/cc\/189i.png","mAwokenList":[],"mCost":25,"mHp":343,"mHpMax":1788,"mAtkMax":988,"mAtk":258,"mLv":50,"hpScale":1.5,"atkScale":1.5,"mNo":189,"mRare":6,"mRcvMax":200,"mRecovery":24,"rcvScale":1.5,"slv1":"30","slvmax":"13"}