{"mMonsterTypes":{"first":"GOD","second":"DEVIL"},"mMonsterProps":{"first":0,"second":-1},"mActiveSkill":[{"mData":[30],"mType":"ST_GRAVITY"}],"mLeaderSkill":[{"mData":[],"mType":"LST_NOT_SUPPORT"}],"mImageUrl":"http:\/\/img3.wikia.nocookie.net\/__cb20120420150229\/pad\/zh\/images\/d\/dc\/190i.png","mAwokenList":["REDUCE_DARK","ENHANCE_DARK","TWO_PRONGED_ATTACK"],"mCost":30,"mHp":1430,"mHpMax":3140,"mAtkMax":1646,"mAtk":889,"mLv":99,"hpScale":1.5,"atkScale":1.5,"mNo":190,"mRare":7,"mRcvMax":308,"mRecovery":180,"rcvScale":1.5,"slv1":"30","slvmax":"13"}