{"mMonsterTypes":{"first":"ATTACKER","second":"NONE"},"mMonsterProps":{"first":1,"second":-1},"mActiveSkill":[{"mData":[1,25],"mType":"ST_REDUCE_DEF"}],"mLeaderSkill":[{"mData":[],"mType":"LST_NOT_SUPPORT"}],"mImageUrl":"http:\/\/img4.wikia.nocookie.net\/__cb20120328033805\/pad\/zh\/images\/1\/1a\/191i.png","mAwokenList":[],"mCost":5,"mHp":32,"mHpMax":240,"mAtkMax":394,"mAtk":105,"mLv":15,"hpScale":1,"atkScale":1,"mNo":191,"mRare":2,"mRcvMax":125,"mRecovery":15,"rcvScale":1,"slv1":"30","slvmax":"5"}