{"mMonsterTypes":{"first":"ATTACKER","second":"NONE"},"mMonsterProps":{"first":1,"second":-1},"mActiveSkill":[{"mData":[1,25],"mType":"ST_REDUCE_DEF"}],"mLeaderSkill":[{"mData":[],"mType":"LST_NOT_SUPPORT"}],"mImageUrl":"http:\/\/img3.wikia.nocookie.net\/__cb20120329051709\/pad\/zh\/images\/3\/33\/192i.png","mAwokenList":[],"mCost":8,"mHp":192,"mHpMax":525,"mAtkMax":1097,"mAtk":355,"mLv":50,"hpScale":1,"atkScale":1,"mNo":192,"mRare":3,"mRcvMax":164,"mRecovery":113,"rcvScale":1,"slv1":"30","slvmax":"5"}