{"mMonsterTypes":{"first":"ATTACKER","second":"NONE"},"mMonsterProps":{"first":4,"second":-1},"mActiveSkill":[{"mData":[1,25],"mType":"ST_REDUCE_DEF"}],"mLeaderSkill":[{"mData":[],"mType":"LST_NOT_SUPPORT"}],"mImageUrl":"http:\/\/img2.wikia.nocookie.net\/__cb20120329051712\/pad\/zh\/images\/e\/e8\/193i.png","mAwokenList":[],"mCost":5,"mHp":34,"mHpMax":255,"mAtkMax":379,"mAtk":101,"mLv":15,"hpScale":1,"atkScale":1,"mNo":193,"mRare":2,"mRcvMax":133,"mRecovery":16,"rcvScale":1,"slv1":"30","slvmax":"5"}