{"mMonsterTypes":{"first":"ATTACKER","second":"NONE"},"mMonsterProps":{"first":4,"second":-1},"mActiveSkill":[{"mData":[1,25],"mType":"ST_REDUCE_DEF"}],"mLeaderSkill":[{"mData":[],"mType":"LST_NOT_SUPPORT"}],"mImageUrl":"http:\/\/img1.wikia.nocookie.net\/__cb20120613084027\/pad\/zh\/images\/9\/9c\/194i.png","mAwokenList":[],"mCost":8,"mHp":204,"mHpMax":533,"mAtkMax":1085,"mAtk":341,"mLv":50,"hpScale":1,"atkScale":1,"mNo":194,"mRare":3,"mRcvMax":169,"mRecovery":120,"rcvScale":1,"slv1":"30","slvmax":"5"}