{"mMonsterTypes":{"first":"ATTACKER","second":"NONE"},"mMonsterProps":{"first":5,"second":-1},"mActiveSkill":[{"mData":[1,25],"mType":"ST_REDUCE_DEF"}],"mLeaderSkill":[{"mData":[],"mType":"LST_NOT_SUPPORT"}],"mImageUrl":"http:\/\/img1.wikia.nocookie.net\/__cb20120329051716\/pad\/zh\/images\/2\/28\/195i.png","mAwokenList":[],"mCost":5,"mHp":33,"mHpMax":248,"mAtkMax":390,"mAtk":104,"mLv":15,"hpScale":1,"atkScale":1,"mNo":195,"mRare":2,"mRcvMax":133,"mRecovery":16,"rcvScale":1,"slv1":"30","slvmax":"5"}