{"mMonsterTypes":{"first":"ATTACKER","second":"NONE"},"mMonsterProps":{"first":5,"second":-1},"mActiveSkill":[{"mData":[1,25],"mType":"ST_REDUCE_DEF"}],"mLeaderSkill":[{"mData":[],"mType":"LST_NOT_SUPPORT"}],"mImageUrl":"http:\/\/img1.wikia.nocookie.net\/__cb20120329051720\/pad\/zh\/images\/3\/3d\/196i.png","mAwokenList":[],"mCost":8,"mHp":198,"mHpMax":542,"mAtkMax":1110,"mAtk":351,"mLv":50,"hpScale":1,"atkScale":1,"mNo":196,"mRare":3,"mRcvMax":165,"mRecovery":120,"rcvScale":1,"slv1":"30","slvmax":"5"}