{"mMonsterTypes":{"first":"ATTACKER","second":"NONE"},"mMonsterProps":{"first":3,"second":-1},"mActiveSkill":[{"mData":[1,25],"mType":"ST_REDUCE_DEF"}],"mLeaderSkill":[{"mData":[],"mType":"LST_NOT_SUPPORT"}],"mImageUrl":"http:\/\/img3.wikia.nocookie.net\/__cb20120329051723\/pad\/zh\/images\/0\/01\/197i.png","mAwokenList":[],"mCost":5,"mHp":31,"mHpMax":233,"mAtkMax":375,"mAtk":100,"mLv":15,"hpScale":1,"atkScale":1,"mNo":197,"mRare":2,"mRcvMax":133,"mRecovery":16,"rcvScale":1,"slv1":"30","slvmax":"5"}