{"mMonsterTypes":{"first":"ATTACKER","second":"NONE"},"mMonsterProps":{"first":3,"second":-1},"mActiveSkill":[{"mData":[1,25],"mType":"ST_REDUCE_DEF"}],"mLeaderSkill":[{"mData":[],"mType":"LST_NOT_SUPPORT"}],"mImageUrl":"http:\/\/img3.wikia.nocookie.net\/__cb20120330133224\/pad\/zh\/images\/6\/6c\/198i.png","mAwokenList":[],"mCost":8,"mHp":186,"mHpMax":517,"mAtkMax":1073,"mAtk":338,"mLv":50,"hpScale":1,"atkScale":1,"mNo":198,"mRare":3,"mRcvMax":167,"mRecovery":120,"rcvScale":1,"slv1":"30","slvmax":"5"}