{"mMonsterTypes":{"first":"ATTACKER","second":"NONE"},"mMonsterProps":{"first":0,"second":-1},"mActiveSkill":[{"mData":[1,25],"mType":"ST_REDUCE_DEF"}],"mLeaderSkill":[{"mData":[],"mType":"LST_NOT_SUPPORT"}],"mImageUrl":"http:\/\/img2.wikia.nocookie.net\/__cb20120329051727\/pad\/zh\/images\/3\/37\/199i.png","mAwokenList":[],"mCost":5,"mHp":30,"mHpMax":225,"mAtkMax":383,"mAtk":102,"mLv":15,"hpScale":1,"atkScale":1,"mNo":199,"mRare":2,"mRcvMax":125,"mRecovery":15,"rcvScale":1,"slv1":"30","slvmax":"5"}