{"mMonsterTypes":{"first":"ATTACKER","second":"NONE"},"mMonsterProps":{"first":0,"second":-1},"mActiveSkill":[{"mData":[1,25],"mType":"ST_REDUCE_DEF"}],"mLeaderSkill":[{"mData":[],"mType":"LST_NOT_SUPPORT"}],"mImageUrl":"http:\/\/img1.wikia.nocookie.net\/__cb20120328064858\/pad\/zh\/images\/d\/d2\/200i.png","mAwokenList":[],"mCost":8,"mHp":180,"mHpMax":508,"mAtkMax":1079,"mAtk":345,"mLv":50,"hpScale":1,"atkScale":1,"mNo":200,"mRare":3,"mRcvMax":163,"mRecovery":113,"rcvScale":1,"slv1":"30","slvmax":"5"}