{"mMonsterTypes":{"first":"HEALER","second":"NONE"},"mMonsterProps":{"first":1,"second":-1},"mActiveSkill":[{"mData":[3],"mType":"ST_DELAY"}],"mLeaderSkill":[{"mData":[],"mType":"LST_NOT_SUPPORT"}],"mImageUrl":"http:\/\/img2.wikia.nocookie.net\/__cb20141001070434\/pad\/zh\/images\/8\/81\/201i.png","mAwokenList":["RESISTANCE_DARK","ENHANCE_HEAL","ENHANCE_ATK"],"mCost":13,"mHp":672,"mHpMax":1277,"mAtkMax":949,"mAtk":452,"mLv":99,"hpScale":1,"atkScale":0.7,"mNo":201,"mRare":5,"mRcvMax":650,"mRecovery":406,"rcvScale":0.7,"slv1":"15","slvmax":"10"}