{"mMonsterTypes":{"first":"HEALER","second":"NONE"},"mMonsterProps":{"first":4,"second":-1},"mActiveSkill":[{"mData":[1,2],"mType":"ST_COLOR_CHANGE"}],"mLeaderSkill":[{"mData":[],"mType":"LST_NOT_SUPPORT"}],"mImageUrl":"http:\/\/img3.wikia.nocookie.net\/__cb20120420015604\/pad\/zh\/images\/8\/89\/202i.png","mAwokenList":["RESISTANCE_DARK","ENHANCE_HEAL","AUTO_RECOVER"],"mCost":13,"mHp":690,"mHpMax":1311,"mAtkMax":785,"mAtk":436,"mLv":99,"hpScale":1,"atkScale":0.7,"mNo":202,"mRare":5,"mRcvMax":691,"mRecovery":432,"rcvScale":0.7,"slv1":"11","slvmax":"5"}