{"mMonsterTypes":{"first":"HEALER","second":"NONE"},"mMonsterProps":{"first":5,"second":-1},"mActiveSkill":[{"mData":[3,1,10],"mType":"ST_BIND_RECOVER"}],"mLeaderSkill":[{"mData":[],"mType":"LST_NOT_SUPPORT"}],"mImageUrl":"http:\/\/img3.wikia.nocookie.net\/__cb20120419021501\/pad\/zh\/images\/a\/a3\/203i.png","mAwokenList":["RECOVER_BIND","AUTO_RECOVER","AUTO_RECOVER"],"mCost":13,"mHp":644,"mHpMax":1224,"mAtkMax":819,"mAtk":431,"mLv":99,"hpScale":1,"atkScale":0.7,"mNo":203,"mRare":5,"mRcvMax":717,"mRecovery":448,"rcvScale":0.7,"slv1":"20","slvmax":"10"}