{"mMonsterTypes":{"first":"HEALER","second":"NONE"},"mMonsterProps":{"first":3,"second":-1},"mActiveSkill":[{"mData":[2,1,5],"mType":"ST_BIND_RECOVER"}],"mLeaderSkill":[{"mData":[],"mType":"LST_NOT_SUPPORT"}],"mImageUrl":"http:\/\/img1.wikia.nocookie.net\/__cb20120423022928\/pad\/zh\/images\/0\/01\/204i.png","mAwokenList":["AUTO_RECOVER","AUTO_RECOVER","RECOVER_BIND"],"mCost":13,"mHp":654,"mHpMax":1243,"mAtkMax":789,"mAtk":415,"mLv":99,"hpScale":1,"atkScale":0.7,"mNo":204,"mRare":5,"mRcvMax":730,"mRecovery":456,"rcvScale":0.7,"slv1":"10","slvmax":"5"}