{"mMonsterTypes":{"first":"HEALER","second":"DEVIL"},"mMonsterProps":{"first":0,"second":-1},"mActiveSkill":[{"mData":[1,150,1],"mType":"ST_TYPE_UP"},{"mData":[1],"mType":"ST_POISON"}],"mLeaderSkill":[{"mData":[],"mType":"LST_NOT_SUPPORT"}],"mImageUrl":"http://img3.wikia.nocookie.net/__cb20120428025016/pad/zh/images/6/65/205i.png","mAwokenList":["AUTO_RECOVER","ENHANCE_HEAL","EXTEND_TIME"],"mCost":13,"mHp":672,"mHpMax":1277,"mAtkMax":1088,"mAtk":473,"mLv":99,"hpScale":1,"atkScale":0.7,"mNo":205,"mRare":5,"mRcvMax":638,"mRecovery":399,"rcvScale":0.7,"slv1":"15","slvmax":"10"}