{"mMonsterTypes":{"first":"HEALER","second":"NONE"},"mMonsterProps":{"first":1,"second":-1},"mActiveSkill":[{"mData":[0,2000],"mType":"ST_RECOVER_HP"}],"mLeaderSkill":[{"mData":[],"mType":"LST_NOT_SUPPORT"}],"mImageUrl":"http://img1.wikia.nocookie.net/__cb20120417041051/pad/zh/images/7/75/206i.png","mAwokenList":["AUTO_RECOVER","SKILL_BOOST"],"mCost":8,"mHp":220,"mHpMax":990,"mAtkMax":583,"mAtk":110,"mLv":70,"hpScale":1,"atkScale":0.7,"mNo":206,"mRare":4,"mRcvMax":450,"mRecovery":150,"rcvScale":0.7,"slv1":10,"slvmax":3}