{"mMonsterTypes":{"first":"HEALER","second":"NONE"},"mMonsterProps":{"first":4,"second":-1},"mActiveSkill":[{"mData":[0,2000],"mType":"ST_RECOVER_HP"}],"mLeaderSkill":[{"mData":[],"mType":"LST_NOT_SUPPORT"}],"mImageUrl":"http://img4.wikia.nocookie.net/__cb20120507034252/pad/zh/images/0/02/207i.png","mAwokenList":["AUTO_RECOVER","SKILL_BOOST"],"mCost":8,"mHp":230,"mHpMax":1035,"mAtkMax":557,"mAtk":105,"mLv":70,"hpScale":1,"atkScale":0.7,"mNo":207,"mRare":4,"mRcvMax":480,"mRecovery":160,"rcvScale":0.7,"slv1":10,"slvmax":3}