{"mMonsterTypes":{"first":"HEALER","second":"NONE"},"mMonsterProps":{"first":5,"second":-1},"mActiveSkill":[{"mData":[0,2000],"mType":"ST_RECOVER_HP"}],"mLeaderSkill":[{"mData":[],"mType":"LST_NOT_SUPPORT"}],"mImageUrl":"http://img2.wikia.nocookie.net/__cb20120423022854/pad/zh/images/9/93/208i.png","mAwokenList":["AUTO_RECOVER","SKILL_BOOST"],"mCost":8,"mHp":210,"mHpMax":945,"mAtkMax":572,"mAtk":108,"mLv":70,"hpScale":1,"atkScale":0.7,"mNo":208,"mRare":4,"mRcvMax":465,"mRecovery":155,"rcvScale":0.7,"slv1":10,"slvmax":3}