{"mMonsterTypes":{"first":"HEALER","second":"NONE"},"mMonsterProps":{"first":3,"second":-1},"mActiveSkill":[{"mData":[0,2000],"mType":"ST_RECOVER_HP"}],"mLeaderSkill":[{"mData":[],"mType":"LST_NOT_SUPPORT"}],"mImageUrl":"http://img1.wikia.nocookie.net/__cb20120426031000/pad/zh/images/6/60/209i.png","mAwokenList":["AUTO_RECOVER","SKILL_BOOST"],"mCost":8,"mHp":200,"mHpMax":900,"mAtkMax":530,"mAtk":100,"mLv":70,"hpScale":1,"atkScale":0.7,"mNo":209,"mRare":4,"mRcvMax":474,"mRecovery":158,"rcvScale":0.7,"slv1":10,"slvmax":3}