{"mMonsterTypes":{"first":"HEALER","second":"NONE"},"mMonsterProps":{"first":0,"second":-1},"mActiveSkill":[{"mData":[0,2000],"mType":"ST_RECOVER_HP"}],"mLeaderSkill":[{"mData":[],"mType":"LST_NOT_SUPPORT"}],"mImageUrl":"http://img1.wikia.nocookie.net/__cb20120419040339/pad/zh/images/d/d2/210i.png","mAwokenList":["AUTO_RECOVER","SKILL_BOOST"],"mCost":8,"mHp":190,"mHpMax":855,"mAtkMax":546,"mAtk":103,"mLv":70,"hpScale":1,"atkScale":0.7,"mNo":210,"mRare":4,"mRcvMax":456,"mRecovery":152,"rcvScale":0.7,"slv1":10,"slvmax":3}