{"mMonsterTypes":{"first":"DRAGON","second":"NONE"},"mMonsterProps":{"first":1,"second":-1},"mActiveSkill":[{"mData":[0,1],"mType":"ST_COLOR_CHANGE"}],"mLeaderSkill":[{"mData":[],"mType":"LST_NOT_SUPPORT"}],"mImageUrl":"http:\/\/img2.wikia.nocookie.net\/__cb20120518074609\/pad\/zh\/images\/3\/35\/211i.png","mAwokenList":["REDUCE_FIRE","REDUCE_FIRE","SKILL_BOOST"],"mCost":15,"mHp":1130,"mHpMax":2825,"mAtkMax":1330,"mAtk":950,"mLv":99,"hpScale":1,"atkScale":1,"mNo":211,"mRare":5,"mRcvMax":186,"mRecovery":93,"rcvScale":1,"slv1":"15","slvmax":"8"}