{"mMonsterTypes":{"first":"DRAGON","second":"NONE"},"mMonsterProps":{"first":4,"second":-1},"mActiveSkill":[{"mData":[3,4],"mType":"ST_COLOR_CHANGE"}],"mLeaderSkill":[{"mData":[],"mType":"LST_NOT_SUPPORT"}],"mImageUrl":"http:\/\/img2.wikia.nocookie.net\/__cb20120518074612\/pad\/zh\/images\/e\/ec\/212i.png","mAwokenList":["REDUCE_WATER","REDUCE_WATER","SKILL_BOOST"],"mCost":15,"mHp":1222,"mHpMax":3055,"mAtkMax":1264,"mAtk":903,"mLv":99,"hpScale":1,"atkScale":1,"mNo":212,"mRare":5,"mRcvMax":202,"mRecovery":101,"rcvScale":1,"slv1":"15","slvmax":"8"}