{"mMonsterTypes":{"first":"DRAGON","second":"NONE"},"mMonsterProps":{"first":5,"second":-1},"mActiveSkill":[{"mData":[0,5],"mType":"ST_COLOR_CHANGE"}],"mLeaderSkill":[{"mData":[],"mType":"LST_NOT_SUPPORT"}],"mImageUrl":"http:\/\/img3.wikia.nocookie.net\/__cb20120518074615\/pad\/zh\/images\/a\/a2\/213i.png","mAwokenList":["REDUCE_WOOD","REDUCE_WOOD","SKILL_BOOST"],"mCost":15,"mHp":1204,"mHpMax":3010,"mAtkMax":1280,"mAtk":914,"mLv":99,"hpScale":1,"atkScale":1,"mNo":213,"mRare":5,"mRcvMax":218,"mRecovery":109,"rcvScale":1,"slv1":"15","slvmax":"8"}