{"mMonsterTypes":{"first":"DRAGON","second":"NONE"},"mMonsterProps":{"first":3,"second":-1},"mActiveSkill":[{"mData":[4,3],"mType":"ST_COLOR_CHANGE"}],"mLeaderSkill":[{"mData":[],"mType":"LST_NOT_SUPPORT"}],"mImageUrl":"http:\/\/img1.wikia.nocookie.net\/__cb20120518074636\/pad\/zh\/images\/a\/ab\/214i.png","mAwokenList":["REDUCE_LIGHT","REDUCE_LIGHT","SKILL_BOOST"],"mCost":15,"mHp":1158,"mHpMax":2895,"mAtkMax":1294,"mAtk":924,"mLv":99,"hpScale":1,"atkScale":1,"mNo":214,"mRare":5,"mRcvMax":234,"mRecovery":117,"rcvScale":1,"slv1":"15","slvmax":"8"}