{"mMonsterTypes":{"first":"DRAGON","second":"DEVIL"},"mMonsterProps":{"first":0,"second":-1},"mActiveSkill":[{"mData":[4,0],"mType":"ST_COLOR_CHANGE"}],"mLeaderSkill":[{"mData":[],"mType":"LST_NOT_SUPPORT"}],"mImageUrl":"http:\/\/img2.wikia.nocookie.net\/__cb20120518074621\/pad\/zh\/images\/b\/bc\/215i.png","mAwokenList":["REDUCE_DARK","REDUCE_DARK","SKILL_BOOST"],"mCost":15,"mHp":1176,"mHpMax":2940,"mAtkMax":1316,"mAtk":940,"mLv":99,"hpScale":1,"atkScale":1,"mNo":215,"mRare":5,"mRcvMax":172,"mRecovery":86,"rcvScale":1,"slv1":"15","slvmax":"8"}