{"mMonsterTypes":{"first":"DRAGON","second":"NONE"},"mMonsterProps":{"first":1,"second":-1},"mActiveSkill":[{"mData":[1,5,1],"mType":"ST_ATTACK"}],"mLeaderSkill":[{"mData":[1,1,1,1,200],"mType":"LST_FACTOR"}],"mImageUrl":"http:\/\/img4.wikia.nocookie.net\/__cb20120523055551\/pad\/zh\/images\/e\/ee\/216i.png","mAwokenList":["ENHANCE_FIRE","SKILL_BOOST"],"mCost":25,"mHp":316,"mHpMax":1612,"mAtkMax":1816,"mAtk":443,"mLv":99,"hpScale":1.5,"atkScale":1.5,"mNo":216,"mRare":6,"mRcvMax":244,"mRecovery":122,"rcvScale":1.5,"slv1":"10","slvmax":"2"}