{"mMonsterTypes":{"first":"DRAGON","second":"NONE"},"mMonsterProps":{"first":4,"second":-1},"mActiveSkill":[{"mData":[1,5,4],"mType":"ST_ATTACK"}],"mLeaderSkill":[{"mData":[1,4,1,1,200],"mType":"LST_FACTOR"}],"mImageUrl":"http:\/\/img3.wikia.nocookie.net\/__cb20120613065733\/pad\/zh\/images\/6\/67\/217i.png","mAwokenList":["ENHANCE_WATER","SKILL_BOOST"],"mCost":25,"mHp":310,"mHpMax":1581,"mAtkMax":1857,"mAtk":453,"mLv":99,"hpScale":1.5,"atkScale":1.5,"mNo":217,"mRare":6,"mRcvMax":226,"mRecovery":113,"rcvScale":1.5,"slv1":"10","slvmax":"2"}