{"mMonsterTypes":{"first":"DRAGON","second":"NONE"},"mMonsterProps":{"first":5,"second":-1},"mActiveSkill":[{"mData":[1,5,5],"mType":"ST_ATTACK"}],"mLeaderSkill":[{"mData":[1,5,1,1,200],"mType":"LST_FACTOR"}],"mImageUrl":"http:\/\/img3.wikia.nocookie.net\/__cb20120612041347\/pad\/zh\/images\/f\/f8\/218i.png","mAwokenList":["ENHANCE_WOOD","SKILL_BOOST"],"mCost":25,"mHp":321,"mHpMax":1637,"mAtkMax":1804,"mAtk":440,"mLv":99,"hpScale":1.5,"atkScale":1.5,"mNo":218,"mRare":6,"mRcvMax":250,"mRecovery":125,"rcvScale":1.5,"slv1":"10","slvmax":"2"}