{"mMonsterTypes":{"first":"DRAGON","second":"NONE"},"mMonsterProps":{"first":3,"second":-1},"mActiveSkill":[{"mData":[1,5,3],"mType":"ST_ATTACK"}],"mLeaderSkill":[{"mData":[1,3,1,1,200],"mType":"LST_FACTOR"}],"mImageUrl":"http:\/\/img2.wikia.nocookie.net\/__cb20120613065727\/pad\/zh\/images\/6\/6f\/219i.png","mAwokenList":["ENHANCE_LIGHT","SKILL_BOOST"],"mCost":25,"mHp":309,"mHpMax":1576,"mAtkMax":1755,"mAtk":428,"mLv":99,"hpScale":1.5,"atkScale":1.5,"mNo":219,"mRare":6,"mRcvMax":228,"mRecovery":114,"rcvScale":1.5,"slv1":"10","slvmax":"3"}