{"mMonsterTypes":{"first":"DRAGON","second":"NONE"},"mMonsterProps":{"first":0,"second":-1},"mActiveSkill":[{"mData":[1,5,0],"mType":"ST_ATTACK"}],"mLeaderSkill":[{"mData":[1,0,1,1,200],"mType":"LST_FACTOR"}],"mImageUrl":"http:\/\/img1.wikia.nocookie.net\/__cb20120613065724\/pad\/zh\/images\/8\/8f\/220i.png","mAwokenList":["ENHANCE_DARK","SKILL_BOOST"],"mCost":25,"mHp":312,"mHpMax":1591,"mAtkMax":1771,"mAtk":432,"mLv":99,"hpScale":1.5,"atkScale":1.5,"mNo":220,"mRare":6,"mRcvMax":222,"mRecovery":111,"rcvScale":1.5,"slv1":"10","slvmax":"3"}