{"mMonsterTypes":{"first":"PHYSICAL","second":"NONE"},"mMonsterProps":{"first":4,"second":-1},"mActiveSkill":[{"mData":[2,4],"mType":"ST_COLOR_CHANGE"}],"mLeaderSkill":[{"mData":[1,12,1,1,200],"mType":"LST_FACTOR"}],"mImageUrl":"http:\/\/img2.wikia.nocookie.net\/__cb20120523055547\/pad\/zh\/images\/3\/38\/221i.png","mAwokenList":[],"mCost":7,"mHp":72,"mHpMax":1624,"mAtkMax":705,"mAtk":76,"mLv":50,"hpScale":1,"atkScale":1,"mNo":221,"mRare":4,"mRcvMax":46,"mRecovery":9,"rcvScale":1,"slv1":"11","slvmax":"5"}