{"mMonsterTypes":{"first":"PHYSICAL","second":"NONE"},"mMonsterProps":{"first":4,"second":-1},"mActiveSkill":[{"mData":[2,4],"mType":"ST_COLOR_CHANGE"}],"mLeaderSkill":[{"mData":[1,12,1,1,250],"mType":"LST_FACTOR"}],"mImageUrl":"http:\/\/img2.wikia.nocookie.net\/__cb20120613065423\/pad\/zh\/images\/3\/3a\/222i.png","mAwokenList":[],"mCost":15,"mHp":1462,"mHpMax":2242,"mAtkMax":1207,"mAtk":635,"mLv":70,"hpScale":1.5,"atkScale":1.5,"mNo":222,"mRare":5,"mRcvMax":99,"mRecovery":41,"rcvScale":1.5,"slv1":"11","slvmax":"5"}