{"mMonsterTypes":{"first":"BALANCED","second":"NONE"},"mMonsterProps":{"first":5,"second":-1},"mActiveSkill":[{"mData":[2,5,6,5,7,5,8,5],"mType":"ST_COLOR_CHANGE"}],"mLeaderSkill":[{"mData":[1,10,1,0,150],"mType":"LST_FACTOR"}],"mImageUrl":"http:\/\/img1.wikia.nocookie.net\/__cb20120613065418\/pad\/zh\/images\/3\/33\/223i.png","mAwokenList":[],"mCost":7,"mHp":61,"mHpMax":906,"mAtkMax":752,"mAtk":68,"mLv":50,"hpScale":1,"atkScale":1,"mNo":223,"mRare":4,"mRcvMax":165,"mRecovery":15,"rcvScale":1,"slv1":"11","slvmax":"5"}