{"mMonsterTypes":{"first":"BALANCED","second":"NONE"},"mMonsterProps":{"first":5,"second":-1},"mActiveSkill":[{"mData":[2,5],"mType":"ST_COLOR_CHANGE"}],"mLeaderSkill":[{"mData":[1,10,1,0,250],"mType":"LST_FACTOR"}],"mImageUrl":"http:\/\/img2.wikia.nocookie.net\/__cb20120613065415\/pad\/zh\/images\/1\/1a\/224i.png","mAwokenList":[],"mCost":15,"mHp":815,"mHpMax":1724,"mAtkMax":1286,"mAtk":677,"mLv":70,"hpScale":1.5,"atkScale":1.5,"mNo":224,"mRare":5,"mRcvMax":286,"mRecovery":149,"rcvScale":1.5,"slv1":"11","slvmax":"5"}