{"mMonsterTypes":{"first":"HEALER","second":"NONE"},"mMonsterProps":{"first":3,"second":-1},"mActiveSkill":[{"mData":[2,3],"mType":"ST_COLOR_CHANGE"}],"mLeaderSkill":[{"mData":[1,13,1,1,200],"mType":"LST_FACTOR"}],"mImageUrl":"http:\/\/img1.wikia.nocookie.net\/__cb20120518074628\/pad\/zh\/images\/6\/66\/225i.png","mAwokenList":[],"mCost":6,"mHp":55,"mHpMax":1000,"mAtkMax":555,"mAtk":67,"mLv":50,"hpScale":1,"atkScale":1,"mNo":225,"mRare":4,"mRcvMax":256,"mRecovery":35,"rcvScale":1,"slv1":"11","slvmax":"5"}