{"mMonsterTypes":{"first":"HEALER","second":"NONE"},"mMonsterProps":{"first":3,"second":-1},"mActiveSkill":[{"mData":[2,3],"mType":"ST_COLOR_CHANGE"}],"mLeaderSkill":[{"mData":[1,13,1,1,250],"mType":"LST_FACTOR"}],"mImageUrl":"http:\/\/img3.wikia.nocookie.net\/__cb20120613065413\/pad\/zh\/images\/5\/5e\/226i.png","mAwokenList":[],"mCost":15,"mHp":900,"mHpMax":1810,"mAtkMax":1050,"mAtk":500,"mLv":70,"hpScale":1.5,"atkScale":1.5,"mNo":226,"mRare":5,"mRcvMax":477,"mRecovery":230,"rcvScale":1.5,"slv1":"11","slvmax":"5"}