{"mMonsterTypes":{"first":"EVO_MATRIAL","second":"NONE"},"mMonsterProps":{"first":5,"second":-1},"mActiveSkill":[{"mData":[1,250,0],"mType":"ST_TYPE_UP"},{"mData":[1],"mType":"ST_DELAY"}],"mLeaderSkill":[{"mData":[],"mType":"LST_NOT_SUPPORT"}],"mImageUrl":"http://img1.wikia.nocookie.net/__cb20120518074630/pad/zh/images/9/9b/227i.png","mAwokenList":[],"mCost":1,"mHp":300,"mHpMax":300,"mAtkMax":300,"mAtk":300,"mLv":1,"hpScale":1,"atkScale":1,"mNo":227,"mRare":5,"mRcvMax":300,"mRecovery":300,"rcvScale":1,"slv1":21,"slvmax":21}