{"mMonsterTypes":{"first":"PHYSICAL","second":"NONE"},"mMonsterProps":{"first":1,"second":-1},"mActiveSkill":[{"mData":[0],"mType":"ST_CLEAR_BOARD"}],"mLeaderSkill":[{"mData":[1,12,1,0,250],"mType":"LST_FACTOR"}],"mImageUrl":"http:\/\/img4.wikia.nocookie.net\/__cb20120613083341\/pad\/zh\/images\/f\/f9\/228i.png","mAwokenList":["RESISTANCE_POISON","ENHANCE_FIRE"],"mCost":50,"mHp":1000,"mHpMax":4500,"mAtkMax":1200,"mAtk":500,"mLv":99,"hpScale":1.5,"atkScale":1.5,"mNo":228,"mRare":5,"mRcvMax":200,"mRecovery":50,"rcvScale":1.5,"slv1":-1,"slvmax":-1}