{"mMonsterTypes":{"first":"BALANCED","second":"NONE"},"mMonsterProps":{"first":1,"second":-1},"mActiveSkill":[{"mData":[4,1],"mType":"ST_COLOR_CHANGE"}],"mLeaderSkill":[{"mData":[1,10,1,2,250],"mType":"LST_FACTOR"}],"mImageUrl":"http:\/\/img3.wikia.nocookie.net\/__cb20120613065409\/pad\/zh\/images\/d\/db\/229i.png","mAwokenList":["TWO_PRONGED_ATTACK","ENHANCE_FIRE","ENHANCE_HP"],"mCost":14,"mHp":1064,"mHpMax":2234,"mAtkMax":1173,"mAtk":782,"mLv":99,"hpScale":1,"atkScale":1,"mNo":229,"mRare":5,"mRcvMax":389,"mRecovery":259,"rcvScale":1,"slv1":"9","slvmax":"5"}