{"mMonsterTypes":{"first":"BALANCED","second":"NONE"},"mMonsterProps":{"first":4,"second":-1},"mActiveSkill":[{"mData":[5,4],"mType":"ST_COLOR_CHANGE"}],"mLeaderSkill":[{"mData":[1,10,1,1,250],"mType":"LST_FACTOR"}],"mImageUrl":"http:\/\/img3.wikia.nocookie.net\/__cb20120613065402\/pad\/zh\/images\/0\/02\/230i.png","mAwokenList":["TWO_PRONGED_ATTACK","ENHANCE_WATER","ENHANCE_HP"],"mCost":14,"mHp":970,"mHpMax":2037,"mAtkMax":1253,"mAtk":835,"mLv":99,"hpScale":1,"atkScale":1,"mNo":230,"mRare":5,"mRcvMax":326,"mRecovery":217,"rcvScale":1,"slv1":"9","slvmax":"5"}