{"mMonsterTypes":{"first":"DRAGON","second":"NONE"},"mMonsterProps":{"first":5,"second":-1},"mActiveSkill":[{"mData":[1,5],"mType":"ST_COLOR_CHANGE"}],"mLeaderSkill":[{"mData":[1,8,1,1,250],"mType":"LST_FACTOR"}],"mImageUrl":"http:\/\/img2.wikia.nocookie.net\/__cb20120613065359\/pad\/zh\/images\/7\/78\/231i.png","mAwokenList":["TWO_PRONGED_ATTACK","ENHANCE_WOOD","ENHANCE_HP"],"mCost":14,"mHp":1018,"mHpMax":2138,"mAtkMax":1212,"mAtk":808,"mLv":99,"hpScale":1,"atkScale":1,"mNo":231,"mRare":5,"mRcvMax":336,"mRecovery":224,"rcvScale":1,"slv1":"9","slvmax":"5"}