{"mMonsterTypes":{"first":"GOD","second":"BALANCED"},"mMonsterProps":{"first":3,"second":-1},"mActiveSkill":[{"mData":[0,3],"mType":"ST_COLOR_CHANGE"}],"mLeaderSkill":[{"mData":[1,14,1,1,200],"mType":"LST_FACTOR"}],"mImageUrl":"http:\/\/img2.wikia.nocookie.net\/__cb20120613065348\/pad\/zh\/images\/b\/bc\/232i.png","mAwokenList":["TWO_PRONGED_ATTACK","ENHANCE_LIGHT","ENHANCE_HP"],"mCost":14,"mHp":990,"mHpMax":2079,"mAtkMax":1197,"mAtk":798,"mLv":99,"hpScale":1,"atkScale":1,"mNo":232,"mRare":5,"mRcvMax":378,"mRecovery":252,"rcvScale":1,"slv1":"9","slvmax":"5"}