{"mMonsterTypes":{"first":"DRAGON","second":"NONE"},"mMonsterProps":{"first":0,"second":-1},"mActiveSkill":[{"mData":[3,0],"mType":"ST_COLOR_CHANGE"}],"mLeaderSkill":[{"mData":[1,8,1,0,200],"mType":"LST_FACTOR"}],"mImageUrl":"http:\/\/img3.wikia.nocookie.net\/__cb20120613065351\/pad\/zh\/images\/9\/94\/233i.png","mAwokenList":["TWO_PRONGED_ATTACK","ENHANCE_DARK","ENHANCE_HP"],"mCost":14,"mHp":1046,"mHpMax":2197,"mAtkMax":1236,"mAtk":824,"mLv":99,"hpScale":1,"atkScale":1,"mNo":233,"mRare":5,"mRcvMax":315,"mRecovery":210,"rcvScale":1,"slv1":"9","slvmax":"5"}