{"mMonsterTypes":{"first":"EVO_MATRIAL","second":"NONE"},"mMonsterProps":{"first":3,"second":-1},"mActiveSkill":[{"mData":[],"mType":"ST_NOT_SUPPORT"}],"mLeaderSkill":[{"mData":[],"mType":"LST_NOT_SUPPORT"}],"mImageUrl":"http:\/\/img2.wikia.nocookie.net\/__cb20120613063824\/pad\/zh\/images\/2\/2a\/234i.png","mAwokenList":[],"mCost":1,"mHp":300,"mHpMax":300,"mAtkMax":300,"mAtk":300,"mLv":1,"hpScale":1,"atkScale":1,"mNo":234,"mRare":5,"mRcvMax":300,"mRecovery":300,"rcvScale":1,"slv1":-1,"slvmax":-1}