{"mMonsterTypes":{"first":"GOD","second":"NONE"},"mMonsterProps":{"first":1,"second":-1},"mActiveSkill":[{"mData":[1],"mType":"ST_ADD_PLUS"}],"mLeaderSkill":[{"mData":[1,1,2,1,150,2,150],"mType":"LST_FACTOR"}],"mImageUrl":"http:\/\/img2.wikia.nocookie.net\/__cb20120703110157\/pad\/zh\/images\/2\/2a\/236i.png","mAwokenList":[],"mCost":20,"mHp":826,"mHpMax":1982,"mAtkMax":1075,"mAtk":512,"mLv":50,"hpScale":1.5,"atkScale":1.5,"mNo":236,"mRare":5,"mRcvMax":92,"mRecovery":44,"rcvScale":1.5,"slv1":"22","slvmax":"11"}