{"mMonsterTypes":{"first":"GOD","second":"NONE"},"mMonsterProps":{"first":1,"second":1},"mActiveSkill":[{"mData":[1],"mType":"ST_ADD_PLUS"}],"mLeaderSkill":[{"mData":[1,1,3,0,150,1,150,2,150],"mType":"LST_FACTOR"}],"mImageUrl":"http:\/\/img4.wikia.nocookie.net\/__cb20120703110153\/pad\/zh\/images\/f\/ff\/237i.png","mAwokenList":["EXTEND_TIME","SKILL_BOOST","ENHANCE_FIRE_ATT","ENHANCE_FIRE_ATT"],"mCost":25,"mHp":1586,"mHpMax":3331,"mAtkMax":1452,"mAtk":968,"mLv":99,"hpScale":1.5,"atkScale":1.5,"mNo":237,"mRare":6,"mRcvMax":125,"mRecovery":83,"rcvScale":1.5,"slv1":"22","slvmax":"11"}