{"mMonsterTypes":{"first":"GOD","second":"NONE"},"mMonsterProps":{"first":4,"second":-1},"mActiveSkill":[{"mData":[0,50,4,50],"mType":"ST_ATTACK"},{"mData":[4],"mType":"ST_ADD_PLUS"}],"mLeaderSkill":[{"mData":[1,4,2,1,150,2,150],"mType":"LST_FACTOR"}],"mImageUrl":"http:\/\/img2.wikia.nocookie.net\/__cb20120703110150\/pad\/zh\/images\/e\/ee\/238i.png","mAwokenList":[],"mCost":20,"mHp":623,"mHpMax":1308,"mAtkMax":916,"mAtk":436,"mLv":50,"hpScale":1.5,"atkScale":1.5,"mNo":238,"mRare":5,"mRcvMax":489,"mRecovery":233,"rcvScale":1.5,"slv1":"23","slvmax":"10"}