{"mMonsterTypes":{"first":"GOD","second":"NONE"},"mMonsterProps":{"first":4,"second":4},"mActiveSkill":[{"mData":[0,50,4,50],"mType":"ST_ATTACK"},{"mData":[4],"mType":"ST_ADD_PLUS"}],"mLeaderSkill":[{"mData":[1,4,3,0,150,1,150,2,150],"mType":"LST_FACTOR"}],"mImageUrl":"http:\/\/img1.wikia.nocookie.net\/__cb20120703110145\/pad\/zh\/images\/0\/02\/239i.png","mAwokenList":["SKILL_BOOST","AUTO_RECOVER","RECOVER_BIND","EXTEND_TIME"],"mCost":25,"mHp":1046,"mHpMax":2197,"mAtkMax":1236,"mAtk":824,"mLv":99,"hpScale":1.5,"atkScale":1.5,"mNo":239,"mRare":6,"mRcvMax":660,"mRecovery":440,"rcvScale":1.5,"slv1":"23","slvmax":"10"}