{"mMonsterTypes":{"first":"GOD","second":"NONE"},"mMonsterProps":{"first":5,"second":-1},"mActiveSkill":[{"mData":[4,2],"mType":"ST_COLOR_CHANGE"}],"mLeaderSkill":[{"mData":[1,5,2,1,150,2,150],"mType":"LST_FACTOR"}],"mImageUrl":"http:\/\/img1.wikia.nocookie.net\/__cb20120703110142\/pad\/zh\/images\/b\/b9\/240i.png","mAwokenList":[],"mCost":20,"mHp":777,"mHpMax":1632,"mAtkMax":1004,"mAtk":478,"mLv":50,"hpScale":1.5,"atkScale":1.5,"mNo":240,"mRare":5,"mRcvMax":328,"mRecovery":156,"rcvScale":1.5,"slv1":"11","slvmax":"5"}