{"mMonsterTypes":{"first":"GOD","second":"NONE"},"mMonsterProps":{"first":5,"second":5},"mActiveSkill":[{"mData":[4,2],"mType":"ST_COLOR_CHANGE"}],"mLeaderSkill":[{"mData":[1,5,3,0,150,1,150,2,150],"mType":"LST_FACTOR"}],"mImageUrl":"http:\/\/img1.wikia.nocookie.net\/__cb20120703110137\/pad\/zh\/images\/0\/0a\/241i.png","mAwokenList":["RESISTANCE_POISON","ENHANCE_WOOD","TWO_PRONGED_ATTACK","AUTO_RECOVER"],"mCost":25,"mHp":1306,"mHpMax":2743,"mAtkMax":1356,"mAtk":904,"mLv":99,"hpScale":1.5,"atkScale":1.5,"mNo":241,"mRare":6,"mRcvMax":443,"mRecovery":295,"rcvScale":1.5,"slv1":"11","slvmax":"5"}