{"mMonsterTypes":{"first":"GOD","second":"NONE"},"mMonsterProps":{"first":3,"second":-1},"mActiveSkill":[{"mData":[3,75],"mType":"ST_REDUCE_SHIELD"}],"mLeaderSkill":[{"mData":[2,8,14,1,0,150],"mType":"LST_FACTOR"}],"mImageUrl":"http:\/\/img1.wikia.nocookie.net\/__cb20120703110134\/pad\/zh\/images\/0\/0b\/242i.png","mAwokenList":[],"mCost":20,"mHp":856,"mHpMax":2054,"mAtkMax":1012,"mAtk":482,"mLv":50,"hpScale":1.5,"atkScale":1.5,"mNo":242,"mRare":5,"mRcvMax":162,"mRecovery":77,"rcvScale":1.5,"slv1":"20","slvmax":"15"}