{"mMonsterTypes":{"first":"GOD","second":"NONE"},"mMonsterProps":{"first":3,"second":3},"mActiveSkill":[{"mData":[3,75],"mType":"ST_REDUCE_SHIELD"}],"mLeaderSkill":[{"mData":[2,8,14,1,0,200],"mType":"LST_FACTOR"}],"mImageUrl":"http:\/\/img2.wikia.nocookie.net\/__cb20120703110129\/pad\/zh\/images\/f\/f4\/243i.png","mAwokenList":["EXTEND_TIME","RESISTANCE_SKILL_LOCK","SKILL_BOOST","RESISTANCE_SKILL_LOCK"],"mCost":25,"mHp":1643,"mHpMax":3450,"mAtkMax":1367,"mAtk":911,"mLv":99,"hpScale":1.5,"atkScale":1.5,"mNo":243,"mRare":6,"mRcvMax":219,"mRecovery":146,"rcvScale":1.5,"slv1":"20","slvmax":"15"}