{"mMonsterTypes":{"first":"GOD","second":"NONE"},"mMonsterProps":{"first":0,"second":-1},"mActiveSkill":[{"mData":[1,0,10,150],"mType":"ST_HP_ATTACK"},{"mData":[1,150,0],"mType":"ST_POWER_UP"}],"mLeaderSkill":[{"mData":[2,8,14,1,1,150],"mType":"LST_FACTOR"}],"mImageUrl":"http:\/\/img2.wikia.nocookie.net\/__cb20120703110122\/pad\/zh\/images\/e\/e3\/244i.png","mAwokenList":[],"mCost":20,"mHp":909,"mHpMax":2182,"mAtkMax":981,"mAtk":467,"mLv":50,"hpScale":1.5,"atkScale":1.5,"mNo":244,"mRare":5,"mRcvMax":82,"mRecovery":39,"rcvScale":1.5,"slv1":"15","slvmax":"7"}