{"mMonsterTypes":{"first":"GOD","second":"NONE"},"mMonsterProps":{"first":0,"second":0},"mActiveSkill":[{"mData":[1,0,10,150],"mType":"ST_HP_ATTACK"},{"mData":[1,150,0],"mType":"ST_POWER_UP"}],"mLeaderSkill":[{"mData":[2,8,14,1,1,200],"mType":"LST_FACTOR"}],"mImageUrl":"http:\/\/img3.wikia.nocookie.net\/__cb20120703110119\/pad\/zh\/images\/0\/08\/245i.png","mAwokenList":["ENHANCE_DARK_ATT","SKILL_BOOST","ENHANCE_DARK_ATT","RESISTANCE_SKILL_LOCK"],"mCost":25,"mHp":1746,"mHpMax":3667,"mAtkMax":1325,"mAtk":883,"mLv":99,"hpScale":1.5,"atkScale":1.5,"mNo":245,"mRare":6,"mRcvMax":111,"mRecovery":74,"rcvScale":1.5,"slv1":"15","slvmax":"7"}