{"mMonsterTypes":{"first":"EVO_MATRIAL","second":"NONE"},"mMonsterProps":{"first":4,"second":-1},"mActiveSkill":[{"mData":[],"mType":"ST_NOT_SUPPORT"}],"mLeaderSkill":[{"mData":[],"mType":"LST_NOT_SUPPORT"}],"mImageUrl":"http:\/\/img1.wikia.nocookie.net\/__cb20120703110114\/pad\/zh\/images\/1\/1e\/247i.png","mAwokenList":[],"mCost":1,"mHp":500,"mHpMax":500,"mAtkMax":500,"mAtk":500,"mLv":1,"hpScale":1,"atkScale":1,"mNo":247,"mRare":5,"mRcvMax":200,"mRecovery":200,"rcvScale":1,"slv1":-1,"slvmax":-1}