{"mMonsterTypes":{"first":"ENHANCE_MATRIAL","second":"NONE"},"mMonsterProps":{"first":1,"second":-1},"mActiveSkill":[{"mData":[],"mType":"ST_NOT_SUPPORT"}],"mLeaderSkill":[{"mData":[],"mType":"LST_NOT_SUPPORT"}],"mImageUrl":"http:\/\/img3.wikia.nocookie.net\/__cb20120730043515\/pad\/zh\/images\/e\/eb\/252i.png","mAwokenList":[],"mCost":1,"mHp":100,"mHpMax":100,"mAtkMax":20,"mAtk":20,"mLv":1,"hpScale":1,"atkScale":1,"mNo":252,"mRare":3,"mRcvMax":5,"mRecovery":5,"rcvScale":1,"slv1":-1,"slvmax":-1}