{"mMonsterTypes":{"first":"ENHANCE_MATRIAL","second":"NONE"},"mMonsterProps":{"first":1,"second":-1},"mActiveSkill":[{"mData":[],"mType":"ST_NOT_SUPPORT"}],"mLeaderSkill":[{"mData":[],"mType":"LST_NOT_SUPPORT"}],"mImageUrl":"http:\/\/img1.wikia.nocookie.net\/__cb20120730043512\/pad\/zh\/images\/0\/0d\/253i.png","mAwokenList":[],"mCost":1,"mHp":250,"mHpMax":250,"mAtkMax":30,"mAtk":30,"mLv":1,"hpScale":1,"atkScale":1,"mNo":253,"mRare":4,"mRcvMax":10,"mRecovery":10,"rcvScale":1,"slv1":-1,"slvmax":-1}