{"mMonsterTypes":{"first":"ENHANCE_MATRIAL","second":"NONE"},"mMonsterProps":{"first":4,"second":-1},"mActiveSkill":[{"mData":[2,4],"mType":"ST_COLOR_CHANGE"}],"mLeaderSkill":[{"mData":[],"mType":"LST_NOT_SUPPORT"}],"mImageUrl":"http:\/\/img3.wikia.nocookie.net\/__cb20120730043457\/pad\/zh\/images\/4\/40\/257i.png","mAwokenList":[],"mCost":1,"mHp":500,"mHpMax":500,"mAtkMax":40,"mAtk":40,"mLv":1,"hpScale":1,"atkScale":1,"mNo":257,"mRare":5,"mRcvMax":15,"mRecovery":15,"rcvScale":1,"slv1":"11","slvmax":"11"}