{"mMonsterTypes":{"first":"ENHANCE_MATRIAL","second":"NONE"},"mMonsterProps":{"first":5,"second":-1},"mActiveSkill":[{"mData":[],"mType":"ST_NOT_SUPPORT"}],"mLeaderSkill":[{"mData":[],"mType":"LST_NOT_SUPPORT"}],"mImageUrl":"http:\/\/img2.wikia.nocookie.net\/__cb20120730043448\/pad\/zh\/images\/2\/21\/259i.png","mAwokenList":[],"mCost":1,"mHp":250,"mHpMax":250,"mAtkMax":30,"mAtk":30,"mLv":1,"hpScale":1,"atkScale":1,"mNo":259,"mRare":4,"mRcvMax":10,"mRecovery":10,"rcvScale":1,"slv1":-1,"slvmax":-1}