{"mMonsterTypes":{"first":"ATTACKER","second":"NONE"},"mMonsterProps":{"first":1,"second":-1},"mActiveSkill":[{"mData":[1,3,1],"mType":"ST_ATTACK"}],"mLeaderSkill":[{"mData":[],"mType":"LST_NOT_SUPPORT"}],"mImageUrl":"http:\/\/img4.wikia.nocookie.net\/__cb20120810061609\/pad\/zh\/images\/8\/8f\/262i.png","mAwokenList":[],"mCost":7,"mHp":155,"mHpMax":403,"mAtkMax":715,"mAtk":286,"mLv":25,"hpScale":0.7,"atkScale":0.7,"mNo":262,"mRare":3,"mRcvMax":63,"mRecovery":30,"rcvScale":0.7,"slv1":"10","slvmax":"5"}