{"mMonsterTypes":{"first":"ATTACKER","second":"NONE"},"mMonsterProps":{"first":1,"second":-1},"mActiveSkill":[{"mData":[2,130,1],"mType":"ST_POWER_UP"}],"mLeaderSkill":[{"mData":[],"mType":"LST_NOT_SUPPORT"}],"mImageUrl":"http:\/\/img2.wikia.nocookie.net\/__cb20120810061605\/pad\/zh\/images\/2\/22\/263i.png","mAwokenList":[],"mCost":10,"mHp":322,"mHpMax":741,"mAtkMax":1352,"mAtk":644,"mLv":70,"hpScale":0.7,"atkScale":0.7,"mNo":263,"mRare":4,"mRcvMax":86,"mRecovery":57,"rcvScale":0.7,"slv1":"30","slvmax":"8"}