{"mMonsterTypes":{"first":"ATTACKER","second":"NONE"},"mMonsterProps":{"first":4,"second":-1},"mActiveSkill":[{"mData":[1,3,4],"mType":"ST_ATTACK"}],"mLeaderSkill":[{"mData":[],"mType":"LST_NOT_SUPPORT"}],"mImageUrl":"http:\/\/img1.wikia.nocookie.net\/__cb20120810061601\/pad\/zh\/images\/0\/0a\/264i.png","mAwokenList":[],"mCost":7,"mHp":157,"mHpMax":408,"mAtkMax":708,"mAtk":283,"mLv":25,"hpScale":0.7,"atkScale":0.7,"mNo":264,"mRare":3,"mRcvMax":69,"mRecovery":33,"rcvScale":0.7,"slv1":"10","slvmax":"5"}