{"mMonsterTypes":{"first":"ATTACKER","second":"NONE"},"mMonsterProps":{"first":4,"second":-1},"mActiveSkill":[{"mData":[2,130,4],"mType":"ST_POWER_UP"}],"mLeaderSkill":[{"mData":[],"mType":"LST_NOT_SUPPORT"}],"mImageUrl":"http:\/\/img3.wikia.nocookie.net\/__cb20120810061555\/pad\/zh\/images\/5\/5a\/265i.png","mAwokenList":[],"mCost":10,"mHp":326,"mHpMax":750,"mAtkMax":1338,"mAtk":637,"mLv":70,"hpScale":0.7,"atkScale":0.7,"mNo":265,"mRare":4,"mRcvMax":93,"mRecovery":62,"rcvScale":0.7,"slv1":"30","slvmax":"8"}