{"mMonsterTypes":{"first":"ATTACKER","second":"NONE"},"mMonsterProps":{"first":5,"second":-1},"mActiveSkill":[{"mData":[1,3,5],"mType":"ST_ATTACK"}],"mLeaderSkill":[{"mData":[],"mType":"LST_NOT_SUPPORT"}],"mImageUrl":"http:\/\/img4.wikia.nocookie.net\/__cb20120810061550\/pad\/zh\/images\/e\/e7\/266i.png","mAwokenList":[],"mCost":7,"mHp":161,"mHpMax":419,"mAtkMax":700,"mAtk":280,"mLv":25,"hpScale":0.7,"atkScale":0.7,"mNo":266,"mRare":3,"mRcvMax":78,"mRecovery":37,"rcvScale":0.7,"slv1":"10","slvmax":"5"}