{"mMonsterTypes":{"first":"ATTACKER","second":"NONE"},"mMonsterProps":{"first":5,"second":-1},"mActiveSkill":[{"mData":[2,130,5],"mType":"ST_POWER_UP"}],"mLeaderSkill":[{"mData":[],"mType":"LST_NOT_SUPPORT"}],"mImageUrl":"http:\/\/img2.wikia.nocookie.net\/__cb20120810061548\/pad\/zh\/images\/3\/39\/267i.png","mAwokenList":[],"mCost":10,"mHp":335,"mHpMax":771,"mAtkMax":1323,"mAtk":630,"mLv":70,"hpScale":0.7,"atkScale":0.7,"mNo":267,"mRare":4,"mRcvMax":105,"mRecovery":70,"rcvScale":0.7,"slv1":"30","slvmax":"8"}