{"mMonsterTypes":{"first":"ATTACKER","second":"NONE"},"mMonsterProps":{"first":3,"second":-1},"mActiveSkill":[{"mData":[1,3,3],"mType":"ST_ATTACK"}],"mLeaderSkill":[{"mData":[],"mType":"LST_NOT_SUPPORT"}],"mImageUrl":"http:\/\/img3.wikia.nocookie.net\/__cb20120810061543\/pad\/zh\/images\/e\/e4\/268i.png","mAwokenList":[],"mCost":7,"mHp":150,"mHpMax":390,"mAtkMax":703,"mAtk":281,"mLv":25,"hpScale":0.7,"atkScale":0.7,"mNo":268,"mRare":3,"mRcvMax":74,"mRecovery":35,"rcvScale":0.7,"slv1":"10","slvmax":"5"}