{"mMonsterTypes":{"first":"ATTACKER","second":"NONE"},"mMonsterProps":{"first":3,"second":-1},"mActiveSkill":[{"mData":[2,130,3],"mType":"ST_POWER_UP"}],"mLeaderSkill":[{"mData":[],"mType":"LST_NOT_SUPPORT"}],"mImageUrl":"http:\/\/img4.wikia.nocookie.net\/__cb20120810061539\/pad\/zh\/images\/9\/9e\/269i.png","mAwokenList":[],"mCost":10,"mHp":312,"mHpMax":718,"mAtkMax":1329,"mAtk":633,"mLv":70,"hpScale":0.7,"atkScale":0.7,"mNo":269,"mRare":4,"mRcvMax":101,"mRecovery":67,"rcvScale":0.7,"slv1":"30","slvmax":"9"}