{"mMonsterTypes":{"first":"ATTACKER","second":"NONE"},"mMonsterProps":{"first":0,"second":-1},"mActiveSkill":[{"mData":[1,3,0],"mType":"ST_ATTACK"}],"mLeaderSkill":[{"mData":[],"mType":"LST_NOT_SUPPORT"}],"mImageUrl":"http:\/\/img3.wikia.nocookie.net\/__cb20120810061525\/pad\/zh\/images\/c\/c1\/270i.png","mAwokenList":[],"mCost":7,"mHp":159,"mHpMax":413,"mAtkMax":695,"mAtk":278,"mLv":25,"hpScale":0.7,"atkScale":0.7,"mNo":270,"mRare":3,"mRcvMax":65,"mRecovery":31,"rcvScale":0.7,"slv1":"10","slvmax":"5"}