{"mMonsterTypes":{"first":"ATTACKER","second":"NONE"},"mMonsterProps":{"first":0,"second":-1},"mActiveSkill":[{"mData":[2,130,0],"mType":"ST_POWER_UP"}],"mLeaderSkill":[{"mData":[],"mType":"LST_NOT_SUPPORT"}],"mImageUrl":"http:\/\/img2.wikia.nocookie.net\/__cb20120810061522\/pad\/zh\/images\/0\/0e\/271i.png","mAwokenList":[],"mCost":10,"mHp":330,"mHpMax":759,"mAtkMax":1315,"mAtk":626,"mLv":70,"hpScale":0.7,"atkScale":0.7,"mNo":271,"mRare":4,"mRcvMax":89,"mRecovery":59,"rcvScale":0.7,"slv1":"30","slvmax":"9"}