{"mMonsterTypes":{"first":"ATTACKER","second":"NONE"},"mMonsterProps":{"first":1,"second":-1},"mActiveSkill":[{"mData":[],"mType":"ST_NOT_SUPPORT"}],"mLeaderSkill":[{"mData":[],"mType":"LST_NOT_SUPPORT"}],"mImageUrl":"http:\/\/img1.wikia.nocookie.net\/__cb20120810061517\/pad\/zh\/images\/e\/e4\/272i.png","mAwokenList":[],"mCost":5,"mHp":32,"mHpMax":25,"mAtkMax":325,"mAtk":105,"mLv":15,"hpScale":0.7,"atkScale":0.7,"mNo":272,"mRare":2,"mRcvMax":25,"mRecovery":15,"rcvScale":0.7,"slv1":-1,"slvmax":-1}