{"mMonsterTypes":{"first":"ATTACKER","second":"NONE"},"mMonsterProps":{"first":1,"second":-1},"mActiveSkill":[{"mData":[1,50],"mType":"ST_REDUCE_DEF"}],"mLeaderSkill":[{"mData":[],"mType":"LST_NOT_SUPPORT"}],"mImageUrl":"http:\/\/img1.wikia.nocookie.net\/__cb20120810061512\/pad\/zh\/images\/d\/da\/273i.png","mAwokenList":["ENHANCE_ATK","ENHANCE_ATK"],"mCost":10,"mHp":20,"mHpMax":100,"mAtkMax":1765,"mAtk":293,"mLv":50,"hpScale":1,"atkScale":1,"mNo":273,"mRare":3,"mRcvMax":75,"mRecovery":23,"rcvScale":1,"slv1":"10","slvmax":"31"}