{"mMonsterTypes":{"first":"HEALER","second":"NONE"},"mMonsterProps":{"first":4,"second":-1},"mActiveSkill":[{"mData":[],"mType":"ST_NOT_SUPPORT"}],"mLeaderSkill":[{"mData":[],"mType":"LST_NOT_SUPPORT"}],"mImageUrl":"http:\/\/img4.wikia.nocookie.net\/__cb20120810061507\/pad\/zh\/images\/0\/0e\/274i.png","mAwokenList":[],"mCost":5,"mHp":25,"mHpMax":130,"mAtkMax":114,"mAtk":32,"mLv":15,"hpScale":0.7,"atkScale":0.7,"mNo":274,"mRare":2,"mRcvMax":212,"mRecovery":33,"rcvScale":0.7,"slv1":-1,"slvmax":-1}