{"mMonsterTypes":{"first":"HEALER","second":"NONE"},"mMonsterProps":{"first":4,"second":-1},"mActiveSkill":[{"mData":[3,1,10],"mType":"ST_BIND_RECOVER"}],"mLeaderSkill":[{"mData":[],"mType":"LST_NOT_SUPPORT"}],"mImageUrl":"http:\/\/img2.wikia.nocookie.net\/__cb20120810061500\/pad\/zh\/images\/e\/ee\/275i.png","mAwokenList":["ENHANCE_HEAL","REDUCE_WATER"],"mCost":10,"mHp":104,"mHpMax":386,"mAtkMax":289,"mAtk":103,"mLv":50,"hpScale":1,"atkScale":1,"mNo":275,"mRare":3,"mRcvMax":765,"mRecovery":191,"rcvScale":1,"slv1":"20","slvmax":"10"}