{"mMonsterTypes":{"first":"PHYSICAL","second":"NONE"},"mMonsterProps":{"first":5,"second":-1},"mActiveSkill":[{"mData":[],"mType":"ST_NOT_SUPPORT"}],"mLeaderSkill":[{"mData":[],"mType":"LST_NOT_SUPPORT"}],"mImageUrl":"http:\/\/img1.wikia.nocookie.net\/__cb20120810061456\/pad\/zh\/images\/2\/2f\/276i.png","mAwokenList":[],"mCost":5,"mHp":82,"mHpMax":632,"mAtkMax":189,"mAtk":79,"mLv":15,"hpScale":0.7,"atkScale":0.7,"mNo":276,"mRare":2,"mRcvMax":0,"mRecovery":0,"rcvScale":0.7,"slv1":-1,"slvmax":-1}