{"mMonsterTypes":{"first":"PHYSICAL","second":"NONE"},"mMonsterProps":{"first":5,"second":-1},"mActiveSkill":[{"mData":[5,50],"mType":"ST_REDUCE_SHIELD"}],"mLeaderSkill":[{"mData":[],"mType":"LST_NOT_SUPPORT"}],"mImageUrl":"http:\/\/img4.wikia.nocookie.net\/__cb20120810061451\/pad\/zh\/images\/a\/a4\/277i.png","mAwokenList":["ENHANCE_HP","REDUCE_WOOD"],"mCost":10,"mHp":506,"mHpMax":2765,"mAtkMax":342,"mAtk":170,"mLv":50,"hpScale":1,"atkScale":1,"mNo":277,"mRare":3,"mRcvMax":0,"mRecovery":0,"rcvScale":1,"slv1":"20","slvmax":"15"}