{"mMonsterTypes":{"first":"BALANCED","second":"NONE"},"mMonsterProps":{"first":0,"second":-1},"mActiveSkill":[{"mData":[],"mType":"ST_NOT_SUPPORT"}],"mLeaderSkill":[{"mData":[],"mType":"LST_NOT_SUPPORT"}],"mImageUrl":"http:\/\/img4.wikia.nocookie.net\/__cb20120810061448\/pad\/zh\/images\/5\/54\/278i.png","mAwokenList":[],"mCost":5,"mHp":45,"mHpMax":222,"mAtkMax":222,"mAtk":46,"mLv":15,"hpScale":0.7,"atkScale":0.7,"mNo":278,"mRare":2,"mRcvMax":66,"mRecovery":22,"rcvScale":0.7,"slv1":-1,"slvmax":-1}