{"mMonsterTypes":{"first":"BALANCED","second":"NONE"},"mMonsterProps":{"first":0,"second":-1},"mActiveSkill":[{"mData":[1,150,1],"mType":"ST_TYPE_UP"},{"mData":[1],"mType":"ST_POISON"}],"mLeaderSkill":[{"mData":[],"mType":"LST_NOT_SUPPORT"}],"mImageUrl":"http://img4.wikia.nocookie.net/__cb20120810061444/pad/zh/images/f/f9/279i.png","mAwokenList":["ENHANCE_ATK","REDUCE_DARK"],"mCost":10,"mHp":178,"mHpMax":765,"mAtkMax":765,"mAtk":200,"mLv":50,"hpScale":1,"atkScale":1,"mNo":279,"mRare":3,"mRcvMax":222,"mRecovery":59,"rcvScale":1,"slv1":"15","slvmax":"10"}