{"mMonsterTypes":{"first":"HEALER","second":"NONE"},"mMonsterProps":{"first":3,"second":-1},"mActiveSkill":[{"mData":[2,1,5],"mType":"ST_BIND_RECOVER"}],"mLeaderSkill":[{"mData":[],"mType":"LST_NOT_SUPPORT"}],"mImageUrl":"http:\/\/img4.wikia.nocookie.net\/__cb20120810061439\/pad\/zh\/images\/7\/7e\/280i.png","mAwokenList":[],"mCost":5,"mHp":208,"mHpMax":1224,"mAtkMax":235,"mAtk":77,"mLv":50,"hpScale":1,"atkScale":1,"mNo":280,"mRare":3,"mRcvMax":400,"mRecovery":60,"rcvScale":1,"slv1":"10","slvmax":"5"}