{"mMonsterTypes":{"first":"HEALER","second":"NONE"},"mMonsterProps":{"first":3,"second":-1},"mActiveSkill":[{"mData":[2,1,5],"mType":"ST_BIND_RECOVER"}],"mLeaderSkill":[{"mData":[],"mType":"LST_NOT_SUPPORT"}],"mImageUrl":"http:\/\/img3.wikia.nocookie.net\/__cb20120810061434\/pad\/zh\/images\/e\/ea\/281i.png","mAwokenList":[],"mCost":10,"mHp":208,"mHpMax":765,"mAtkMax":357,"mAtk":77,"mLv":70,"hpScale":1,"atkScale":1,"mNo":281,"mRare":4,"mRcvMax":365,"mRecovery":60,"rcvScale":1,"slv1":"10","slvmax":"5"}