{"mMonsterTypes":{"first":"HEALER","second":"NONE"},"mMonsterProps":{"first":3,"second":-1},"mActiveSkill":[{"mData":[2,1,5],"mType":"ST_BIND_RECOVER"}],"mLeaderSkill":[{"mData":[],"mType":"LST_NOT_SUPPORT"}],"mImageUrl":"http:\/\/img1.wikia.nocookie.net\/__cb20120810061430\/pad\/zh\/images\/3\/31\/282i.png","mAwokenList":["AUTO_RECOVER","RESISTANCE_BIND"],"mCost":15,"mHp":612,"mHpMax":1765,"mAtkMax":555,"mAtk":321,"mLv":99,"hpScale":1,"atkScale":1.5,"mNo":282,"mRare":5,"mRcvMax":765,"mRecovery":329,"rcvScale":1.5,"slv1":"10","slvmax":"5"}