{"mMonsterTypes":{"first":"DRAGON","second":"MACHINE"},"mMonsterProps":{"first":1,"second":-1},"mActiveSkill":[{"mData":[1],"mType":"ST_ADD_PLUS"}],"mLeaderSkill":[{"mData":[1,1,1,1,200],"mType":"LST_FACTOR"}],"mImageUrl":"http:\/\/img2.wikia.nocookie.net\/__cb20120810062553\/pad\/zh\/images\/a\/aa\/283i.png","mAwokenList":["ENHANCE_FIRE","SKILL_BOOST"],"mCost":25,"mHp":1595,"mHpMax":4307,"mAtkMax":1590,"mAtk":757,"mLv":99,"hpScale":1,"atkScale":1,"mNo":283,"mRare":6,"mRcvMax":105,"mRecovery":30,"rcvScale":1,"slv1":"20","slvmax":"5"}