{"mMonsterTypes":{"first":"DRAGON","second":"MACHINE"},"mMonsterProps":{"first":4,"second":-1},"mActiveSkill":[{"mData":[4],"mType":"ST_ADD_PLUS"}],"mLeaderSkill":[{"mData":[1,4,1,1,200],"mType":"LST_FACTOR"}],"mImageUrl":"http:\/\/img3.wikia.nocookie.net\/__cb20120810062548\/pad\/zh\/images\/a\/a8\/284i.png","mAwokenList":["ENHANCE_WATER","SKILL_BOOST"],"mCost":25,"mHp":1610,"mHpMax":4347,"mAtkMax":1571,"mAtk":748,"mLv":99,"hpScale":1,"atkScale":1,"mNo":284,"mRare":6,"mRcvMax":112,"mRecovery":32,"rcvScale":1,"slv1":"20","slvmax":"5"}