{"mMonsterTypes":{"first":"DRAGON","second":"MACHINE"},"mMonsterProps":{"first":5,"second":-1},"mActiveSkill":[{"mData":[5],"mType":"ST_ADD_PLUS"}],"mLeaderSkill":[{"mData":[1,5,1,1,200],"mType":"LST_FACTOR"}],"mImageUrl":"http:\/\/img2.wikia.nocookie.net\/__cb20120810062545\/pad\/zh\/images\/3\/3c\/285i.png","mAwokenList":["ENHANCE_WOOD","SKILL_BOOST"],"mCost":25,"mHp":1528,"mHpMax":4126,"mAtkMax":1552,"mAtk":739,"mLv":99,"hpScale":1,"atkScale":1,"mNo":285,"mRare":6,"mRcvMax":119,"mRecovery":34,"rcvScale":1,"slv1":"20","slvmax":"5"}