{"mMonsterTypes":{"first":"DRAGON","second":"MACHINE"},"mMonsterProps":{"first":3,"second":-1},"mActiveSkill":[{"mData":[3],"mType":"ST_ADD_PLUS"}],"mLeaderSkill":[{"mData":[1,3,1,1,200],"mType":"LST_FACTOR"}],"mImageUrl":"http:\/\/img1.wikia.nocookie.net\/__cb20120810062541\/pad\/zh\/images\/d\/dc\/286i.png","mAwokenList":["ENHANCE_LIGHT","SKILL_BOOST"],"mCost":25,"mHp":1503,"mHpMax":4058,"mAtkMax":1533,"mAtk":730,"mLv":99,"hpScale":1,"atkScale":1,"mNo":286,"mRare":6,"mRcvMax":126,"mRecovery":36,"rcvScale":1,"slv1":"20","slvmax":"5"}