{"mMonsterTypes":{"first":"DRAGON","second":"MACHINE"},"mMonsterProps":{"first":0,"second":-1},"mActiveSkill":[{"mData":[0],"mType":"ST_ADD_PLUS"}],"mLeaderSkill":[{"mData":[1,0,1,1,200],"mType":"LST_FACTOR"}],"mImageUrl":"http:\/\/img4.wikia.nocookie.net\/__cb20120810062538\/pad\/zh\/images\/5\/58\/287i.png","mAwokenList":["ENHANCE_DARK","SKILL_BOOST"],"mCost":25,"mHp":1488,"mHpMax":4018,"mAtkMax":1609,"mAtk":766,"mLv":99,"hpScale":1,"atkScale":1,"mNo":287,"mRare":6,"mRcvMax":98,"mRecovery":28,"rcvScale":1,"slv1":"20","slvmax":"13"}