{"mMonsterTypes":{"first":"DRAGON","second":"NONE"},"mMonsterProps":{"first":1,"second":-1},"mActiveSkill":[{"mData":[5,2],"mType":"ST_COLOR_CHANGE"}],"mLeaderSkill":[{"mData":[],"mType":"LST_NOT_SUPPORT"}],"mImageUrl":"http:\/\/img4.wikia.nocookie.net\/__cb20120810062533\/pad\/zh\/images\/7\/7f\/288i.png","mAwokenList":[],"mCost":5,"mHp":205,"mHpMax":431,"mAtkMax":166,"mAtk":83,"mLv":15,"hpScale":1,"atkScale":1,"mNo":288,"mRare":3,"mRcvMax":100,"mRecovery":50,"rcvScale":1,"slv1":"11","slvmax":"5"}