{"mMonsterTypes":{"first":"DRAGON","second":"NONE"},"mMonsterProps":{"first":1,"second":-1},"mActiveSkill":[{"mData":[5,2],"mType":"ST_COLOR_CHANGE"}],"mLeaderSkill":[{"mData":[],"mType":"LST_NOT_SUPPORT"}],"mImageUrl":"http:\/\/img2.wikia.nocookie.net\/__cb20120810062529\/pad\/zh\/images\/f\/f4\/289i.png","mAwokenList":[],"mCost":10,"mHp":345,"mHpMax":725,"mAtkMax":373,"mAtk":149,"mLv":35,"hpScale":1,"atkScale":1,"mNo":289,"mRare":4,"mRcvMax":180,"mRecovery":90,"rcvScale":1,"slv1":"11","slvmax":"5"}