{"mMonsterTypes":{"first":"DRAGON","second":"NONE"},"mMonsterProps":{"first":1,"second":-1},"mActiveSkill":[{"mData":[5,2],"mType":"ST_COLOR_CHANGE"}],"mLeaderSkill":[{"mData":[],"mType":"LST_NOT_SUPPORT"}],"mImageUrl":"http:\/\/img4.wikia.nocookie.net\/__cb20120810062523\/pad\/zh\/images\/3\/3c\/290i.png","mAwokenList":["REDUCE_WOOD","REDUCE_WOOD","RESISTANCE_BIND"],"mCost":15,"mHp":580,"mHpMax":2146,"mAtkMax":840,"mAtk":336,"mLv":99,"hpScale":1,"atkScale":1.5,"mNo":290,"mRare":5,"mRcvMax":324,"mRecovery":162,"rcvScale":1.5,"slv1":"11","slvmax":"5"}