{"mMonsterTypes":{"first":"DRAGON","second":"NONE"},"mMonsterProps":{"first":4,"second":-1},"mActiveSkill":[{"mData":[1,2],"mType":"ST_COLOR_CHANGE"}],"mLeaderSkill":[{"mData":[],"mType":"LST_NOT_SUPPORT"}],"mImageUrl":"http:\/\/img1.wikia.nocookie.net\/__cb20120810061923\/pad\/zh\/images\/2\/20\/291i.png","mAwokenList":[],"mCost":5,"mHp":210,"mHpMax":441,"mAtkMax":170,"mAtk":85,"mLv":15,"hpScale":1,"atkScale":1,"mNo":291,"mRare":3,"mRcvMax":96,"mRecovery":48,"rcvScale":1,"slv1":"11","slvmax":"5"}