{"mMonsterTypes":{"first":"DRAGON","second":"NONE"},"mMonsterProps":{"first":4,"second":-1},"mActiveSkill":[{"mData":[1,2],"mType":"ST_COLOR_CHANGE"}],"mLeaderSkill":[{"mData":[],"mType":"LST_NOT_SUPPORT"}],"mImageUrl":"http:\/\/img2.wikia.nocookie.net\/__cb20120810061919\/pad\/zh\/images\/9\/9e\/292i.png","mAwokenList":[],"mCost":10,"mHp":353,"mHpMax":741,"mAtkMax":383,"mAtk":153,"mLv":35,"hpScale":1,"atkScale":1,"mNo":292,"mRare":4,"mRcvMax":172,"mRecovery":86,"rcvScale":1,"slv1":"11","slvmax":"5"}