{"mMonsterTypes":{"first":"DRAGON","second":"NONE"},"mMonsterProps":{"first":4,"second":-1},"mActiveSkill":[{"mData":[1,2],"mType":"ST_COLOR_CHANGE"}],"mLeaderSkill":[{"mData":[],"mType":"LST_NOT_SUPPORT"}],"mImageUrl":"http:\/\/img1.wikia.nocookie.net\/__cb20120810061915\/pad\/zh\/images\/c\/c3\/293i.png","mAwokenList":["REDUCE_FIRE","REDUCE_FIRE","RESISTANCE_BIND"],"mCost":15,"mHp":593,"mHpMax":2194,"mAtkMax":863,"mAtk":345,"mLv":99,"hpScale":1,"atkScale":1.5,"mNo":293,"mRare":5,"mRcvMax":310,"mRecovery":155,"rcvScale":1.5,"slv1":"11","slvmax":"5"}