{"mMonsterTypes":{"first":"DRAGON","second":"NONE"},"mMonsterProps":{"first":5,"second":-1},"mActiveSkill":[{"mData":[4,2],"mType":"ST_COLOR_CHANGE"}],"mLeaderSkill":[{"mData":[],"mType":"LST_NOT_SUPPORT"}],"mImageUrl":"http:\/\/img1.wikia.nocookie.net\/__cb20120810061911\/pad\/zh\/images\/4\/4f\/294i.png","mAwokenList":[],"mCost":5,"mHp":230,"mHpMax":483,"mAtkMax":160,"mAtk":80,"mLv":15,"hpScale":1,"atkScale":1,"mNo":294,"mRare":3,"mRcvMax":92,"mRecovery":46,"rcvScale":1,"slv1":"11","slvmax":"5"}