{"mMonsterTypes":{"first":"DRAGON","second":"NONE"},"mMonsterProps":{"first":5,"second":-1},"mActiveSkill":[{"mData":[4,2],"mType":"ST_COLOR_CHANGE"}],"mLeaderSkill":[{"mData":[],"mType":"LST_NOT_SUPPORT"}],"mImageUrl":"http:\/\/img3.wikia.nocookie.net\/__cb20120810061907\/pad\/zh\/images\/9\/9b\/295i.png","mAwokenList":[],"mCost":10,"mHp":386,"mHpMax":811,"mAtkMax":360,"mAtk":144,"mLv":35,"hpScale":1,"atkScale":1,"mNo":295,"mRare":4,"mRcvMax":166,"mRecovery":83,"rcvScale":1,"slv1":"11","slvmax":"5"}