{"mMonsterTypes":{"first":"DRAGON","second":"NONE"},"mMonsterProps":{"first":5,"second":-1},"mActiveSkill":[{"mData":[4,2],"mType":"ST_COLOR_CHANGE"}],"mLeaderSkill":[{"mData":[],"mType":"LST_NOT_SUPPORT"}],"mImageUrl":"http:\/\/img2.wikia.nocookie.net\/__cb20120810061902\/pad\/zh\/images\/4\/4d\/296i.png","mAwokenList":["REDUCE_WATER","REDUCE_WATER","RESISTANCE_BIND"],"mCost":15,"mHp":649,"mHpMax":2401,"mAtkMax":810,"mAtk":324,"mLv":99,"hpScale":1,"atkScale":1.5,"mNo":296,"mRare":5,"mRcvMax":298,"mRecovery":149,"rcvScale":1.5,"slv1":"11","slvmax":"5"}