{"mMonsterTypes":{"first":"DRAGON","second":"NONE"},"mMonsterProps":{"first":3,"second":-1},"mActiveSkill":[{"mData":[0,2],"mType":"ST_COLOR_CHANGE"}],"mLeaderSkill":[{"mData":[],"mType":"LST_NOT_SUPPORT"}],"mImageUrl":"http:\/\/img1.wikia.nocookie.net\/__cb20120810061855\/pad\/zh\/images\/c\/cb\/297i.png","mAwokenList":[],"mCost":5,"mHp":208,"mHpMax":437,"mAtkMax":154,"mAtk":77,"mLv":15,"hpScale":1,"atkScale":1,"mNo":297,"mRare":3,"mRcvMax":111,"mRecovery":60,"rcvScale":1,"slv1":"20","slvmax":"5"}