{"mMonsterTypes":{"first":"DRAGON","second":"NONE"},"mMonsterProps":{"first":3,"second":-1},"mActiveSkill":[{"mData":[0,2],"mType":"ST_COLOR_CHANGE"}],"mLeaderSkill":[{"mData":[],"mType":"LST_NOT_SUPPORT"}],"mImageUrl":"http:\/\/img3.wikia.nocookie.net\/__cb20120810061849\/pad\/zh\/images\/0\/0c\/298i.png","mAwokenList":[],"mCost":10,"mHp":350,"mHpMax":735,"mAtkMax":348,"mAtk":139,"mLv":35,"hpScale":1,"atkScale":1,"mNo":298,"mRare":4,"mRcvMax":200,"mRecovery":100,"rcvScale":1,"slv1":"11","slvmax":"5"}