{"mMonsterTypes":{"first":"DRAGON","second":"NONE"},"mMonsterProps":{"first":3,"second":-1},"mActiveSkill":[{"mData":[0,2],"mType":"ST_COLOR_CHANGE"}],"mLeaderSkill":[{"mData":[],"mType":"LST_NOT_SUPPORT"}],"mImageUrl":"http:\/\/img2.wikia.nocookie.net\/__cb20120810061836\/pad\/zh\/images\/c\/cd\/299i.png","mAwokenList":["REDUCE_DARK","REDUCE_DARK","RESISTANCE_BIND"],"mCost":15,"mHp":588,"mHpMax":2176,"mAtkMax":783,"mAtk":313,"mLv":99,"hpScale":1,"atkScale":1.5,"mNo":299,"mRare":5,"mRcvMax":360,"mRecovery":180,"rcvScale":1.5,"slv1":"11","slvmax":"5"}