{"mMonsterTypes":{"first":"DRAGON","second":"NONE"},"mMonsterProps":{"first":0,"second":-1},"mActiveSkill":[{"mData":[3,2],"mType":"ST_COLOR_CHANGE"}],"mLeaderSkill":[{"mData":[],"mType":"LST_NOT_SUPPORT"}],"mImageUrl":"http:\/\/img1.wikia.nocookie.net\/__cb20120810061831\/pad\/zh\/images\/3\/39\/300i.png","mAwokenList":["SKILL_BOOST","SKILL_BOOST"],"mCost":5,"mHp":200,"mHpMax":420,"mAtkMax":164,"mAtk":82,"mLv":15,"hpScale":1,"atkScale":1,"mNo":300,"mRare":3,"mRcvMax":105,"mRecovery":55,"rcvScale":1,"slv1":"11","slvmax":"5"}