{"mMonsterTypes":{"first":"DRAGON","second":"NONE"},"mMonsterProps":{"first":0,"second":-1},"mActiveSkill":[{"mData":[3,2],"mType":"ST_COLOR_CHANGE"}],"mLeaderSkill":[{"mData":[],"mType":"LST_NOT_SUPPORT"}],"mImageUrl":"http:\/\/img3.wikia.nocookie.net\/__cb20120810061827\/pad\/zh\/images\/6\/6b\/301i.png","mAwokenList":["SKILL_BOOST","SKILL_BOOST","RESISTANCE_BIND","RESISTANCE_BIND"],"mCost":10,"mHp":336,"mHpMax":706,"mAtkMax":370,"mAtk":148,"mLv":35,"hpScale":1,"atkScale":1,"mNo":301,"mRare":4,"mRcvMax":190,"mRecovery":95,"rcvScale":1,"slv1":"11","slvmax":"5"}