{"mMonsterTypes":{"first":"DRAGON","second":"DEVIL"},"mMonsterProps":{"first":0,"second":-1},"mActiveSkill":[{"mData":[3,2],"mType":"ST_COLOR_CHANGE"}],"mLeaderSkill":[{"mData":[],"mType":"LST_NOT_SUPPORT"}],"mImageUrl":"http:\/\/img1.wikia.nocookie.net\/__cb20120810061815\/pad\/zh\/images\/0\/0f\/302i.png","mAwokenList":["REDUCE_LIGHT","REDUCE_LIGHT","RESISTANCE_BIND"],"mCost":15,"mHp":565,"mHpMax":2091,"mAtkMax":833,"mAtk":333,"mLv":99,"hpScale":1,"atkScale":1.5,"mNo":302,"mRare":5,"mRcvMax":342,"mRecovery":171,"rcvScale":1.5,"slv1":"11","slvmax":"5"}