{"mMonsterTypes":{"first":"ENHANCE_MATRIAL","second":"NONE"},"mMonsterProps":{"first":1,"second":-1},"mActiveSkill":[{"mData":[],"mType":"ST_NOT_SUPPORT"}],"mLeaderSkill":[{"mData":[],"mType":"LST_NOT_SUPPORT"}],"mImageUrl":"http:\/\/img3.wikia.nocookie.net\/__cb20120810061810\/pad\/zh\/images\/5\/5e\/303i.png","mAwokenList":[],"mCost":4,"mHp":86,"mHpMax":258,"mAtkMax":180,"mAtk":90,"mLv":10,"hpScale":0.7,"atkScale":0.7,"mNo":303,"mRare":2,"mRcvMax":126,"mRecovery":63,"rcvScale":0.7,"slv1":-1,"slvmax":-1}