{"mMonsterTypes":{"first":"ENHANCE_MATRIAL","second":"NONE"},"mMonsterProps":{"first":1,"second":-1},"mActiveSkill":[{"mData":[5,2],"mType":"ST_COLOR_CHANGE"}],"mLeaderSkill":[{"mData":[],"mType":"LST_NOT_SUPPORT"}],"mImageUrl":"http:\/\/img1.wikia.nocookie.net\/__cb20120910032402\/pad\/zh\/images\/c\/cd\/304i.png","mAwokenList":[],"mCost":5,"mHp":387,"mHpMax":387,"mAtkMax":270,"mAtk":270,"mLv":1,"hpScale":0.7,"atkScale":0.7,"mNo":304,"mRare":3,"mRcvMax":189,"mRecovery":189,"rcvScale":0.7,"slv1":"11","slvmax":"11"}