{"mMonsterTypes":{"first":"ENHANCE_MATRIAL","second":"NONE"},"mMonsterProps":{"first":4,"second":-1},"mActiveSkill":[{"mData":[],"mType":"ST_NOT_SUPPORT"}],"mLeaderSkill":[{"mData":[],"mType":"LST_NOT_SUPPORT"}],"mImageUrl":"http:\/\/img1.wikia.nocookie.net\/__cb20120810061806\/pad\/zh\/images\/4\/41\/305i.png","mAwokenList":[],"mCost":4,"mHp":83,"mHpMax":249,"mAtkMax":190,"mAtk":95,"mLv":10,"hpScale":0.7,"atkScale":0.7,"mNo":305,"mRare":2,"mRcvMax":120,"mRecovery":60,"rcvScale":0.7,"slv1":-1,"slvmax":-1}