{"mMonsterTypes":{"first":"ENHANCE_MATRIAL","second":"NONE"},"mMonsterProps":{"first":4,"second":-1},"mActiveSkill":[{"mData":[1,2],"mType":"ST_COLOR_CHANGE"}],"mLeaderSkill":[{"mData":[],"mType":"LST_NOT_SUPPORT"}],"mImageUrl":"http:\/\/img3.wikia.nocookie.net\/__cb20120910032358\/pad\/zh\/images\/0\/04\/306i.png","mAwokenList":[],"mCost":5,"mHp":374,"mHpMax":374,"mAtkMax":285,"mAtk":285,"mLv":1,"hpScale":0.7,"atkScale":0.7,"mNo":306,"mRare":3,"mRcvMax":180,"mRecovery":180,"rcvScale":0.7,"slv1":"11","slvmax":"11"}