{"mMonsterTypes":{"first":"ENHANCE_MATRIAL","second":"NONE"},"mMonsterProps":{"first":5,"second":-1},"mActiveSkill":[{"mData":[],"mType":"ST_NOT_SUPPORT"}],"mLeaderSkill":[{"mData":[],"mType":"LST_NOT_SUPPORT"}],"mImageUrl":"http:\/\/img2.wikia.nocookie.net\/__cb20120810061801\/pad\/zh\/images\/8\/8e\/307i.png","mAwokenList":[],"mCost":4,"mHp":80,"mHpMax":240,"mAtkMax":184,"mAtk":92,"mLv":10,"hpScale":0.7,"atkScale":0.7,"mNo":307,"mRare":2,"mRcvMax":132,"mRecovery":66,"rcvScale":0.7,"slv1":-1,"slvmax":-1}