{"mMonsterTypes":{"first":"ENHANCE_MATRIAL","second":"NONE"},"mMonsterProps":{"first":5,"second":-1},"mActiveSkill":[{"mData":[4,2],"mType":"ST_COLOR_CHANGE"}],"mLeaderSkill":[{"mData":[],"mType":"LST_NOT_SUPPORT"}],"mImageUrl":"http:\/\/img2.wikia.nocookie.net\/__cb20120910032354\/pad\/zh\/images\/e\/ee\/308i.png","mAwokenList":[],"mCost":5,"mHp":360,"mHpMax":360,"mAtkMax":276,"mAtk":276,"mLv":1,"hpScale":0.7,"atkScale":0.7,"mNo":308,"mRare":3,"mRcvMax":198,"mRecovery":198,"rcvScale":0.7,"slv1":"11","slvmax":"11"}