{"mMonsterTypes":{"first":"ENHANCE_MATRIAL","second":"NONE"},"mMonsterProps":{"first":3,"second":-1},"mActiveSkill":[{"mData":[2,3,0,3],"mType":"ST_COLOR_CHANGE"}],"mLeaderSkill":[{"mData":[],"mType":"LST_NOT_SUPPORT"}],"mImageUrl":"http:\/\/img3.wikia.nocookie.net\/__cb20120810061756\/pad\/zh\/images\/2\/26\/309i.png","mAwokenList":[],"mCost":1,"mHp":1000,"mHpMax":1000,"mAtkMax":500,"mAtk":500,"mLv":1,"hpScale":0.7,"atkScale":0.7,"mNo":309,"mRare":6,"mRcvMax":100,"mRecovery":100,"rcvScale":0.7,"slv1":"16","slvmax":"16"}