{"mMonsterTypes":{"first":"PHYSICAL","second":"DEVIL"},"mMonsterProps":{"first":1,"second":5},"mActiveSkill":[{"mData":[],"mType":"ST_NOT_SUPPORT"}],"mLeaderSkill":[{"mData":[],"mType":"LST_NOT_SUPPORT"}],"mImageUrl":"http:\/\/img2.wikia.nocookie.net\/__cb20120910032346\/pad\/zh\/images\/8\/86\/311i.png","mAwokenList":["SKILL_BOOST","SKILL_BOOST"],"mCost":11,"mHp":504,"mHpMax":1875,"mAtkMax":888,"mAtk":284,"mLv":50,"hpScale":1,"atkScale":1,"mNo":311,"mRare":4,"mRcvMax":8,"mRecovery":5,"rcvScale":1,"slv1":-1,"slvmax":-1}