{"mMonsterTypes":{"first":"PHYSICAL","second":"DEVIL"},"mMonsterProps":{"first":4,"second":5},"mActiveSkill":[{"mData":[],"mType":"ST_NOT_SUPPORT"}],"mLeaderSkill":[{"mData":[],"mType":"LST_NOT_SUPPORT"}],"mImageUrl":"http:\/\/img4.wikia.nocookie.net\/__cb20120910032338\/pad\/zh\/images\/5\/5e\/313i.png","mAwokenList":["SKILL_BOOST","SKILL_BOOST"],"mCost":11,"mHp":498,"mHpMax":2000,"mAtkMax":875,"mAtk":277,"mLv":50,"hpScale":1,"atkScale":1,"mNo":313,"mRare":4,"mRcvMax":8,"mRecovery":5,"rcvScale":1,"slv1":-1,"slvmax":-1}