{"mMonsterTypes":{"first":"PHYSICAL","second":"DEVIL"},"mMonsterProps":{"first":5,"second":1},"mActiveSkill":[{"mData":[],"mType":"ST_NOT_SUPPORT"}],"mLeaderSkill":[{"mData":[],"mType":"LST_NOT_SUPPORT"}],"mImageUrl":"http:\/\/img2.wikia.nocookie.net\/__cb20120910032335\/pad\/zh\/images\/4\/41\/314i.png","mAwokenList":["SKILL_BOOST","SKILL_BOOST"],"mCost":11,"mHp":492,"mHpMax":1938,"mAtkMax":856,"mAtk":266,"mLv":50,"hpScale":1,"atkScale":1,"mNo":314,"mRare":4,"mRcvMax":8,"mRecovery":5,"rcvScale":1,"slv1":-1,"slvmax":-1}