{"mMonsterTypes":{"first":"PHYSICAL","second":"MACHINE"},"mMonsterProps":{"first":1,"second":-1},"mActiveSkill":[{"mData":[3,50],"mType":"ST_REDUCE_SHIELD"}],"mLeaderSkill":[{"mData":[],"mType":"LST_NOT_SUPPORT"}],"mImageUrl":"http:\/\/img4.wikia.nocookie.net\/__cb20120910032320\/pad\/zh\/images\/d\/db\/316i.png","mAwokenList":["ENHANCE_FIRE","RESISTANCE_BIND","SKILL_BOOST"],"mCost":17,"mHp":2114,"mHpMax":5074,"mAtkMax":915,"mAtk":704,"mLv":99,"hpScale":1,"atkScale":1,"mNo":316,"mRare":5,"mRcvMax":6,"mRecovery":3,"rcvScale":1,"slv1":"20","slvmax":"15"}