{"mMonsterTypes":{"first":"PHYSICAL","second":"MACHINE"},"mMonsterProps":{"first":4,"second":-1},"mActiveSkill":[{"mData":[3,50],"mType":"ST_REDUCE_SHIELD"}],"mLeaderSkill":[{"mData":[],"mType":"LST_NOT_SUPPORT"}],"mImageUrl":"http:\/\/img2.wikia.nocookie.net\/__cb20120910032316\/pad\/zh\/images\/c\/c8\/317i.png","mAwokenList":["ENHANCE_WATER","RESISTANCE_BIND","SKILL_BOOST"],"mCost":17,"mHp":2128,"mHpMax":5107,"mAtkMax":896,"mAtk":689,"mLv":99,"hpScale":1,"atkScale":1,"mNo":317,"mRare":5,"mRcvMax":8,"mRecovery":4,"rcvScale":1,"slv1":"20","slvmax":"15"}