{"mMonsterTypes":{"first":"PHYSICAL","second":"MACHINE"},"mMonsterProps":{"first":5,"second":-1},"mActiveSkill":[{"mData":[3,50],"mType":"ST_REDUCE_SHIELD"}],"mLeaderSkill":[{"mData":[],"mType":"LST_NOT_SUPPORT"}],"mImageUrl":"http:\/\/img1.wikia.nocookie.net\/__cb20120910032312\/pad\/zh\/images\/8\/86\/318i.png","mAwokenList":["ENHANCE_WOOD","RESISTANCE_BIND","SKILL_BOOST"],"mCost":17,"mHp":2120,"mHpMax":5088,"mAtkMax":907,"mAtk":698,"mLv":99,"hpScale":1,"atkScale":1,"mNo":318,"mRare":5,"mRcvMax":8,"mRecovery":4,"rcvScale":1,"slv1":"20","slvmax":"15"}