{"mMonsterTypes":{"first":"PHYSICAL","second":"MACHINE"},"mMonsterProps":{"first":3,"second":-1},"mActiveSkill":[{"mData":[5,75],"mType":"ST_REDUCE_DEF"}],"mLeaderSkill":[{"mData":[],"mType":"LST_NOT_SUPPORT"}],"mImageUrl":"http:\/\/img3.wikia.nocookie.net\/__cb20120910032308\/pad\/zh\/images\/8\/80\/319i.png","mAwokenList":["ENHANCE_LIGHT","RESISTANCE_BIND","SKILL_BOOST"],"mCost":18,"mHp":1654,"mHpMax":4135,"mAtkMax":1086,"mAtk":835,"mLv":99,"hpScale":1,"atkScale":1,"mNo":319,"mRare":5,"mRcvMax":10,"mRecovery":5,"rcvScale":1,"slv1":"17","slvmax":"10"}