{"mMonsterTypes":{"first":"PHYSICAL","second":"MACHINE"},"mMonsterProps":{"first":0,"second":-1},"mActiveSkill":[{"mData":[5,75],"mType":"ST_REDUCE_DEF"}],"mLeaderSkill":[{"mData":[],"mType":"LST_NOT_SUPPORT"}],"mImageUrl":"http:\/\/img4.wikia.nocookie.net\/__cb20120910032305\/pad\/zh\/images\/a\/ac\/320i.png","mAwokenList":["ENHANCE_DARK","RESISTANCE_BIND","SKILL_BOOST"],"mCost":18,"mHp":1618,"mHpMax":4045,"mAtkMax":1119,"mAtk":861,"mLv":99,"hpScale":1,"atkScale":1,"mNo":320,"mRare":5,"mRcvMax":10,"mRecovery":5,"rcvScale":1,"slv1":"17","slvmax":"10"}