{"mMonsterTypes":{"first":"EVO_MATRIAL","second":"NONE"},"mMonsterProps":{"first":0,"second":-1},"mActiveSkill":[{"mData":[],"mType":"ST_NOT_SUPPORT"}],"mLeaderSkill":[{"mData":[],"mType":"LST_NOT_SUPPORT"}],"mImageUrl":"http:\/\/img3.wikia.nocookie.net\/__cb20120910032953\/pad\/zh\/images\/0\/03\/321i.png","mAwokenList":[],"mCost":25,"mHp":3126,"mHpMax":3126,"mAtkMax":1056,"mAtk":1056,"mLv":1,"hpScale":1,"atkScale":1,"mNo":321,"mRare":6,"mRcvMax":157,"mRecovery":157,"rcvScale":1,"slv1":-1,"slvmax":-1}