{"mMonsterTypes":{"first":"DRAGON","second":"BALANCED"},"mMonsterProps":{"first":1,"second":5},"mActiveSkill":[{"mData":[2,130,1],"mType":"ST_POWER_UP"}],"mLeaderSkill":[{"mData":[],"mType":"LST_NOT_SUPPORT"}],"mImageUrl":"http:\/\/img3.wikia.nocookie.net\/__cb20120910032945\/pad\/zh\/images\/8\/8b\/323i.png","mAwokenList":["ENHANCE_FIRE_ATT","SKILL_BOOST","ENHANCE_FIRE_ATT"],"mCost":20,"mHp":798,"mHpMax":2477,"mAtkMax":1488,"mAtk":421,"mLv":99,"hpScale":1.5,"atkScale":1.5,"mNo":323,"mRare":6,"mRcvMax":360,"mRecovery":105,"rcvScale":1.5,"slv1":"30","slvmax":"8"}