{"mMonsterTypes":{"first":"DRAGON","second":"HEALER"},"mMonsterProps":{"first":1,"second":3},"mActiveSkill":[{"mData":[2,130,1],"mType":"ST_POWER_UP"}],"mLeaderSkill":[{"mData":[],"mType":"LST_NOT_SUPPORT"}],"mImageUrl":"http:\/\/img2.wikia.nocookie.net\/__cb20120910032941\/pad\/zh\/images\/b\/bb\/324i.png","mAwokenList":["ENHANCE_FIRE_ATT","SKILL_BOOST","ENHANCE_FIRE_ATT"],"mCost":20,"mHp":798,"mHpMax":2427,"mAtkMax":1238,"mAtk":421,"mLv":99,"hpScale":1.5,"atkScale":1.5,"mNo":324,"mRare":6,"mRcvMax":510,"mRecovery":105,"rcvScale":1.5,"slv1":"30","slvmax":"8"}