{"mMonsterTypes":{"first":"DRAGON","second":"DEVIL"},"mMonsterProps":{"first":1,"second":0},"mActiveSkill":[{"mData":[2,130,1],"mType":"ST_POWER_UP"}],"mLeaderSkill":[{"mData":[],"mType":"LST_NOT_SUPPORT"}],"mImageUrl":"http:\/\/img1.wikia.nocookie.net\/__cb20120910032938\/pad\/zh\/images\/3\/39\/325i.png","mAwokenList":["ENHANCE_FIRE_ATT","SKILL_BOOST","ENHANCE_FIRE_ATT"],"mCost":20,"mHp":798,"mHpMax":2627,"mAtkMax":1588,"mAtk":421,"mLv":99,"hpScale":1.5,"atkScale":1.5,"mNo":325,"mRare":6,"mRcvMax":250,"mRecovery":105,"rcvScale":1.5,"slv1":"30","slvmax":"8"}