{"mMonsterTypes":{"first":"DRAGON","second":"ATTACKER"},"mMonsterProps":{"first":4,"second":1},"mActiveSkill":[{"mData":[2,130,4],"mType":"ST_POWER_UP"}],"mLeaderSkill":[{"mData":[],"mType":"LST_NOT_SUPPORT"}],"mImageUrl":"http:\/\/img3.wikia.nocookie.net\/__cb20120910032933\/pad\/zh\/images\/7\/7e\/326i.png","mAwokenList":["ENHANCE_WATER_ATT","SKILL_BOOST","ENHANCE_WATER_ATT"],"mCost":20,"mHp":861,"mHpMax":2609,"mAtkMax":1655,"mAtk":416,"mLv":99,"hpScale":1.5,"atkScale":1.5,"mNo":326,"mRare":6,"mRcvMax":231,"mRecovery":105,"rcvScale":1.5,"slv1":"30","slvmax":"8"}