{"mMonsterTypes":{"first":"DRAGON","second":"BALANCED"},"mMonsterProps":{"first":4,"second":5},"mActiveSkill":[{"mData":[2,130,4],"mType":"ST_POWER_UP"}],"mLeaderSkill":[{"mData":[],"mType":"LST_NOT_SUPPORT"}],"mImageUrl":"http:\/\/img3.wikia.nocookie.net\/__cb20120910032930\/pad\/zh\/images\/5\/50\/327i.png","mAwokenList":["ENHANCE_WATER_ATT","SKILL_BOOST","ENHANCE_WATER_ATT"],"mCost":20,"mHp":861,"mHpMax":2709,"mAtkMax":1405,"mAtk":416,"mLv":99,"hpScale":1.5,"atkScale":1.5,"mNo":327,"mRare":6,"mRcvMax":351,"mRecovery":105,"rcvScale":1.5,"slv1":"30","slvmax":"8"}