{"mMonsterTypes":{"first":"DRAGON","second":"DEVIL"},"mMonsterProps":{"first":4,"second":0},"mActiveSkill":[{"mData":[2,130,4],"mType":"ST_POWER_UP"}],"mLeaderSkill":[{"mData":[],"mType":"LST_NOT_SUPPORT"}],"mImageUrl":"http:\/\/img4.wikia.nocookie.net\/__cb20120910032922\/pad\/zh\/images\/a\/a7\/329i.png","mAwokenList":["ENHANCE_WATER_ATT","SKILL_BOOST","ENHANCE_WATER_ATT"],"mCost":20,"mHp":861,"mHpMax":2709,"mAtkMax":1505,"mAtk":416,"mLv":99,"hpScale":1.5,"atkScale":1.5,"mNo":329,"mRare":6,"mRcvMax":291,"mRecovery":105,"rcvScale":1.5,"slv1":"30","slvmax":"8"}