{"mMonsterTypes":{"first":"DRAGON","second":"BALANCED"},"mMonsterProps":{"first":5,"second":1},"mActiveSkill":[{"mData":[2,150,5],"mType":"ST_POWER_UP"}],"mLeaderSkill":[{"mData":[2,1,5,2,0,150,1,200],"mType":"LST_FACTOR"},{"mData":[1,2,5,1,250],"mType":"LST_TARGET_ORB_COMBO"}],"mImageUrl":"http:\/\/img4.wikia.nocookie.net\/__cb20120910032905\/pad\/zh\/images\/c\/cb\/330i.png","mAwokenList":["ENHANCE_WOOD_ATT","SKILL_BOOST","ENHANCE_WOOD_ATT","DRAGON_KILLER","BALANCED_KILLER"],"mCost":20,"mHp":777,"mHpMax":2510,"mAtkMax":1462,"mAtk":451,"mLv":99,"hpScale":1.5,"atkScale":1.5,"mNo":330,"mRare":6,"mRcvMax":361,"mRecovery":95,"rcvScale":1.5,"slv1":"30","slvmax":"8"}