{"mMonsterTypes":{"first":"DRAGON","second":"PHYSICAL"},"mMonsterProps":{"first":5,"second":4},"mActiveSkill":[{"mData":[2,150,5],"mType":"ST_POWER_UP"}],"mLeaderSkill":[{"mData":[2,4,5,2,0,150,1,200],"mType":"LST_FACTOR"},{"mData":[1,2,5,4,250],"mType":"LST_TARGET_ORB_COMBO"}],"mImageUrl":"http:\/\/img1.wikia.nocookie.net\/__cb20120910033503\/pad\/zh\/images\/5\/56\/331i.png","mAwokenList":["ENHANCE_WOOD_ATT","SKILL_BOOST","ENHANCE_WOOD_ATT","DRAGON_KILLER","PHYSICAL_KILLER"],"mCost":20,"mHp":777,"mHpMax":3160,"mAtkMax":1362,"mAtk":451,"mLv":99,"hpScale":1.5,"atkScale":1.5,"mNo":331,"mRare":6,"mRcvMax":231,"mRecovery":95,"rcvScale":1.5,"slv1":"30","slvmax":"8"}