{"mMonsterTypes":{"first":"DRAGON","second":"HEALER"},"mMonsterProps":{"first":5,"second":3},"mActiveSkill":[{"mData":[2,150,5],"mType":"ST_POWER_UP"}],"mLeaderSkill":[{"mData":[2,3,5,2,0,150,1,200],"mType":"LST_FACTOR"},{"mData":[1,2,5,3,250],"mType":"LST_TARGET_ORB_COMBO"}],"mImageUrl":"http:\/\/img4.wikia.nocookie.net\/__cb20120910033500\/pad\/zh\/images\/9\/90\/332i.png","mAwokenList":["ENHANCE_WOOD_ATT","SKILL_BOOST","ENHANCE_WOOD_ATT","DRAGON_KILLER","HEALER_KILLER"],"mCost":20,"mHp":777,"mHpMax":2810,"mAtkMax":1262,"mAtk":451,"mLv":99,"hpScale":1.5,"atkScale":1.5,"mNo":332,"mRare":6,"mRcvMax":401,"mRecovery":95,"rcvScale":1.5,"slv1":"30","slvmax":"8"}