{"mMonsterTypes":{"first":"DRAGON","second":"DEVIL"},"mMonsterProps":{"first":5,"second":0},"mActiveSkill":[{"mData":[2,150,5],"mType":"ST_POWER_UP"}],"mLeaderSkill":[{"mData":[2,0,5,2,0,150,1,200],"mType":"LST_FACTOR"},{"mData":[1,2,5,0,250],"mType":"LST_TARGET_ORB_COMBO"}],"mImageUrl":"http:\/\/img2.wikia.nocookie.net\/__cb20120910033455\/pad\/zh\/images\/e\/e4\/333i.png","mAwokenList":["ENHANCE_WOOD_ATT","SKILL_BOOST","ENHANCE_WOOD_ATT","DRAGON_KILLER","DEVIL_KILLER"],"mCost":20,"mHp":777,"mHpMax":2760,"mAtkMax":1512,"mAtk":451,"mLv":99,"hpScale":1.5,"atkScale":1.5,"mNo":333,"mRare":6,"mRcvMax":251,"mRecovery":95,"rcvScale":1.5,"slv1":"30","slvmax":"8"}