{"mMonsterTypes":{"first":"DRAGON","second":"PHYSICAL"},"mMonsterProps":{"first":3,"second":1},"mActiveSkill":[{"mData":[2,130,3],"mType":"ST_POWER_UP"}],"mLeaderSkill":[{"mData":[],"mType":"LST_NOT_SUPPORT"}],"mImageUrl":"http:\/\/img2.wikia.nocookie.net\/__cb20120910033452\/pad\/zh\/images\/f\/ff\/334i.png","mAwokenList":["ENHANCE_LIGHT_ATT","SKILL_BOOST","ENHANCE_LIGHT_ATT"],"mCost":20,"mHp":756,"mHpMax":2927,"mAtkMax":1313,"mAtk":426,"mLv":99,"hpScale":1.5,"atkScale":1.5,"mNo":334,"mRare":6,"mRcvMax":275,"mRecovery":121,"rcvScale":1.5,"slv1":"30","slvmax":"9"}