{"mMonsterTypes":{"first":"DRAGON","second":"BALANCED"},"mMonsterProps":{"first":3,"second":4},"mActiveSkill":[{"mData":[2,130,3],"mType":"ST_POWER_UP"}],"mLeaderSkill":[{"mData":[],"mType":"LST_NOT_SUPPORT"}],"mImageUrl":"http:\/\/img3.wikia.nocookie.net\/__cb20120910033447\/pad\/zh\/images\/4\/40\/335i.png","mAwokenList":["ENHANCE_LIGHT_ATT","SKILL_BOOST","ENHANCE_LIGHT_ATT"],"mCost":20,"mHp":756,"mHpMax":2477,"mAtkMax":1413,"mAtk":426,"mLv":99,"hpScale":1.5,"atkScale":1.5,"mNo":335,"mRare":6,"mRcvMax":355,"mRecovery":121,"rcvScale":1.5,"slv1":"30","slvmax":"9"}