{"mMonsterTypes":{"first":"DRAGON","second":"DEVIL"},"mMonsterProps":{"first":3,"second":0},"mActiveSkill":[{"mData":[2,130,3],"mType":"ST_POWER_UP"}],"mLeaderSkill":[{"mData":[],"mType":"LST_NOT_SUPPORT"}],"mImageUrl":"http:\/\/img3.wikia.nocookie.net\/__cb20120910033437\/pad\/zh\/images\/4\/40\/337i.png","mAwokenList":["ENHANCE_LIGHT_ATT","SKILL_BOOST","ENHANCE_LIGHT_ATT"],"mCost":20,"mHp":756,"mHpMax":2627,"mAtkMax":1463,"mAtk":426,"mLv":99,"hpScale":1.5,"atkScale":1.5,"mNo":337,"mRare":6,"mRcvMax":275,"mRecovery":121,"rcvScale":1.5,"slv1":"30","slvmax":"9"}