{"mMonsterTypes":{"first":"DRAGON","second":"PHYSICAL"},"mMonsterProps":{"first":0,"second":1},"mActiveSkill":[{"mData":[2,130,0],"mType":"ST_POWER_UP"}],"mLeaderSkill":[{"mData":[],"mType":"LST_NOT_SUPPORT"}],"mImageUrl":"http:\/\/img3.wikia.nocookie.net\/__cb20120910033434\/pad\/zh\/images\/6\/66\/338i.png","mAwokenList":["ENHANCE_DARK_ATT","SKILL_BOOST","ENHANCE_DARK_ATT"],"mCost":20,"mHp":812,"mHpMax":3010,"mAtkMax":1404,"mAtk":457,"mLv":99,"hpScale":1.5,"atkScale":1.5,"mNo":338,"mRare":6,"mRcvMax":198,"mRecovery":74,"rcvScale":1.5,"slv1":"30","slvmax":"9"}