{"mMonsterTypes":{"first":"DRAGON","second":"DEVIL"},"mMonsterProps":{"first":0,"second":5},"mActiveSkill":[{"mData":[2,130,0],"mType":"ST_POWER_UP"}],"mLeaderSkill":[{"mData":[],"mType":"LST_NOT_SUPPORT"}],"mImageUrl":"http:\/\/img2.wikia.nocookie.net\/__cb20120910033425\/pad\/zh\/images\/a\/a1\/340i.png","mAwokenList":["ENHANCE_DARK_ATT","SKILL_BOOST","ENHANCE_DARK_ATT"],"mCost":20,"mHp":812,"mHpMax":2510,"mAtkMax":1554,"mAtk":457,"mLv":99,"hpScale":1.5,"atkScale":1.5,"mNo":340,"mRare":6,"mRcvMax":258,"mRecovery":74,"rcvScale":1.5,"slv1":"30","slvmax":"9"}