{"mMonsterTypes":{"first":"BALANCED","second":"NONE"},"mMonsterProps":{"first":1,"second":-1},"mActiveSkill":[{"mData":[],"mType":"ST_NOT_SUPPORT"}],"mLeaderSkill":[{"mData":[1,1,2,1,150,2,150],"mType":"LST_FACTOR"}],"mImageUrl":"http:\/\/img4.wikia.nocookie.net\/__cb20120910034322\/pad\/zh\/images\/2\/2b\/342i.png","mAwokenList":[],"mCost":6,"mHp":232,"mHpMax":742,"mAtkMax":358,"mAtk":112,"mLv":25,"hpScale":1,"atkScale":1,"mNo":342,"mRare":3,"mRcvMax":185,"mRecovery":88,"rcvScale":1,"slv1":-1,"slvmax":-1}