{"mMonsterTypes":{"first":"BALANCED","second":"NONE"},"mMonsterProps":{"first":1,"second":-1},"mActiveSkill":[{"mData":[5,2],"mType":"ST_COLOR_CHANGE"}],"mLeaderSkill":[{"mData":[1,1,2,1,150,2,150],"mType":"LST_FACTOR"}],"mImageUrl":"http:\/\/img3.wikia.nocookie.net\/__cb20120910034007\/pad\/zh\/images\/f\/f8\/343i.png","mAwokenList":["ENHANCE_FIRE_ATT","ENHANCE_HP"],"mCost":12,"mHp":594,"mHpMax":1604,"mAtkMax":805,"mAtk":322,"mLv":70,"hpScale":1,"atkScale":1,"mNo":343,"mRare":4,"mRcvMax":251,"mRecovery":167,"rcvScale":1,"slv1":"11","slvmax":"5"}