{"mMonsterTypes":{"first":"BALANCED","second":"NONE"},"mMonsterProps":{"first":4,"second":-1},"mActiveSkill":[{"mData":[],"mType":"ST_NOT_SUPPORT"}],"mLeaderSkill":[{"mData":[1,4,2,1,150,2,150],"mType":"LST_FACTOR"}],"mImageUrl":"http:\/\/img2.wikia.nocookie.net\/__cb20120910034004\/pad\/zh\/images\/6\/6b\/344i.png","mAwokenList":[],"mCost":6,"mHp":221,"mHpMax":707,"mAtkMax":339,"mAtk":106,"mLv":25,"hpScale":1,"atkScale":1,"mNo":344,"mRare":3,"mRcvMax":208,"mRecovery":99,"rcvScale":1,"slv1":-1,"slvmax":-1}