{"mMonsterTypes":{"first":"BALANCED","second":"NONE"},"mMonsterProps":{"first":4,"second":-1},"mActiveSkill":[{"mData":[4],"mType":"ST_ADD_PLUS"}],"mLeaderSkill":[{"mData":[1,4,2,1,150,2,150],"mType":"LST_FACTOR"}],"mImageUrl":"http:\/\/img2.wikia.nocookie.net\/__cb20120910034000\/pad\/zh\/images\/b\/b1\/345i.png","mAwokenList":["ENHANCE_WATER_ATT","ENHANCE_HP"],"mCost":12,"mHp":566,"mHpMax":1528,"mAtkMax":763,"mAtk":305,"mLv":70,"hpScale":1,"atkScale":1,"mNo":345,"mRare":4,"mRcvMax":281,"mRecovery":187,"rcvScale":1,"slv1":"23","slvmax":"10"}