{"mMonsterTypes":{"first":"BALANCED","second":"NONE"},"mMonsterProps":{"first":5,"second":-1},"mActiveSkill":[{"mData":[],"mType":"ST_NOT_SUPPORT"}],"mLeaderSkill":[{"mData":[1,5,2,1,150,2,150],"mType":"LST_FACTOR"}],"mImageUrl":"http:\/\/img3.wikia.nocookie.net\/__cb20120910033954\/pad\/zh\/images\/7\/75\/346i.png","mAwokenList":[],"mCost":6,"mHp":226,"mHpMax":723,"mAtkMax":333,"mAtk":104,"mLv":25,"hpScale":1,"atkScale":1,"mNo":346,"mRare":3,"mRcvMax":216,"mRecovery":103,"rcvScale":1,"slv1":-1,"slvmax":-1}