{"mMonsterTypes":{"first":"BALANCED","second":"NONE"},"mMonsterProps":{"first":5,"second":-1},"mActiveSkill":[{"mData":[4,2],"mType":"ST_COLOR_CHANGE"}],"mLeaderSkill":[{"mData":[1,5,2,1,150,2,150],"mType":"LST_FACTOR"}],"mImageUrl":"http:\/\/img4.wikia.nocookie.net\/__cb20120910033951\/pad\/zh\/images\/b\/bd\/347i.png","mAwokenList":["ENHANCE_WOOD_ATT","ENHANCE_HP"],"mCost":12,"mHp":578,"mHpMax":1561,"mAtkMax":750,"mAtk":300,"mLv":70,"hpScale":1,"atkScale":1,"mNo":347,"mRare":4,"mRcvMax":291,"mRecovery":194,"rcvScale":1,"slv1":"11","slvmax":"5"}