{"mMonsterTypes":{"first":"BALANCED","second":"NONE"},"mMonsterProps":{"first":3,"second":-1},"mActiveSkill":[{"mData":[10],"mType":"ST_CHANGE_THE_WORLD"}],"mLeaderSkill":[{"mData":[0,100,1,-1,1,1,200],"mType":"LST_HP_FACTOR"}],"mImageUrl":"http:\/\/img3.wikia.nocookie.net\/__cb20120910033948\/pad\/zh\/images\/7\/7f\/348i.png","mAwokenList":[],"mCost":6,"mHp":214,"mHpMax":685,"mAtkMax":317,"mAtk":99,"mLv":25,"hpScale":1,"atkScale":1,"mNo":348,"mRare":3,"mRcvMax":242,"mRecovery":115,"rcvScale":1,"slv1":"20","slvmax":"13"}