{"mMonsterTypes":{"first":"BALANCED","second":"NONE"},"mMonsterProps":{"first":3,"second":-1},"mActiveSkill":[{"mData":[10],"mType":"ST_CHANGE_THE_WORLD"}],"mLeaderSkill":[{"mData":[0,100,1,-1,1,1,200],"mType":"LST_HP_FACTOR"}],"mImageUrl":"http:\/\/img3.wikia.nocookie.net\/__cb20120910033944\/pad\/zh\/images\/c\/c0\/349i.png","mAwokenList":[],"mCost":12,"mHp":548,"mHpMax":1480,"mAtkMax":713,"mAtk":285,"mLv":70,"hpScale":1,"atkScale":1,"mNo":349,"mRare":4,"mRcvMax":327,"mRecovery":218,"rcvScale":1,"slv1":"20","slvmax":"13"}