{"mMonsterTypes":{"first":"DRAGON","second":"NONE"},"mMonsterProps":{"first":3,"second":-1},"mActiveSkill":[{"mData":[1],"mType":"ST_ADD_PLUS"}],"mLeaderSkill":[{"mData":[],"mType":"LST_NOT_SUPPORT"}],"mImageUrl":"http:\/\/img1.wikia.nocookie.net\/__cb20130314154548\/pad\/zh\/images\/5\/5d\/350i.png","mAwokenList":[],"mCost":15,"mHp":398,"mHpMax":796,"mAtkMax":333,"mAtk":222,"mLv":25,"hpScale":1,"atkScale":1.5,"mNo":350,"mRare":4,"mRcvMax":154,"mRecovery":77,"rcvScale":1.5,"slv1":"15","slvmax":"5"}