{"mMonsterTypes":{"first":"DRAGON","second":"NONE"},"mMonsterProps":{"first":3,"second":1},"mActiveSkill":[{"mData":[1],"mType":"ST_ADD_PLUS"}],"mLeaderSkill":[{"mData":[2,1,3,1,0,200],"mType":"LST_FACTOR"}],"mImageUrl":"http:\/\/img1.wikia.nocookie.net\/__cb20120910034459\/pad\/zh\/images\/9\/94\/351i.png","mAwokenList":["ENHANCE_HP","ENHANCE_ATK","ENHANCE_HEAL"],"mCost":20,"mHp":637,"mHpMax":1911,"mAtkMax":1140,"mAtk":300,"mLv":99,"hpScale":1,"atkScale":1,"mNo":351,"mRare":5,"mRcvMax":278,"mRecovery":139,"rcvScale":1,"slv1":"15","slvmax":"5"}