{"mMonsterTypes":{"first":"BALANCED","second":"NONE"},"mMonsterProps":{"first":1,"second":-1},"mActiveSkill":[{"mData":[3,100,5],"mType":"ST_REDUCE_SHIELD"},{"mData":[1],"mType":"ST_ADD_PLUS"}],"mLeaderSkill":[{"mData":[1,1,1,0,250],"mType":"LST_FACTOR"}],"mImageUrl":"http://img2.wikia.nocookie.net/__cb20120910034453/pad/zh/images/1/18/352i.png","mAwokenList":[],"mCost":8,"mHp":215,"mHpMax":559,"mAtkMax":588,"mAtk":280,"mLv":35,"hpScale":1,"atkScale":1,"mNo":352,"mRare":4,"mRcvMax":271,"mRecovery":129,"rcvScale":1,"slv1":20,"slvmax":10}