{"mMonsterTypes":{"first":"BALANCED","second":"DEVIL"},"mMonsterProps":{"first":1,"second":-1},"mActiveSkill":[{"mData":[3,100,5],"mType":"ST_REDUCE_SHIELD"},{"mData":[1],"mType":"ST_ADD_PLUS"}],"mLeaderSkill":[{"mData":[1,1,1,0,250],"mType":"LST_FACTOR"}],"mImageUrl":"http://img4.wikia.nocookie.net/__cb20120910034450/pad/zh/images/e/e0/353i.png","mAwokenList":["SKILL_BOOST","ENHANCE_HEART","ENHANCE_FIRE_ATT","ENHANCE_FIRE","ENHANCE_FIRE"],"mCost":16,"mHp":447,"mHpMax":1028,"mAtkMax":1270,"mAtk":529,"mLv":99,"hpScale":1,"atkScale":1,"mNo":353,"mRare":5,"mRcvMax":416,"mRecovery":244,"rcvScale":1,"slv1":20,"slvmax":10}