{"mMonsterTypes":{"first":"BALANCED","second":"NONE"},"mMonsterProps":{"first":4,"second":-1},"mActiveSkill":[{"mData":[3,100,1],"mType":"ST_REDUCE_SHIELD"},{"mData":[4],"mType":"ST_ADD_PLUS"}],"mLeaderSkill":[{"mData":[1,4,1,0,250],"mType":"LST_FACTOR"}],"mImageUrl":"http://img4.wikia.nocookie.net/__cb20120910034444/pad/zh/images/6/63/354i.png","mAwokenList":[],"mCost":8,"mHp":210,"mHpMax":546,"mAtkMax":552,"mAtk":263,"mLv":35,"hpScale":1,"atkScale":1,"mNo":354,"mRare":4,"mRcvMax":288,"mRecovery":137,"rcvScale":1,"slv1":20,"slvmax":10}