{"mMonsterTypes":{"first":"BALANCED","second":"NONE"},"mMonsterProps":{"first":4,"second":-1},"mActiveSkill":[{"mData":[3,100,1],"mType":"ST_REDUCE_SHIELD"},{"mData":[4],"mType":"ST_ADD_PLUS"}],"mLeaderSkill":[{"mData":[1,4,1,0,250],"mType":"LST_FACTOR"}],"mImageUrl":"http://img2.wikia.nocookie.net/__cb20120910034440/pad/zh/images/0/06/355i.png","mAwokenList":["SKILL_BOOST","ENHANCE_HEART","ENHANCE_WATER_ATT","ENHANCE_WATER","ENHANCE_WATER"],"mCost":16,"mHp":437,"mHpMax":1005,"mAtkMax":1193,"mAtk":497,"mLv":99,"hpScale":1,"atkScale":1,"mNo":355,"mRare":5,"mRcvMax":439,"mRecovery":259,"rcvScale":1,"slv1":20,"slvmax":10}