{"mMonsterTypes":{"first":"BALANCED","second":"NONE"},"mMonsterProps":{"first":5,"second":-1},"mActiveSkill":[{"mData":[3,100,4],"mType":"ST_REDUCE_SHIELD"},{"mData":[5],"mType":"ST_ADD_PLUS"}],"mLeaderSkill":[{"mData":[1,5,1,0,250],"mType":"LST_FACTOR"}],"mImageUrl":"http://img3.wikia.nocookie.net/__cb20120910034436/pad/zh/images/b/ba/356i.png","mAwokenList":[],"mCost":8,"mHp":206,"mHpMax":536,"mAtkMax":567,"mAtk":270,"mLv":35,"hpScale":1,"atkScale":1,"mNo":356,"mRare":4,"mRcvMax":277,"mRecovery":132,"rcvScale":1,"slv1":20,"slvmax":10}