{"mMonsterTypes":{"first":"BALANCED","second":"NONE"},"mMonsterProps":{"first":5,"second":-1},"mActiveSkill":[{"mData":[3,100,4],"mType":"ST_REDUCE_SHIELD"},{"mData":[5],"mType":"ST_ADD_PLUS"}],"mLeaderSkill":[{"mData":[1,5,1,0,250],"mType":"LST_FACTOR"}],"mImageUrl":"http://img3.wikia.nocookie.net/__cb20120910034433/pad/zh/images/0/07/357i.png","mAwokenList":["SKILL_BOOST","ENHANCE_HEART","ENHANCE_WOOD_ATT","ENHANCE_WOOD","ENHANCE_WOOD"],"mCost":16,"mHp":429,"mHpMax":987,"mAtkMax":1224,"mAtk":510,"mLv":99,"hpScale":1,"atkScale":1,"mNo":357,"mRare":5,"mRcvMax":424,"mRecovery":249,"rcvScale":1,"slv1":20,"slvmax":10}