{"mMonsterTypes":{"first":"BALANCED","second":"NONE"},"mMonsterProps":{"first":3,"second":-1},"mActiveSkill":[{"mData":[3,100,0],"mType":"ST_REDUCE_SHIELD"},{"mData":[3],"mType":"ST_ADD_PLUS"}],"mLeaderSkill":[{"mData":[1,3,1,0,250],"mType":"LST_FACTOR"}],"mImageUrl":"http://img2.wikia.nocookie.net/__cb20120910034427/pad/zh/images/a/a6/358i.png","mAwokenList":[],"mCost":8,"mHp":201,"mHpMax":523,"mAtkMax":559,"mAtk":266,"mLv":35,"hpScale":1,"atkScale":1,"mNo":358,"mRare":4,"mRcvMax":294,"mRecovery":140,"rcvScale":1,"slv1":20,"slvmax":10}