{"mMonsterTypes":{"first":"BALANCED","second":"NONE"},"mMonsterProps":{"first":3,"second":-1},"mActiveSkill":[{"mData":[3,100,0],"mType":"ST_REDUCE_SHIELD"},{"mData":[3],"mType":"ST_ADD_PLUS"}],"mLeaderSkill":[{"mData":[1,3,1,0,250],"mType":"LST_FACTOR"}],"mImageUrl":"http://img3.wikia.nocookie.net/__cb20120910034424/pad/zh/images/c/cb/359i.png","mAwokenList":["SKILL_BOOST","ENHANCE_HEART","ENHANCE_LIGHT_ATT","ENHANCE_LIGHT","ENHANCE_LIGHT"],"mCost":16,"mHp":418,"mHpMax":961,"mAtkMax":1207,"mAtk":503,"mLv":99,"hpScale":1,"atkScale":1,"mNo":359,"mRare":5,"mRcvMax":448,"mRecovery":265,"rcvScale":1,"slv1":20,"slvmax":10}