{"mMonsterTypes":{"first":"BALANCED","second":"NONE"},"mMonsterProps":{"first":0,"second":-1},"mActiveSkill":[{"mData":[3,100,3],"mType":"ST_REDUCE_SHIELD"},{"mData":[0],"mType":"ST_ADD_PLUS"}],"mLeaderSkill":[{"mData":[1,0,1,0,250],"mType":"LST_FACTOR"}],"mImageUrl":"http://img2.wikia.nocookie.net/__cb20120910034418/pad/zh/images/d/d6/360i.png","mAwokenList":[],"mCost":8,"mHp":209,"mHpMax":543,"mAtkMax":580,"mAtk":276,"mLv":35,"hpScale":1,"atkScale":1,"mNo":360,"mRare":4,"mRcvMax":254,"mRecovery":121,"rcvScale":1,"slv1":20,"slvmax":10}