{"mMonsterTypes":{"first":"BALANCED","second":"DEVIL"},"mMonsterProps":{"first":0,"second":-1},"mActiveSkill":[{"mData":[3,100,3],"mType":"ST_REDUCE_SHIELD"},{"mData":[0],"mType":"ST_ADD_PLUS"}],"mLeaderSkill":[{"mData":[1,0,1,0,250],"mType":"LST_FACTOR"}],"mImageUrl":"http://img1.wikia.nocookie.net/__cb20120910034556/pad/zh/images/b/b4/361i.png","mAwokenList":["SKILL_BOOST","ENHANCE_HEART","ENHANCE_DARK_ATT","ENHANCE_DARK","ENHANCE_DARK"],"mCost":16,"mHp":434,"mHpMax":998,"mAtkMax":1253,"mAtk":522,"mLv":99,"hpScale":1,"atkScale":1,"mNo":361,"mRare":5,"mRcvMax":394,"mRecovery":229,"rcvScale":1,"slv1":20,"slvmax":10}