{"mMonsterTypes":{"first":"GOD","second":"NONE"},"mMonsterProps":{"first":5,"second":-1},"mActiveSkill":[{"mData":[0,100,3,15],"mType":"ST_ATTACK"},{"mData":[7,0,0],"mType":"ST_BIND_RECOVER"},{"mData":[7,0,0],"mType":"ST_AWOKEN_RECOVER"}],"mLeaderSkill":[{"mData":[100,80],"mType":"LST_REDUCE_BY_HP_CONDITION"}],"mImageUrl":"http:\/\/img1.wikia.nocookie.net\/__cb20120910034552\/pad\/zh\/images\/8\/80\/362i.png","mAwokenList":[],"mCost":25,"mHp":1123,"mHpMax":2358,"mAtkMax":985,"mAtk":758,"mLv":50,"hpScale":1,"atkScale":1,"mNo":362,"mRare":5,"mRcvMax":288,"mRecovery":144,"rcvScale":1,"slv1":"17","slvmax":"9"}