{"mMonsterTypes":{"first":"GOD","second":"BALANCED"},"mMonsterProps":{"first":5,"second":3},"mActiveSkill":[{"mData":[0,50,3,15],"mType":"ST_ATTACK"},{"mData":[5,0,0],"mType":"ST_BIND_RECOVER"},{"mData":[5,0,0],"mType":"ST_AWOKEN_RECOVER"}],"mLeaderSkill":[{"mData":[100,80],"mType":"LST_REDUCE_BY_HP_CONDITION"}],"mImageUrl":"http:\/\/img2.wikia.nocookie.net\/__cb20130804031008\/pad\/zh\/images\/c\/c8\/363i.png","mAwokenList":["SKILL_BOOST","RESISTANCE_BIND","RESISTANCE_BIND","SKILL_BOOST","AUTO_RECOVER"],"mCost":45,"mHp":1886,"mHpMax":4149,"mAtkMax":1203,"mAtk":887,"mLv":99,"hpScale":1,"atkScale":1,"mNo":363,"mRare":6,"mRcvMax":518,"mRecovery":259,"rcvScale":1,"slv1":"17","slvmax":"9"}