{"mMonsterTypes":{"first":"GOD","second":"NONE"},"mMonsterProps":{"first":4,"second":-1},"mActiveSkill":[{"mData":[0,50,0,15],"mType":"ST_ATTACK"},{"mData":[4,0],"mType":"ST_ADD_PLUS"}],"mLeaderSkill":[{"mData":[1,14,1,1,250],"mType":"LST_FACTOR"}],"mImageUrl":"http:\/\/img4.wikia.nocookie.net\/__cb20120910034547\/pad\/zh\/images\/f\/f0\/364i.png","mAwokenList":[],"mCost":30,"mHp":1158,"mHpMax":2432,"mAtkMax":1018,"mAtk":783,"mLv":50,"hpScale":1,"atkScale":1,"mNo":364,"mRare":6,"mRcvMax":304,"mRecovery":152,"rcvScale":1,"slv1":"17","slvmax":"6"}