{"mMonsterTypes":{"first":"GOD","second":"PHYSICAL"},"mMonsterProps":{"first":4,"second":0},"mActiveSkill":[{"mData":[0,50,0,15],"mType":"ST_ATTACK"},{"mData":[4,0],"mType":"ST_ADD_PLUS"}],"mLeaderSkill":[{"mData":[2,4,14,2,0,150,1,250],"mType":"LST_FACTOR"}],"mImageUrl":"http:\/\/img1.wikia.nocookie.net\/__cb20130804030953\/pad\/zh\/images\/4\/4c\/365i.png","mAwokenList":["SKILL_BOOST","ENHANCE_WATER_ATT","ENHANCE_WATER_ATT","SKILL_BOOST","SKILL_BOOST","ENHANCE_WATER_ATT"],"mCost":50,"mHp":1946,"mHpMax":4531,"mAtkMax":1191,"mAtk":916,"mLv":99,"hpScale":1,"atkScale":1,"mNo":365,"mRare":7,"mRcvMax":548,"mRecovery":274,"rcvScale":1,"slv1":"17","slvmax":"6"}