{"mMonsterTypes":{"first":"DRAGON","second":"NONE"},"mMonsterProps":{"first":5,"second":-1},"mActiveSkill":[{"mData":[4],"mType":"ST_ADD_PLUS"}],"mLeaderSkill":[{"mData":[],"mType":"LST_NOT_SUPPORT"}],"mImageUrl":"http:\/\/img2.wikia.nocookie.net\/__cb20120910034536\/pad\/zh\/images\/7\/7c\/366i.png","mAwokenList":[],"mCost":15,"mHp":367,"mHpMax":734,"mAtkMax":396,"mAtk":233,"mLv":25,"hpScale":0.7,"atkScale":1.5,"mNo":366,"mRare":4,"mRcvMax":182,"mRecovery":91,"rcvScale":1.5,"slv1":"15","slvmax":"5"}