{"mMonsterTypes":{"first":"DRAGON","second":"NONE"},"mMonsterProps":{"first":5,"second":4},"mActiveSkill":[{"mData":[4],"mType":"ST_ADD_PLUS"}],"mLeaderSkill":[{"mData":[2,4,5,1,0,200],"mType":"LST_FACTOR"}],"mImageUrl":"http:\/\/img2.wikia.nocookie.net\/__cb20120910034534\/pad\/zh\/images\/9\/96\/367i.png","mAwokenList":["ENHANCE_WOOD_ATT","ENHANCE_WATER_ATT","SKILL_BOOST"],"mCost":20,"mHp":587,"mHpMax":1585,"mAtkMax":1175,"mAtk":356,"mLv":99,"hpScale":0.7,"atkScale":0.7,"mNo":367,"mRare":5,"mRcvMax":328,"mRecovery":164,"rcvScale":0.7,"slv1":"15","slvmax":"5"}