{"mMonsterTypes":{"first":"GOD","second":"NONE"},"mMonsterProps":{"first":1,"second":-1},"mActiveSkill":[{"mData":[3,150,1],"mType":"ST_POWER_UP"},{"mData":[1],"mType":"ST_SKILL_BOOST"}],"mLeaderSkill":[{"mData":[1,1,2,1,150,2,150],"mType":"LST_FACTOR"}],"mImageUrl":"http:\/\/img3.wikia.nocookie.net\/__cb20121009043358\/pad\/zh\/images\/2\/25\/368i.png","mAwokenList":[],"mCost":20,"mHp":526,"mHpMax":1262,"mAtkMax":964,"mAtk":482,"mLv":50,"hpScale":1.5,"atkScale":1.5,"mNo":368,"mRare":5,"mRcvMax":323,"mRecovery":154,"rcvScale":1.5,"slv1":"17","slvmax":"9"}