{"mMonsterTypes":{"first":"GOD","second":"NONE"},"mMonsterProps":{"first":1,"second":1},"mActiveSkill":[{"mData":[3,150,1],"mType":"ST_POWER_UP"},{"mData":[1],"mType":"ST_SKILL_BOOST"}],"mLeaderSkill":[{"mData":[1,1,2,1,200,2,200],"mType":"LST_FACTOR"}],"mImageUrl":"http:\/\/img2.wikia.nocookie.net\/__cb20121009043354\/pad\/zh\/images\/f\/f1\/369i.png","mAwokenList":["ENHANCE_FIRE_ATT","ENHANCE_HEART","ENHANCE_FIRE_ATT","SKILL_BOOST"],"mCost":30,"mHp":1010,"mHpMax":2725,"mAtkMax":1302,"mAtk":868,"mLv":99,"hpScale":1.5,"atkScale":1.5,"mNo":369,"mRare":6,"mRcvMax":437,"mRecovery":291,"rcvScale":1.5,"slv1":"17","slvmax":"9"}