{"mMonsterTypes":{"first":"GOD","second":"NONE"},"mMonsterProps":{"first":4,"second":-1},"mActiveSkill":[{"mData":[3,150,4],"mType":"ST_POWER_UP"},{"mData":[1],"mType":"ST_SKILL_BOOST"}],"mLeaderSkill":[{"mData":[1,4,2,1,150,2,150],"mType":"LST_FACTOR"}],"mImageUrl":"http:\/\/img2.wikia.nocookie.net\/__cb20121009043349\/pad\/zh\/images\/3\/3b\/370i.png","mAwokenList":[],"mCost":20,"mHp":503,"mHpMax":1207,"mAtkMax":912,"mAtk":456,"mLv":50,"hpScale":1.5,"atkScale":1.5,"mNo":370,"mRare":5,"mRcvMax":384,"mRecovery":183,"rcvScale":1.5,"slv1":"17","slvmax":"9"}