{"mMonsterTypes":{"first":"GOD","second":"NONE"},"mMonsterProps":{"first":4,"second":4},"mActiveSkill":[{"mData":[3,150,4],"mType":"ST_POWER_UP"},{"mData":[1],"mType":"ST_SKILL_BOOST"}],"mLeaderSkill":[{"mData":[1,4,2,1,200,2,200],"mType":"LST_FACTOR"}],"mImageUrl":"http:\/\/img3.wikia.nocookie.net\/__cb20121009043344\/pad\/zh\/images\/6\/64\/371i.png","mAwokenList":["ENHANCE_WATER_ATT","ENHANCE_HEART","ENHANCE_WATER_ATT","SKILL_BOOST"],"mCost":30,"mHp":966,"mHpMax":2615,"mAtkMax":1232,"mAtk":821,"mLv":99,"hpScale":1.5,"atkScale":1.5,"mNo":371,"mRare":6,"mRcvMax":519,"mRecovery":346,"rcvScale":1.5,"slv1":"17","slvmax":"9"}