{"mMonsterTypes":{"first":"GOD","second":"NONE"},"mMonsterProps":{"first":5,"second":-1},"mActiveSkill":[{"mData":[3,150,5],"mType":"ST_POWER_UP"},{"mData":[1],"mType":"ST_SKILL_BOOST"}],"mLeaderSkill":[{"mData":[1,5,2,1,150,2,150],"mType":"LST_FACTOR"}],"mImageUrl":"http:\/\/img2.wikia.nocookie.net\/__cb20121009043337\/pad\/zh\/images\/8\/8f\/372i.png","mAwokenList":[],"mCost":20,"mHp":507,"mHpMax":1217,"mAtkMax":900,"mAtk":450,"mLv":50,"hpScale":1.5,"atkScale":1.5,"mNo":372,"mRare":5,"mRcvMax":378,"mRecovery":180,"rcvScale":1.5,"slv1":"17","slvmax":"9"}