{"mMonsterTypes":{"first":"GOD","second":"NONE"},"mMonsterProps":{"first":5,"second":5},"mActiveSkill":[{"mData":[3,150,5],"mType":"ST_POWER_UP"},{"mData":[1],"mType":"ST_SKILL_BOOST"}],"mLeaderSkill":[{"mData":[1,5,2,1,200,2,200],"mType":"LST_FACTOR"}],"mImageUrl":"http:\/\/img4.wikia.nocookie.net\/__cb20121009043334\/pad\/zh\/images\/d\/db\/373i.png","mAwokenList":["ENHANCE_WOOD_ATT","ENHANCE_HEART","ENHANCE_WOOD_ATT","SKILL_BOOST"],"mCost":30,"mHp":974,"mHpMax":2635,"mAtkMax":1215,"mAtk":810,"mLv":99,"hpScale":1.5,"atkScale":1.5,"mNo":373,"mRare":6,"mRcvMax":510,"mRecovery":340,"rcvScale":1.5,"slv1":"17","slvmax":"9"}