{"mMonsterTypes":{"first":"GOD","second":"NONE"},"mMonsterProps":{"first":3,"second":-1},"mActiveSkill":[{"mData":[3,150,3],"mType":"ST_POWER_UP"},{"mData":[1],"mType":"ST_SKILL_BOOST"}],"mLeaderSkill":[{"mData":[1,3,2,1,150,2,150],"mType":"LST_FACTOR"}],"mImageUrl":"http:\/\/img3.wikia.nocookie.net\/__cb20121009043331\/pad\/zh\/images\/f\/f5\/374i.png","mAwokenList":[],"mCost":20,"mHp":586,"mHpMax":1406,"mAtkMax":1000,"mAtk":500,"mLv":50,"hpScale":1.5,"atkScale":1.5,"mNo":374,"mRare":5,"mRcvMax":210,"mRecovery":100,"rcvScale":1.5,"slv1":"17","slvmax":"9"}