{"mMonsterTypes":{"first":"GOD","second":"NONE"},"mMonsterProps":{"first":3,"second":3},"mActiveSkill":[{"mData":[3,150,3],"mType":"ST_POWER_UP"},{"mData":[1],"mType":"ST_SKILL_BOOST"}],"mLeaderSkill":[{"mData":[1,3,2,1,200,2,200],"mType":"LST_FACTOR"}],"mImageUrl":"http:\/\/img1.wikia.nocookie.net\/__cb20121009043326\/pad\/zh\/images\/d\/d0\/375i.png","mAwokenList":["ENHANCE_LIGHT_ATT","ENHANCE_HEART","ENHANCE_LIGHT_ATT","SKILL_BOOST"],"mCost":30,"mHp":1125,"mHpMax":2813,"mAtkMax":1450,"mAtk":900,"mLv":99,"hpScale":1.5,"atkScale":1.5,"mNo":375,"mRare":6,"mRcvMax":284,"mRecovery":189,"rcvScale":1.5,"slv1":"17","slvmax":"9"}