{"mMonsterTypes":{"first":"GOD","second":"NONE"},"mMonsterProps":{"first":0,"second":-1},"mActiveSkill":[{"mData":[3,150,0],"mType":"ST_POWER_UP"},{"mData":[1],"mType":"ST_SKILL_BOOST"}],"mLeaderSkill":[{"mData":[1,0,2,1,150,2,150],"mType":"LST_FACTOR"}],"mImageUrl":"http:\/\/img3.wikia.nocookie.net\/__cb20121009043321\/pad\/zh\/images\/c\/c1\/376i.png","mAwokenList":[],"mCost":20,"mHp":514,"mHpMax":1234,"mAtkMax":934,"mAtk":467,"mLv":50,"hpScale":1.5,"atkScale":1.5,"mNo":376,"mRare":5,"mRcvMax":353,"mRecovery":168,"rcvScale":1.5,"slv1":"17","slvmax":"9"}