{"mMonsterTypes":{"first":"GOD","second":"NONE"},"mMonsterProps":{"first":0,"second":0},"mActiveSkill":[{"mData":[3,150,0],"mType":"ST_POWER_UP"},{"mData":[1],"mType":"ST_SKILL_BOOST"}],"mLeaderSkill":[{"mData":[1,0,2,1,200,2,200],"mType":"LST_FACTOR"}],"mImageUrl":"http:\/\/img2.wikia.nocookie.net\/__cb20121009043318\/pad\/zh\/images\/5\/5a\/377i.png","mAwokenList":["ENHANCE_DARK_ATT","ENHANCE_HEART","ENHANCE_DARK_ATT","SKILL_BOOST"],"mCost":30,"mHp":987,"mHpMax":2668,"mAtkMax":1262,"mAtk":841,"mLv":99,"hpScale":1.5,"atkScale":1.5,"mNo":377,"mRare":6,"mRcvMax":477,"mRecovery":318,"rcvScale":1.5,"slv1":"17","slvmax":"9"}