{"mMonsterTypes":{"first":"ATTACKER","second":"NONE"},"mMonsterProps":{"first":1,"second":5},"mActiveSkill":[{"mData":[5,1,7,1,2,5,6,5,8,5],"mType":"ST_COLOR_CHANGE"}],"mLeaderSkill":[{"mData":[1,11,1,1,200],"mType":"LST_FACTOR"}],"mImageUrl":"http:\/\/img4.wikia.nocookie.net\/__cb20121009043315\/pad\/zh\/images\/8\/88\/378i.png","mAwokenList":[],"mCost":8,"mHp":176,"mHpMax":704,"mAtkMax":578,"mAtk":165,"mLv":50,"hpScale":1,"atkScale":1,"mNo":378,"mRare":5,"mRcvMax":59,"mRecovery":28,"rcvScale":1,"slv1":"13","slvmax":"7"}