{"mMonsterTypes":{"first":"ATTACKER","second":"DRAGON"},"mMonsterProps":{"first":1,"second":5},"mActiveSkill":[{"mData":[5,1,7,1,2,5,6,5,8,5],"mType":"ST_COLOR_CHANGE"}],"mLeaderSkill":[{"mData":[1,11,1,1,250],"mType":"LST_FACTOR"}],"mImageUrl":"http:\/\/img2.wikia.nocookie.net\/__cb20121009043311\/pad\/zh\/images\/4\/46\/379i.png","mAwokenList":["ENHANCE_FIRE_ATT","ENHANCE_HEART","ENHANCE_WOOD_ATT","TWO_PRONGED_ATTACK"],"mCost":16,"mHp":563,"mHpMax":2002,"mAtkMax":1660,"mAtk":520,"mLv":99,"hpScale":1,"atkScale":1,"mNo":379,"mRare":6,"mRcvMax":80,"mRecovery":53,"rcvScale":1,"slv1":"13","slvmax":"7"}