{"mMonsterTypes":{"first":"ATTACKER","second":"NONE"},"mMonsterProps":{"first":4,"second":1},"mActiveSkill":[{"mData":[1,4,7,4,2,1,6,1,8,1],"mType":"ST_COLOR_CHANGE"}],"mLeaderSkill":[{"mData":[1,11,1,1,200],"mType":"LST_FACTOR"}],"mImageUrl":"http:\/\/img1.wikia.nocookie.net\/__cb20121009043305\/pad\/zh\/images\/c\/cc\/380i.png","mAwokenList":[],"mCost":8,"mHp":181,"mHpMax":724,"mAtkMax":574,"mAtk":164,"mLv":50,"hpScale":1,"atkScale":1,"mNo":380,"mRare":5,"mRcvMax":76,"mRecovery":36,"rcvScale":1,"slv1":"13","slvmax":"7"}