{"mMonsterTypes":{"first":"ATTACKER","second":"DEVIL"},"mMonsterProps":{"first":4,"second":1},"mActiveSkill":[{"mData":[1,4,7,4,2,1,6,1,8,1],"mType":"ST_COLOR_CHANGE"}],"mLeaderSkill":[{"mData":[1,11,1,1,250],"mType":"LST_FACTOR"}],"mImageUrl":"http:\/\/img1.wikia.nocookie.net\/__cb20121009043620\/pad\/zh\/images\/1\/18\/381i.png","mAwokenList":["ENHANCE_WATER_ATT","ENHANCE_HEART","ENHANCE_FIRE_ATT","TWO_PRONGED_ATTACK"],"mCost":16,"mHp":579,"mHpMax":2053,"mAtkMax":1651,"mAtk":517,"mLv":99,"hpScale":1,"atkScale":1,"mNo":381,"mRare":6,"mRcvMax":102,"mRecovery":68,"rcvScale":1,"slv1":"13","slvmax":"7"}