{"mMonsterTypes":{"first":"ATTACKER","second":"NONE"},"mMonsterProps":{"first":5,"second":4},"mActiveSkill":[{"mData":[4,5,7,5,2,4,6,4,8,4],"mType":"ST_COLOR_CHANGE"}],"mLeaderSkill":[{"mData":[1,11,1,1,200],"mType":"LST_FACTOR"}],"mImageUrl":"http:\/\/img4.wikia.nocookie.net\/__cb20121009043612\/pad\/zh\/images\/9\/9b\/382i.png","mAwokenList":[],"mCost":8,"mHp":170,"mHpMax":680,"mAtkMax":571,"mAtk":163,"mLv":50,"hpScale":1,"atkScale":1,"mNo":382,"mRare":5,"mRcvMax":71,"mRecovery":34,"rcvScale":1,"slv1":"13","slvmax":"7"}