{"mMonsterTypes":{"first":"ATTACKER","second":"DEVIL"},"mMonsterProps":{"first":5,"second":4},"mActiveSkill":[{"mData":[4,5,7,5,2,4,6,4,8,4],"mType":"ST_COLOR_CHANGE"}],"mLeaderSkill":[{"mData":[1,11,1,1,250],"mType":"LST_FACTOR"}],"mImageUrl":"http:\/\/img2.wikia.nocookie.net\/__cb20121009043608\/pad\/zh\/images\/d\/da\/383i.png","mAwokenList":["ENHANCE_WOOD_ATT","ENHANCE_HEART","ENHANCE_WATER_ATT","TWO_PRONGED_ATTACK"],"mCost":16,"mHp":544,"mHpMax":1941,"mAtkMax":1642,"mAtk":514,"mLv":99,"hpScale":1,"atkScale":1,"mNo":383,"mRare":6,"mRcvMax":96,"mRecovery":64,"rcvScale":1,"slv1":"13","slvmax":"7"}