{"mMonsterTypes":{"first":"ATTACKER","second":"NONE"},"mMonsterProps":{"first":3,"second":0},"mActiveSkill":[{"mData":[0,3,7,3,2,0,6,0,8,0],"mType":"ST_COLOR_CHANGE"}],"mLeaderSkill":[{"mData":[1,11,1,1,200],"mType":"LST_FACTOR"}],"mImageUrl":"http:\/\/img2.wikia.nocookie.net\/__cb20121009043604\/pad\/zh\/images\/2\/22\/384i.png","mAwokenList":[],"mCost":8,"mHp":179,"mHpMax":716,"mAtkMax":521,"mAtk":168,"mLv":50,"hpScale":1,"atkScale":1,"mNo":384,"mRare":5,"mRcvMax":53,"mRecovery":25,"rcvScale":1,"slv1":"13","slvmax":"7"}