{"mMonsterTypes":{"first":"ATTACKER","second":"DRAGON"},"mMonsterProps":{"first":3,"second":0},"mActiveSkill":[{"mData":[0,3,7,3,2,0,6,0,8,0],"mType":"ST_COLOR_CHANGE"}],"mLeaderSkill":[{"mData":[1,11,1,1,250],"mType":"LST_FACTOR"}],"mImageUrl":"http:\/\/img4.wikia.nocookie.net\/__cb20121009043559\/pad\/zh\/images\/6\/6f\/385i.png","mAwokenList":["ENHANCE_LIGHT_ATT","ENHANCE_HEART","ENHANCE_DARK_ATT","TWO_PRONGED_ATTACK"],"mCost":16,"mHp":573,"mHpMax":2206,"mAtkMax":1507,"mAtk":469,"mLv":99,"hpScale":1,"atkScale":1,"mNo":385,"mRare":6,"mRcvMax":72,"mRecovery":48,"rcvScale":1,"slv1":"13","slvmax":"7"}