{"mMonsterTypes":{"first":"ATTACKER","second":"NONE"},"mMonsterProps":{"first":0,"second":3},"mActiveSkill":[{"mData":[3,0,7,0,2,3,6,3,8,3],"mType":"ST_COLOR_CHANGE"}],"mLeaderSkill":[{"mData":[1,11,1,1,200],"mType":"LST_FACTOR"}],"mImageUrl":"http:\/\/img2.wikia.nocookie.net\/__cb20121009043555\/pad\/zh\/images\/3\/3b\/386i.png","mAwokenList":[],"mCost":8,"mHp":174,"mHpMax":696,"mAtkMax":524,"mAtk":169,"mLv":50,"hpScale":1,"atkScale":1,"mNo":386,"mRare":5,"mRcvMax":63,"mRecovery":30,"rcvScale":1,"slv1":"13","slvmax":"7"}