{"mMonsterTypes":{"first":"ATTACKER","second":"DEVIL"},"mMonsterProps":{"first":0,"second":3},"mActiveSkill":[{"mData":[3,0,7,0,2,3,6,3,8,3],"mType":"ST_COLOR_CHANGE"}],"mLeaderSkill":[{"mData":[1,11,1,1,250],"mType":"LST_FACTOR"}],"mImageUrl":"http:\/\/img4.wikia.nocookie.net\/__cb20121009043552\/pad\/zh\/images\/0\/0d\/387i.png","mAwokenList":["ENHANCE_DARK_ATT","ENHANCE_HEART","ENHANCE_LIGHT_ATT","TWO_PRONGED_ATTACK"],"mCost":16,"mHp":557,"mHpMax":2150,"mAtkMax":1516,"mAtk":472,"mLv":99,"hpScale":1,"atkScale":1,"mNo":387,"mRare":6,"mRcvMax":86,"mRecovery":57,"rcvScale":1,"slv1":"13","slvmax":"7"}