{"mMonsterTypes":{"first":"GOD","second":"DEVIL"},"mMonsterProps":{"first":1,"second":0},"mActiveSkill":[{"mData":[1,50],"mType":"ST_REDUCE_DEF"}],"mLeaderSkill":[{"mData":[1,-1,1,1,150],"mType":"LST_FACTOR"}],"mImageUrl":"http:\/\/img2.wikia.nocookie.net\/__cb20121009043544\/pad\/zh\/images\/6\/68\/389i.png","mAwokenList":["RESISTANCE_BIND","RESISTANCE_JAMMER","RESISTANCE_JAMMER","RESISTANCE_BIND","GOD_KILLER","MACHINE_KILLER"],"mCost":30,"mHp":1260,"mHpMax":3069,"mAtkMax":1459,"mAtk":810,"mLv":99,"hpScale":1.5,"atkScale":1.5,"mNo":389,"mRare":7,"mRcvMax":478,"mRecovery":173,"rcvScale":1.5,"slv1":"10","slvmax":"3"}