{"mMonsterTypes":{"first":"GOD","second":"DEVIL"},"mMonsterProps":{"first":4,"second":0},"mActiveSkill":[{"mData":[1,150,6],"mType":"ST_TYPE_UP"},{"mData":[10],"mType":"ST_POISON"}],"mLeaderSkill":[{"mData":[1,-1,1,1,150],"mType":"LST_FACTOR"}],"mImageUrl":"http://img2.wikia.nocookie.net/__cb20121009043535/pad/zh/images/f/fe/391i.png","mAwokenList":["RESISTANCE_BIND","RESISTANCE_POISON","RESISTANCE_POISON","RESISTANCE_BIND","GOD_KILLER","MACHINE_KILLER"],"mCost":30,"mHp":1280,"mHpMax":3102,"mAtkMax":1451,"mAtk":805,"mLv":99,"hpScale":1.5,"atkScale":1.5,"mNo":391,"mRare":7,"mRcvMax":467,"mRecovery":165,"rcvScale":1.5,"slv1":"20","slvmax":"15"}