{"mMonsterTypes":{"first":"GOD","second":"DEVIL"},"mMonsterProps":{"first":5,"second":0},"mActiveSkill":[{"mData":[999,3,100],"mType":"ST_BIND_RECOVER"}],"mLeaderSkill":[{"mData":[1,-1,1,1,150],"mType":"LST_FACTOR"}],"mImageUrl":"http:\/\/img3.wikia.nocookie.net\/__cb20121009043527\/pad\/zh\/images\/8\/8c\/393i.png","mAwokenList":["RECOVER_BIND","AUTO_RECOVER","RESISTANCE_BIND","RESISTANCE_BIND","GOD_KILLER","MACHINE_KILLER"],"mCost":30,"mHp":1110,"mHpMax":2574,"mAtkMax":1161,"mAtk":675,"mLv":99,"hpScale":1.5,"atkScale":1.5,"mNo":393,"mRare":7,"mRcvMax":741,"mRecovery":285,"rcvScale":1.5,"slv1":"20","slvmax":"10"}