{"mMonsterTypes":{"first":"GOD","second":"HEALER"},"mMonsterProps":{"first":3,"second":3},"mActiveSkill":[{"mData":[1,250,6],"mType":"ST_TYPE_UP"},{"mData":[10],"mType":"ST_CHANGE_THE_WORLD"}],"mLeaderSkill":[{"mData":[1,-1,1,1,150],"mType":"LST_FACTOR"}],"mImageUrl":"http:\/\/img2.wikia.nocookie.net\/__cb20121106080046\/pad\/zh\/images\/8\/8e\/394i.png","mAwokenList":["TWO_PRONGED_ATTACK","AUTO_RECOVER","SKILL_BOOST","ENHANCE_LIGHT_ATT","DEVIL_KILLER","RESISTANCE_SKILL_LOCK"],"mCost":30,"mHp":1050,"mHpMax":2475,"mAtkMax":1286,"mAtk":692,"mLv":99,"hpScale":1.5,"atkScale":1.5,"mNo":394,"mRare":7,"mRcvMax":685,"mRecovery":308,"rcvScale":1.5,"slv1":"20","slvmax":"13"}