{"mMonsterTypes":{"first":"GOD","second":"DEVIL"},"mMonsterProps":{"first":3,"second":0},"mActiveSkill":[{"mData":[1,250,6],"mType":"ST_TYPE_UP"},{"mData":[10],"mType":"ST_CHANGE_THE_WORLD"}],"mLeaderSkill":[{"mData":[1,-1,1,1,150],"mType":"LST_FACTOR"}],"mImageUrl":"http:\/\/img2.wikia.nocookie.net\/__cb20121009043520\/pad\/zh\/images\/9\/98\/395i.png","mAwokenList":["TWO_PRONGED_ATTACK","AUTO_RECOVER","SKILL_BOOST","ENHANCE_LIGHT_ATT","GOD_KILLER","RESISTANCE_SKILL_LOCK"],"mCost":30,"mHp":1050,"mHpMax":2475,"mAtkMax":1186,"mAtk":692,"mLv":99,"hpScale":1.5,"atkScale":1.5,"mNo":395,"mRare":7,"mRcvMax":685,"mRecovery":308,"rcvScale":1.5,"slv1":"20","slvmax":"13"}