{"mMonsterTypes":{"first":"GOD","second":"DEVIL"},"mMonsterProps":{"first":0,"second":3},"mActiveSkill":[{"mData":[30],"mType":"ST_GRAVITY"}],"mLeaderSkill":[{"mData":[1,-1,1,1,150],"mType":"LST_FACTOR"}],"mImageUrl":"http:\/\/img2.wikia.nocookie.net\/__cb20121009043515\/pad\/zh\/images\/2\/2a\/396i.png","mAwokenList":["ENHANCE_DARK","RESISTANCE_DARK","SKILL_BOOST","ENHANCE_DARK_ATT","DEVIL_KILLER","RESISTANCE_SKILL_LOCK"],"mCost":30,"mHp":1140,"mHpMax":2871,"mAtkMax":1510,"mAtk":777,"mLv":99,"hpScale":1.5,"atkScale":1.5,"mNo":396,"mRare":7,"mRcvMax":456,"mRecovery":158,"rcvScale":1.5,"slv1":"30","slvmax":"13"}