{"mMonsterTypes":{"first":"GOD","second":"DEVIL"},"mMonsterProps":{"first":0,"second":0},"mActiveSkill":[{"mData":[30],"mType":"ST_GRAVITY"}],"mLeaderSkill":[{"mData":[1,-1,1,1,150],"mType":"LST_FACTOR"}],"mImageUrl":"http:\/\/img2.wikia.nocookie.net\/__cb20121106080041\/pad\/zh\/images\/d\/d5\/397i.png","mAwokenList":["ENHANCE_DARK","RESISTANCE_DARK","SKILL_BOOST","ENHANCE_DARK_ATT","GOD_KILLER","RESISTANCE_SKILL_LOCK"],"mCost":30,"mHp":1140,"mHpMax":2871,"mAtkMax":1610,"mAtk":777,"mLv":99,"hpScale":1.5,"atkScale":1.5,"mNo":397,"mRare":7,"mRcvMax":456,"mRecovery":158,"rcvScale":1.5,"slv1":"30","slvmax":"13"}