{"mMonsterTypes":{"first":"ATTACKER","second":"NONE"},"mMonsterProps":{"first":1,"second":-1},"mActiveSkill":[{"mData":[1],"mType":"ST_ADD_PLUS"}],"mLeaderSkill":[{"mData":[],"mType":"LST_NOT_SUPPORT"}],"mImageUrl":"http:\/\/img1.wikia.nocookie.net\/__cb20121106080036\/pad\/zh\/images\/8\/88\/398i.png","mAwokenList":[],"mCost":7,"mHp":98,"mHpMax":294,"mAtkMax":534,"mAtk":178,"mLv":35,"hpScale":0.7,"atkScale":0.7,"mNo":398,"mRare":4,"mRcvMax":374,"mRecovery":178,"rcvScale":0.7,"slv1":"15","slvmax":"3"}