{"mMonsterTypes":{"first":"ATTACKER","second":"NONE"},"mMonsterProps":{"first":1,"second":-1},"mActiveSkill":[{"mData":[1],"mType":"ST_ADD_PLUS"}],"mLeaderSkill":[{"mData":[],"mType":"LST_NOT_SUPPORT"}],"mImageUrl":"http:\/\/img3.wikia.nocookie.net\/__cb20121106080032\/pad\/zh\/images\/4\/4b\/399i.png","mAwokenList":["AUTO_RECOVER","SKILL_BOOST","ENHANCE_FIRE_ATT"],"mCost":18,"mHp":235,"mHpMax":588,"mAtkMax":1443,"mAtk":481,"mLv":99,"hpScale":0.7,"atkScale":0.7,"mNo":399,"mRare":5,"mRcvMax":506,"mRecovery":337,"rcvScale":0.7,"slv1":"15","slvmax":"3"}