{"mMonsterTypes":{"first":"ATTACKER","second":"NONE"},"mMonsterProps":{"first":4,"second":-1},"mActiveSkill":[{"mData":[4],"mType":"ST_ADD_PLUS"}],"mLeaderSkill":[{"mData":[],"mType":"LST_NOT_SUPPORT"}],"mImageUrl":"http:\/\/img2.wikia.nocookie.net\/__cb20121009043920\/pad\/zh\/images\/7\/72\/400i.png","mAwokenList":[],"mCost":7,"mHp":216,"mHpMax":864,"mAtkMax":603,"mAtk":201,"mLv":35,"hpScale":0.7,"atkScale":0.7,"mNo":400,"mRare":4,"mRcvMax":0,"mRecovery":0,"rcvScale":0.7,"slv1":"15","slvmax":"3"}