{"mMonsterTypes":{"first":"ATTACKER","second":"DEVIL"},"mMonsterProps":{"first":4,"second":-1},"mActiveSkill":[{"mData":[4],"mType":"ST_ADD_PLUS"}],"mLeaderSkill":[{"mData":[],"mType":"LST_NOT_SUPPORT"}],"mImageUrl":"http:\/\/img4.wikia.nocookie.net\/__cb20121009043917\/pad\/zh\/images\/7\/7a\/401i.png","mAwokenList":["RESISTANCE_DARK","SKILL_BOOST","ENHANCE_WATER_ATT"],"mCost":18,"mHp":691,"mHpMax":2211,"mAtkMax":1629,"mAtk":543,"mLv":99,"hpScale":0.7,"atkScale":0.7,"mNo":401,"mRare":5,"mRcvMax":-100,"mRecovery":0,"rcvScale":0.7,"slv1":"15","slvmax":"3"}