{"mMonsterTypes":{"first":"ATTACKER","second":"NONE"},"mMonsterProps":{"first":5,"second":-1},"mActiveSkill":[{"mData":[5],"mType":"ST_ADD_PLUS"}],"mLeaderSkill":[{"mData":[],"mType":"LST_NOT_SUPPORT"}],"mImageUrl":"http:\/\/img2.wikia.nocookie.net\/__cb20121009043913\/pad\/zh\/images\/8\/8a\/402i.png","mAwokenList":[],"mCost":7,"mHp":81,"mHpMax":243,"mAtkMax":570,"mAtk":190,"mLv":35,"hpScale":0.7,"atkScale":0.7,"mNo":402,"mRare":4,"mRcvMax":344,"mRecovery":164,"rcvScale":0.7,"slv1":"15","slvmax":"3"}