{"mMonsterTypes":{"first":"ATTACKER","second":"NONE"},"mMonsterProps":{"first":5,"second":-1},"mActiveSkill":[{"mData":[5],"mType":"ST_ADD_PLUS"}],"mLeaderSkill":[{"mData":[],"mType":"LST_NOT_SUPPORT"}],"mImageUrl":"http:\/\/img4.wikia.nocookie.net\/__cb20121009043909\/pad\/zh\/images\/2\/2d\/403i.png","mAwokenList":["RESISTANCE_BIND","SKILL_BOOST","ENHANCE_WOOD_ATT"],"mCost":18,"mHp":194,"mHpMax":635,"mAtkMax":1539,"mAtk":513,"mLv":99,"hpScale":0.7,"atkScale":0.7,"mNo":403,"mRare":5,"mRcvMax":465,"mRecovery":310,"rcvScale":0.7,"slv1":"15","slvmax":"3"}