{"mMonsterTypes":{"first":"ATTACKER","second":"NONE"},"mMonsterProps":{"first":3,"second":-1},"mActiveSkill":[{"mData":[3],"mType":"ST_ADD_PLUS"}],"mLeaderSkill":[{"mData":[],"mType":"LST_NOT_SUPPORT"}],"mImageUrl":"http:\/\/img1.wikia.nocookie.net\/__cb20121009043907\/pad\/zh\/images\/e\/e9\/404i.png","mAwokenList":[],"mCost":7,"mHp":99,"mHpMax":297,"mAtkMax":525,"mAtk":175,"mLv":35,"hpScale":0.7,"atkScale":0.7,"mNo":404,"mRare":4,"mRcvMax":370,"mRecovery":176,"rcvScale":0.7,"slv1":"15","slvmax":"3"}