{"mMonsterTypes":{"first":"ATTACKER","second":"NONE"},"mMonsterProps":{"first":3,"second":-1},"mActiveSkill":[{"mData":[3],"mType":"ST_ADD_PLUS"}],"mLeaderSkill":[{"mData":[],"mType":"LST_NOT_SUPPORT"}],"mImageUrl":"http:\/\/img4.wikia.nocookie.net\/__cb20121009043903\/pad\/zh\/images\/4\/40\/405i.png","mAwokenList":["RESISTANCE_JAMMER","SKILL_BOOST","ENHANCE_LIGHT_ATT"],"mCost":18,"mHp":238,"mHpMax":595,"mAtkMax":1419,"mAtk":473,"mLv":99,"hpScale":0.7,"atkScale":0.7,"mNo":405,"mRare":5,"mRcvMax":500,"mRecovery":333,"rcvScale":0.7,"slv1":"15","slvmax":"3"}