{"mMonsterTypes":{"first":"ATTACKER","second":"NONE"},"mMonsterProps":{"first":0,"second":-1},"mActiveSkill":[{"mData":[0],"mType":"ST_ADD_PLUS"}],"mLeaderSkill":[{"mData":[],"mType":"LST_NOT_SUPPORT"}],"mImageUrl":"http:\/\/img3.wikia.nocookie.net\/__cb20121106080029\/pad\/zh\/images\/b\/bf\/406i.png","mAwokenList":[],"mCost":7,"mHp":191,"mHpMax":764,"mAtkMax":615,"mAtk":205,"mLv":35,"hpScale":0.7,"atkScale":0.7,"mNo":406,"mRare":4,"mRcvMax":0,"mRecovery":0,"rcvScale":0.7,"slv1":"15","slvmax":"3"}