{"mMonsterTypes":{"first":"ATTACKER","second":"DEVIL"},"mMonsterProps":{"first":0,"second":-1},"mActiveSkill":[{"mData":[0],"mType":"ST_ADD_PLUS"}],"mLeaderSkill":[{"mData":[],"mType":"LST_NOT_SUPPORT"}],"mImageUrl":"http:\/\/img4.wikia.nocookie.net\/__cb20121106080025\/pad\/zh\/images\/6\/6c\/407i.png","mAwokenList":["RESISTANCE_POISON","SKILL_BOOST","ENHANCE_DARK_ATT"],"mCost":18,"mHp":611,"mHpMax":1955,"mAtkMax":1662,"mAtk":554,"mLv":99,"hpScale":0.7,"atkScale":0.7,"mNo":407,"mRare":5,"mRcvMax":-100,"mRecovery":0,"rcvScale":0.7,"slv1":"15","slvmax":"3"}