{"mMonsterTypes":{"first":"DRAGON","second":"NONE"},"mMonsterProps":{"first":1,"second":1},"mActiveSkill":[{"mData":[4,150,1],"mType":"ST_POWER_UP"}],"mLeaderSkill":[{"mData":[],"mType":"LST_NOT_SUPPORT"}],"mImageUrl":"http:\/\/img2.wikia.nocookie.net\/__cb20121106080021\/pad\/zh\/images\/1\/1f\/408i.png","mAwokenList":["ENHANCE_FIRE","SKILL_BOOST"],"mCost":35,"mHp":495,"mHpMax":3018,"mAtkMax":1508,"mAtk":330,"mLv":99,"hpScale":1.5,"atkScale":1.5,"mNo":408,"mRare":7,"mRcvMax":142,"mRecovery":52,"rcvScale":1.5,"slv1":"23","slvmax":"11"}