{"mMonsterTypes":{"first":"DRAGON","second":"NONE"},"mMonsterProps":{"first":4,"second":4},"mActiveSkill":[{"mData":[4,150,4],"mType":"ST_POWER_UP"}],"mLeaderSkill":[{"mData":[],"mType":"LST_NOT_SUPPORT"}],"mImageUrl":"http:\/\/img1.wikia.nocookie.net\/__cb20121106080015\/pad\/zh\/images\/a\/a6\/409i.png","mAwokenList":["ENHANCE_WATER","SKILL_BOOST"],"mCost":35,"mHp":510,"mHpMax":3165,"mAtkMax":1432,"mAtk":322,"mLv":99,"hpScale":1.5,"atkScale":1.5,"mNo":409,"mRare":7,"mRcvMax":153,"mRecovery":53,"rcvScale":1.5,"slv1":"23","slvmax":"11"}