{"mMonsterTypes":{"first":"DRAGON","second":"NONE"},"mMonsterProps":{"first":5,"second":5},"mActiveSkill":[{"mData":[4,150,5],"mType":"ST_POWER_UP"}],"mLeaderSkill":[{"mData":[],"mType":"LST_NOT_SUPPORT"}],"mImageUrl":"http:\/\/img3.wikia.nocookie.net\/__cb20121106080011\/pad\/zh\/images\/e\/e2\/410i.png","mAwokenList":["ENHANCE_WOOD","SKILL_BOOST"],"mCost":35,"mHp":518,"mHpMax":3197,"mAtkMax":1407,"mAtk":319,"mLv":99,"hpScale":1.5,"atkScale":1.5,"mNo":410,"mRare":7,"mRcvMax":175,"mRecovery":55,"rcvScale":1.5,"slv1":"23","slvmax":"11"}