{"mMonsterTypes":{"first":"DRAGON","second":"MACHINE"},"mMonsterProps":{"first":3,"second":3},"mActiveSkill":[{"mData":[4,150,3],"mType":"ST_POWER_UP"}],"mLeaderSkill":[{"mData":[],"mType":"LST_NOT_SUPPORT"}],"mImageUrl":"http:\/\/img4.wikia.nocookie.net\/__cb20121106080007\/pad\/zh\/images\/4\/47\/411i.png","mAwokenList":["ENHANCE_LIGHT","SKILL_BOOST"],"mCost":35,"mHp":503,"mHpMax":3050,"mAtkMax":1456,"mAtk":325,"mLv":99,"hpScale":1.5,"atkScale":1.5,"mNo":411,"mRare":7,"mRcvMax":164,"mRecovery":54,"rcvScale":1.5,"slv1":"23","slvmax":"12"}