{"mMonsterTypes":{"first":"DRAGON","second":"NONE"},"mMonsterProps":{"first":0,"second":0},"mActiveSkill":[{"mData":[4,150,0],"mType":"ST_POWER_UP"}],"mLeaderSkill":[{"mData":[],"mType":"LST_NOT_SUPPORT"}],"mImageUrl":"http:\/\/img2.wikia.nocookie.net\/__cb20121106080004\/pad\/zh\/images\/6\/6d\/412i.png","mAwokenList":["ENHANCE_DARK","SKILL_BOOST"],"mCost":35,"mHp":488,"mHpMax":3002,"mAtkMax":1422,"mAtk":333,"mLv":99,"hpScale":1.5,"atkScale":1.5,"mNo":412,"mRare":7,"mRcvMax":131,"mRecovery":51,"rcvScale":1.5,"slv1":"23","slvmax":"12"}