{"mMonsterTypes":{"first":"DRAGON","second":"NONE"},"mMonsterProps":{"first":4,"second":-1},"mActiveSkill":[{"mData":[4,150,1],"mType":"ST_POWER_UP"}],"mLeaderSkill":[{"mData":[],"mType":"LST_NOT_SUPPORT"}],"mImageUrl":"http:\/\/img3.wikia.nocookie.net\/__cb20130213131115\/pad\/zh\/images\/b\/b7\/413i.png","mAwokenList":["ENHANCE_WATER","SKILL_BOOST"],"mCost":25,"mHp":495,"mHpMax":3018,"mAtkMax":1408,"mAtk":330,"mLv":99,"hpScale":1.5,"atkScale":1.5,"mNo":413,"mRare":6,"mRcvMax":142,"mRecovery":52,"rcvScale":1.5,"slv1":"23","slvmax":"11"}