{"mMonsterTypes":{"first":"HEALER","second":"NONE"},"mMonsterProps":{"first":1,"second":-1},"mActiveSkill":[{"mData":[5,2,3,2,6,2,8,2],"mType":"ST_COLOR_CHANGE"},{"mData":[3,0,0],"mType":"ST_BIND_RECOVER"}],"mLeaderSkill":[{"mData":[],"mType":"LST_NOT_SUPPORT"}],"mImageUrl":"http:\/\/img2.wikia.nocookie.net\/__cb20121009043900\/pad\/zh\/images\/c\/c2\/414i.png","mAwokenList":[],"mCost":6,"mHp":92,"mHpMax":276,"mAtkMax":100,"mAtk":40,"mLv":15,"hpScale":0.7,"atkScale":0.7,"mNo":414,"mRare":4,"mRcvMax":166,"mRecovery":79,"rcvScale":0.7,"slv1":"12","slvmax":"7"}