{"mMonsterTypes":{"first":"HEALER","second":"NONE"},"mMonsterProps":{"first":1,"second":-1},"mActiveSkill":[{"mData":[5,2,3,2,6,2,8,2],"mType":"ST_COLOR_CHANGE"},{"mData":[3,0,0],"mType":"ST_BIND_RECOVER"}],"mLeaderSkill":[{"mData":[1,13,1,0,200],"mType":"LST_FACTOR"}],"mImageUrl":"http:\/\/img2.wikia.nocookie.net\/__cb20121106080627\/pad\/zh\/images\/9\/93\/415i.png","mAwokenList":[],"mCost":9,"mHp":221,"mHpMax":729,"mAtkMax":270,"mAtk":90,"mLv":50,"hpScale":0.7,"atkScale":0.7,"mNo":415,"mRare":5,"mRcvMax":313,"mRecovery":149,"rcvScale":0.7,"slv1":"12","slvmax":"7"}