{"mMonsterTypes":{"first":"HEALER","second":"NONE"},"mMonsterProps":{"first":1,"second":-1},"mActiveSkill":[{"mData":[5,2,3,2,6,2,8,2],"mType":"ST_COLOR_CHANGE"},{"mData":[3,0,0],"mType":"ST_BIND_RECOVER"}],"mLeaderSkill":[{"mData":[1,13,1,0,250],"mType":"LST_FACTOR"}],"mImageUrl":"http:\/\/img3.wikia.nocookie.net\/__cb20121106080624\/pad\/zh\/images\/f\/fc\/416i.png","mAwokenList":["ENHANCE_HEART","AUTO_RECOVER","RECOVER_BIND"],"mCost":15,"mHp":583,"mHpMax":2124,"mAtkMax":1029,"mAtk":243,"mLv":99,"hpScale":0.7,"atkScale":0.7,"mNo":416,"mRare":6,"mRcvMax":592,"mRecovery":282,"rcvScale":0.7,"slv1":"12","slvmax":"7"}