{"mMonsterTypes":{"first":"HEALER","second":"NONE"},"mMonsterProps":{"first":4,"second":-1},"mActiveSkill":[{"mData":[1,2,0,2,6,2,8,2],"mType":"ST_COLOR_CHANGE"},{"mData":[3,0,0],"mType":"ST_BIND_RECOVER"}],"mLeaderSkill":[{"mData":[],"mType":"LST_NOT_SUPPORT"}],"mImageUrl":"http:\/\/img1.wikia.nocookie.net\/__cb20121009043855\/pad\/zh\/images\/2\/21\/417i.png","mAwokenList":[],"mCost":6,"mHp":94,"mHpMax":282,"mAtkMax":98,"mAtk":39,"mLv":15,"hpScale":0.7,"atkScale":0.7,"mNo":417,"mRare":4,"mRcvMax":162,"mRecovery":77,"rcvScale":0.7,"slv1":"12","slvmax":"7"}