{"mMonsterTypes":{"first":"HEALER","second":"NONE"},"mMonsterProps":{"first":4,"second":-1},"mActiveSkill":[{"mData":[1,2,0,2,6,2,8,2],"mType":"ST_COLOR_CHANGE"},{"mData":[3,0,0],"mType":"ST_BIND_RECOVER"}],"mLeaderSkill":[{"mData":[1,13,1,0,200],"mType":"LST_FACTOR"}],"mImageUrl":"http:\/\/img2.wikia.nocookie.net\/__cb20121106080000\/pad\/zh\/images\/8\/8f\/418i.png","mAwokenList":[],"mCost":9,"mHp":226,"mHpMax":746,"mAtkMax":264,"mAtk":88,"mLv":50,"hpScale":0.7,"atkScale":0.7,"mNo":418,"mRare":5,"mRcvMax":307,"mRecovery":146,"rcvScale":0.7,"slv1":"12","slvmax":"7"}