{"mMonsterTypes":{"first":"HEALER","second":"NONE"},"mMonsterProps":{"first":4,"second":-1},"mActiveSkill":[{"mData":[1,2,0,2,6,2,8,2],"mType":"ST_COLOR_CHANGE"},{"mData":[3,0,0],"mType":"ST_BIND_RECOVER"}],"mLeaderSkill":[{"mData":[1,13,1,0,250],"mType":"LST_FACTOR"}],"mImageUrl":"http:\/\/img2.wikia.nocookie.net\/__cb20121106075955\/pad\/zh\/images\/2\/21\/419i.png","mAwokenList":["ENHANCE_HEART","AUTO_RECOVER","RECOVER_BIND"],"mCost":15,"mHp":597,"mHpMax":2170,"mAtkMax":1014,"mAtk":238,"mLv":99,"hpScale":0.7,"atkScale":0.7,"mNo":419,"mRare":6,"mRcvMax":580,"mRecovery":276,"rcvScale":0.7,"slv1":"12","slvmax":"7"}