{"mMonsterTypes":{"first":"HEALER","second":"NONE"},"mMonsterProps":{"first":5,"second":-1},"mActiveSkill":[{"mData":[4,2,3,2,6,2,8,2],"mType":"ST_COLOR_CHANGE"},{"mData":[3,0,0],"mType":"ST_BIND_RECOVER"}],"mLeaderSkill":[{"mData":[],"mType":"LST_NOT_SUPPORT"}],"mImageUrl":"http:\/\/img3.wikia.nocookie.net\/__cb20121009043851\/pad\/zh\/images\/3\/3a\/420i.png","mAwokenList":[],"mCost":6,"mHp":93,"mHpMax":279,"mAtkMax":93,"mAtk":37,"mLv":15,"hpScale":0.7,"atkScale":0.7,"mNo":420,"mRare":4,"mRcvMax":170,"mRecovery":81,"rcvScale":0.7,"slv1":"12","slvmax":"7"}