{"mMonsterTypes":{"first":"HEALER","second":"NONE"},"mMonsterProps":{"first":5,"second":-1},"mActiveSkill":[{"mData":[4,2,3,2,6,2,8,2],"mType":"ST_COLOR_CHANGE"},{"mData":[3,0,0],"mType":"ST_BIND_RECOVER"}],"mLeaderSkill":[{"mData":[1,13,1,0,200],"mType":"LST_FACTOR"}],"mImageUrl":"http:\/\/img3.wikia.nocookie.net\/__cb20121106075950\/pad\/zh\/images\/4\/4e\/421i.png","mAwokenList":[],"mCost":9,"mHp":223,"mHpMax":736,"mAtkMax":252,"mAtk":84,"mLv":50,"hpScale":0.7,"atkScale":0.7,"mNo":421,"mRare":5,"mRcvMax":321,"mRecovery":153,"rcvScale":0.7,"slv1":"12","slvmax":"7"}