{"mMonsterTypes":{"first":"HEALER","second":"NONE"},"mMonsterProps":{"first":5,"second":-1},"mActiveSkill":[{"mData":[4,2,3,2,6,2,8,2],"mType":"ST_COLOR_CHANGE"},{"mData":[3,0,0],"mType":"ST_BIND_RECOVER"}],"mLeaderSkill":[{"mData":[1,13,1,0,250],"mType":"LST_FACTOR"}],"mImageUrl":"http:\/\/img1.wikia.nocookie.net\/__cb20121106080620\/pad\/zh\/images\/7\/72\/422i.png","mAwokenList":["ENHANCE_HEART","AUTO_RECOVER","RECOVER_BIND"],"mCost":15,"mHp":589,"mHpMax":2144,"mAtkMax":981,"mAtk":227,"mLv":99,"hpScale":0.7,"atkScale":0.7,"mNo":422,"mRare":6,"mRcvMax":607,"mRecovery":289,"rcvScale":0.7,"slv1":"12","slvmax":"7"}