{"mMonsterTypes":{"first":"HEALER","second":"NONE"},"mMonsterProps":{"first":3,"second":-1},"mActiveSkill":[{"mData":[5,2,0,2,6,2,8,2],"mType":"ST_COLOR_CHANGE"},{"mData":[3,0,0],"mType":"ST_BIND_RECOVER"}],"mLeaderSkill":[{"mData":[],"mType":"LST_NOT_SUPPORT"}],"mImageUrl":"http:\/\/img1.wikia.nocookie.net\/__cb20121009043848\/pad\/zh\/images\/9\/95\/423i.png","mAwokenList":[],"mCost":6,"mHp":90,"mHpMax":270,"mAtkMax":108,"mAtk":43,"mLv":15,"hpScale":0.7,"atkScale":0.7,"mNo":423,"mRare":4,"mRcvMax":153,"mRecovery":73,"rcvScale":0.7,"slv1":"12","slvmax":"7"}