{"mMonsterTypes":{"first":"HEALER","second":"NONE"},"mMonsterProps":{"first":3,"second":-1},"mActiveSkill":[{"mData":[5,2,0,2,6,2,8,2],"mType":"ST_COLOR_CHANGE"},{"mData":[3,0,0],"mType":"ST_BIND_RECOVER"}],"mLeaderSkill":[{"mData":[1,13,1,0,200],"mType":"LST_FACTOR"}],"mImageUrl":"http:\/\/img3.wikia.nocookie.net\/__cb20121106075946\/pad\/zh\/images\/b\/b0\/424i.png","mAwokenList":[],"mCost":9,"mHp":216,"mHpMax":713,"mAtkMax":291,"mAtk":97,"mLv":50,"hpScale":0.7,"atkScale":0.7,"mNo":424,"mRare":5,"mRcvMax":290,"mRecovery":138,"rcvScale":0.7,"slv1":"12","slvmax":"7"}