{"mMonsterTypes":{"first":"HEALER","second":"NONE"},"mMonsterProps":{"first":0,"second":-1},"mActiveSkill":[{"mData":[1,2,3,2,6,2,8,2],"mType":"ST_COLOR_CHANGE"},{"mData":[3,0,0],"mType":"ST_BIND_RECOVER"}],"mLeaderSkill":[{"mData":[],"mType":"LST_NOT_SUPPORT"}],"mImageUrl":"http:\/\/img3.wikia.nocookie.net\/__cb20121009043844\/pad\/zh\/images\/6\/6a\/426i.png","mAwokenList":[],"mCost":6,"mHp":91,"mHpMax":273,"mAtkMax":103,"mAtk":41,"mLv":15,"hpScale":0.7,"atkScale":0.7,"mNo":426,"mRare":4,"mRcvMax":155,"mRecovery":74,"rcvScale":0.7,"slv1":"12","slvmax":"7"}