{"mMonsterTypes":{"first":"HEALER","second":"NONE"},"mMonsterProps":{"first":0,"second":-1},"mActiveSkill":[{"mData":[1,2,3,2,6,2,8,2],"mType":"ST_COLOR_CHANGE"},{"mData":[3,0,0],"mType":"ST_BIND_RECOVER"}],"mLeaderSkill":[{"mData":[1,13,1,0,200],"mType":"LST_FACTOR"}],"mImageUrl":"http:\/\/img3.wikia.nocookie.net\/__cb20121106075939\/pad\/zh\/images\/2\/2e\/427i.png","mAwokenList":[],"mCost":9,"mHp":218,"mHpMax":719,"mAtkMax":279,"mAtk":93,"mLv":50,"hpScale":0.7,"atkScale":0.7,"mNo":427,"mRare":5,"mRcvMax":294,"mRecovery":140,"rcvScale":0.7,"slv1":"12","slvmax":"7"}