{"mMonsterTypes":{"first":"HEALER","second":"NONE"},"mMonsterProps":{"first":0,"second":-1},"mActiveSkill":[{"mData":[1,2,3,2,6,2,8,2],"mType":"ST_COLOR_CHANGE"},{"mData":[3,0,0],"mType":"ST_BIND_RECOVER"}],"mLeaderSkill":[{"mData":[1,13,1,0,250],"mType":"LST_FACTOR"}],"mImageUrl":"http:\/\/img3.wikia.nocookie.net\/__cb20121106075935\/pad\/zh\/images\/9\/91\/428i.png","mAwokenList":["ENHANCE_HEART","AUTO_RECOVER","RECOVER_BIND"],"mCost":15,"mHp":575,"mHpMax":2098,"mAtkMax":1053,"mAtk":251,"mLv":99,"hpScale":0.7,"atkScale":0.7,"mNo":428,"mRare":6,"mRcvMax":557,"mRecovery":265,"rcvScale":0.7,"slv1":"12","slvmax":"7"}