{"mMonsterTypes":{"first":"ENHANCE_MATRIAL","second":"NONE"},"mMonsterProps":{"first":0,"second":-1},"mActiveSkill":[{"mData":[],"mType":"ST_NOT_SUPPORT"}],"mLeaderSkill":[{"mData":[],"mType":"LST_NOT_SUPPORT"}],"mImageUrl":"http:\/\/img2.wikia.nocookie.net\/__cb20121009043840\/pad\/zh\/images\/b\/ba\/429i.png","mAwokenList":[],"mCost":1,"mHp":400,"mHpMax":400,"mAtkMax":300,"mAtk":300,"mLv":1,"hpScale":1,"atkScale":1,"mNo":429,"mRare":5,"mRcvMax":300,"mRecovery":300,"rcvScale":1,"slv1":-1,"slvmax":-1}