{"mMonsterTypes":{"first":"EVO_MATRIAL","second":"NONE"},"mMonsterProps":{"first":5,"second":-1},"mActiveSkill":[{"mData":[5,50],"mType":"ST_REDUCE_SHIELD"}],"mLeaderSkill":[{"mData":[],"mType":"LST_NOT_SUPPORT"}],"mImageUrl":"http:\/\/img4.wikia.nocookie.net\/__cb20121009044056\/pad\/zh\/images\/9\/97\/432i.png","mAwokenList":[],"mCost":10,"mHp":400,"mHpMax":400,"mAtkMax":800,"mAtk":800,"mLv":1,"hpScale":1,"atkScale":1,"mNo":432,"mRare":4,"mRcvMax":800,"mRecovery":800,"rcvScale":1,"slv1":"20","slvmax":"20"}