{"mMonsterTypes":{"first":"EVO_MATRIAL","second":"NONE"},"mMonsterProps":{"first":4,"second":-1},"mActiveSkill":[{"mData":[2,130,4],"mType":"ST_POWER_UP"}],"mLeaderSkill":[{"mData":[],"mType":"LST_NOT_SUPPORT"}],"mImageUrl":"http:\/\/img3.wikia.nocookie.net\/__cb20121009044048\/pad\/zh\/images\/e\/e6\/434i.png","mAwokenList":[],"mCost":10,"mHp":1600,"mHpMax":1600,"mAtkMax":200,"mAtk":200,"mLv":1,"hpScale":1,"atkScale":1,"mNo":434,"mRare":3,"mRcvMax":200,"mRecovery":200,"rcvScale":1,"slv1":"30","slvmax":"30"}