{"mMonsterTypes":{"first":"EVO_MATRIAL","second":"NONE"},"mMonsterProps":{"first":5,"second":-1},"mActiveSkill":[{"mData":[2,130,5],"mType":"ST_POWER_UP"}],"mLeaderSkill":[{"mData":[],"mType":"LST_NOT_SUPPORT"}],"mImageUrl":"http:\/\/img2.wikia.nocookie.net\/__cb20121009044040\/pad\/zh\/images\/c\/cc\/436i.png","mAwokenList":[],"mCost":10,"mHp":800,"mHpMax":800,"mAtkMax":600,"mAtk":600,"mLv":1,"hpScale":1,"atkScale":1,"mNo":436,"mRare":3,"mRcvMax":600,"mRecovery":600,"rcvScale":1,"slv1":"30","slvmax":"30"}