{"mMonsterTypes":{"first":"ATTACKER","second":"NONE"},"mMonsterProps":{"first":1,"second":-1},"mActiveSkill":[{"mData":[2,130,1],"mType":"ST_POWER_UP"}],"mLeaderSkill":[{"mData":[],"mType":"LST_NOT_SUPPORT"}],"mImageUrl":"http:\/\/img2.wikia.nocookie.net\/__cb20121009044037\/pad\/zh\/images\/0\/04\/437i.png","mAwokenList":[],"mCost":5,"mHp":30,"mHpMax":300,"mAtkMax":500,"mAtk":50,"mLv":15,"hpScale":1,"atkScale":1,"mNo":437,"mRare":3,"mRcvMax":200,"mRecovery":20,"rcvScale":1,"slv1":"30","slvmax":"8"}