{"mMonsterTypes":{"first":"ATTACKER","second":"NONE"},"mMonsterProps":{"first":1,"second":-1},"mActiveSkill":[{"mData":[1,50],"mType":"ST_REDUCE_DEF"}],"mLeaderSkill":[{"mData":[],"mType":"LST_NOT_SUPPORT"}],"mImageUrl":"http:\/\/img2.wikia.nocookie.net\/__cb20121009044033\/pad\/zh\/images\/b\/b4\/438i.png","mAwokenList":[],"mCost":10,"mHp":240,"mHpMax":600,"mAtkMax":1000,"mAtk":450,"mLv":30,"hpScale":1,"atkScale":1,"mNo":438,"mRare":4,"mRcvMax":400,"mRecovery":180,"rcvScale":1,"slv1":"10","slvmax":"31"}