{"mMonsterTypes":{"first":"GOD","second":"NONE"},"mMonsterProps":{"first":5,"second":-1},"mActiveSkill":[{"mData":[0,500],"mType":"ST_RECOVER_HP"}],"mLeaderSkill":[{"mData":[2,30,1,-1,1,1,200],"mType":"LST_HP_FACTOR"}],"mImageUrl":"http://img4.wikia.nocookie.net/__cb20121009044030/pad/zh/images/9/9a/439i.png","mAwokenList":[],"mCost":15,"mHp":480,"mHpMax":1488,"mAtkMax":1080,"mAtk":900,"mLv":50,"hpScale":1,"atkScale":1,"mNo":439,"mRare":5,"mRcvMax":432,"mRecovery":360,"rcvScale":1,"slv1":6,"slvmax":1}