{"mMonsterTypes":{"first":"GOD","second":"NONE"},"mMonsterProps":{"first":5,"second":5},"mActiveSkill":[{"mData":[0,500],"mType":"ST_RECOVER_HP"}],"mLeaderSkill":[{"mData":[2,30,1,-1,1,1,200],"mType":"LST_HP_FACTOR"}],"mImageUrl":"http://img1.wikia.nocookie.net/__cb20121009044025/pad/zh/images/2/29/440i.png","mAwokenList":["ENHANCE_WOOD_ATT","AUTO_RECOVER","AUTO_RECOVER"],"mCost":20,"mHp":1190,"mHpMax":3689,"mAtkMax":1166,"mAtk":972,"mLv":99,"hpScale":1,"atkScale":1,"mNo":440,"mRare":6,"mRcvMax":467,"mRecovery":389,"rcvScale":1,"slv1":6,"slvmax":1}