{"mMonsterTypes":{"first":"DRAGON","second":"NONE"},"mMonsterProps":{"first":1,"second":-1},"mActiveSkill":[{"mData":[],"mType":"ST_NOT_SUPPORT"}],"mLeaderSkill":[{"mData":[1,3,200],"mType":"LST_COMBO_FACTOR"}],"mImageUrl":"http:\/\/img4.wikia.nocookie.net\/__cb20121106075930\/pad\/zh\/images\/6\/67\/441i.png","mAwokenList":["ENHANCE_FIRE","SKILL_BOOST"],"mCost":25,"mHp":1406,"mHpMax":3796,"mAtkMax":1170,"mAtk":557,"mLv":99,"hpScale":1.5,"atkScale":1.5,"mNo":441,"mRare":6,"mRcvMax":418,"mRecovery":119,"rcvScale":1.5,"slv1":-1,"slvmax":-1}