{"mMonsterTypes":{"first":"DRAGON","second":"NONE"},"mMonsterProps":{"first":4,"second":-1},"mActiveSkill":[{"mData":[],"mType":"ST_NOT_SUPPORT"}],"mLeaderSkill":[{"mData":[1,3,200],"mType":"LST_COMBO_FACTOR"}],"mImageUrl":"http:\/\/img2.wikia.nocookie.net\/__cb20121106075927\/pad\/zh\/images\/1\/19\/442i.png","mAwokenList":["ENHANCE_WATER","SKILL_BOOST"],"mCost":25,"mHp":1421,"mHpMax":3837,"mAtkMax":1151,"mAtk":548,"mLv":99,"hpScale":1.5,"atkScale":1.5,"mNo":442,"mRare":6,"mRcvMax":425,"mRecovery":121,"rcvScale":1.5,"slv1":-1,"slvmax":-1}