{"mMonsterTypes":{"first":"DRAGON","second":"NONE"},"mMonsterProps":{"first":5,"second":-1},"mActiveSkill":[{"mData":[],"mType":"ST_NOT_SUPPORT"}],"mLeaderSkill":[{"mData":[1,3,200],"mType":"LST_COMBO_FACTOR"}],"mImageUrl":"http:\/\/img4.wikia.nocookie.net\/__cb20121106080346\/pad\/zh\/images\/8\/86\/443i.png","mAwokenList":["ENHANCE_WOOD","SKILL_BOOST"],"mCost":25,"mHp":1439,"mHpMax":3885,"mAtkMax":1132,"mAtk":539,"mLv":99,"hpScale":1.5,"atkScale":1.5,"mNo":443,"mRare":6,"mRcvMax":432,"mRecovery":123,"rcvScale":1.5,"slv1":-1,"slvmax":-1}