{"mMonsterTypes":{"first":"DRAGON","second":"NONE"},"mMonsterProps":{"first":3,"second":-1},"mActiveSkill":[{"mData":[],"mType":"ST_NOT_SUPPORT"}],"mLeaderSkill":[{"mData":[1,3,200],"mType":"LST_COMBO_FACTOR"}],"mImageUrl":"http:\/\/img2.wikia.nocookie.net\/__cb20121106080328\/pad\/zh\/images\/3\/3a\/444i.png","mAwokenList":["ENHANCE_LIGHT","SKILL_BOOST"],"mCost":25,"mHp":1414,"mHpMax":3818,"mAtkMax":1113,"mAtk":530,"mLv":99,"hpScale":1.5,"atkScale":1.5,"mNo":444,"mRare":6,"mRcvMax":439,"mRecovery":125,"rcvScale":1.5,"slv1":-1,"slvmax":-1}