{"mMonsterTypes":{"first":"DRAGON","second":"NONE"},"mMonsterProps":{"first":0,"second":-1},"mActiveSkill":[{"mData":[],"mType":"ST_NOT_SUPPORT"}],"mLeaderSkill":[{"mData":[1,3,200],"mType":"LST_COMBO_FACTOR"}],"mImageUrl":"http:\/\/img2.wikia.nocookie.net\/__cb20121106080324\/pad\/zh\/images\/9\/96\/445i.png","mAwokenList":["ENHANCE_DARK","SKILL_BOOST"],"mCost":25,"mHp":1429,"mHpMax":3858,"mAtkMax":1189,"mAtk":566,"mLv":99,"hpScale":1.5,"atkScale":1.5,"mNo":445,"mRare":6,"mRcvMax":411,"mRecovery":117,"rcvScale":1.5,"slv1":-1,"slvmax":-1}