{"mMonsterTypes":{"first":"NONE","second":"NONE"},"mMonsterProps":{"first":3,"second":-1},"mActiveSkill":[{"mData":[0,40,3],"mType":"ST_ATTACK"}],"mLeaderSkill":[{"mData":[],"mType":"LST_NOT_SUPPORT"}],"mImageUrl":"http:\/\/img1.wikia.nocookie.net\/__cb20121106080319\/pad\/zh\/images\/3\/34\/446i.png","mAwokenList":["TWO_PRONGED_ATTACK","ENHANCE_LIGHT"],"mCost":7,"mHp":99,"mHpMax":2148,"mAtkMax":992,"mAtk":47,"mLv":99,"hpScale":1,"atkScale":1,"mNo":446,"mRare":3,"mRcvMax":423,"mRecovery":83,"rcvScale":1,"slv1":"15","slvmax":"15"}