{"mMonsterTypes":{"first":"PHYSICAL","second":"NONE"},"mMonsterProps":{"first":4,"second":-1},"mActiveSkill":[{"mData":[1,200,4],"mType":"ST_TYPE_UP"}],"mLeaderSkill":[{"mData":[70],"mType":"LST_DO_KONJO"}],"mImageUrl":"http://img2.wikia.nocookie.net/__cb20121106080311/pad/zh/images/8/8e/448i.png","mAwokenList":["ENHANCE_WATER_ATT","ENHANCE_WATER_ATT","SKILL_BOOST"],"mCost":15,"mHp":1264,"mHpMax":3160,"mAtkMax":1205,"mAtk":482,"mLv":99,"hpScale":1,"atkScale":1,"mNo":448,"mRare":5,"mRcvMax":141,"mRecovery":67,"rcvScale":1,"slv1":13,"slvmax":8}