{"mMonsterTypes":{"first":"PHYSICAL","second":"NONE"},"mMonsterProps":{"first":1,"second":-1},"mActiveSkill":[{"mData":[1,1,10,150],"mType":"ST_HP_ATTACK"}],"mLeaderSkill":[{"mData":[],"mType":"LST_NOT_SUPPORT"}],"mImageUrl":"http:\/\/img1.wikia.nocookie.net\/__cb20121106080309\/pad\/zh\/images\/8\/8b\/449i.png","mAwokenList":[],"mCost":10,"mHp":393,"mHpMax":1769,"mAtkMax":581,"mAtk":129,"mLv":50,"hpScale":1,"atkScale":1,"mNo":449,"mRare":4,"mRcvMax":2,"mRecovery":1,"rcvScale":1,"slv1":-1,"slvmax":-1}