{"mMonsterTypes":{"first":"PHYSICAL","second":"NONE"},"mMonsterProps":{"first":1,"second":-1},"mActiveSkill":[{"mData":[1,1,10,150],"mType":"ST_HP_ATTACK"},{"mData":[1,3],"mType":"ST_RANDOM_CHANGE"}],"mLeaderSkill":[{"mData":[2,30,1,-1,1,1,300],"mType":"LST_HP_FACTOR"}],"mImageUrl":"http:\/\/img1.wikia.nocookie.net\/__cb20121106080305\/pad\/zh\/images\/5\/52\/450i.png","mAwokenList":["ENHANCE_FIRE_ATT","SKILL_BOOST","SKILL_BOOST"],"mCost":15,"mHp":1415,"mHpMax":3538,"mAtkMax":1308,"mAtk":523,"mLv":99,"hpScale":1,"atkScale":1,"mNo":450,"mRare":5,"mRcvMax":4,"mRecovery":2,"rcvScale":1,"slv1":15,"slvmax":7}