{"mMonsterTypes":{"first":"BALANCED","second":"NONE"},"mMonsterProps":{"first":5,"second":-1},"mActiveSkill":[{"mData":[1,150,5],"mType":"ST_POWER_UP"}],"mLeaderSkill":[{"mData":[1,5,2,1,150,2,150],"mType":"LST_FACTOR"}],"mImageUrl":"http://img1.wikia.nocookie.net/__cb20121106080254/pad/zh/images/f/f0/452i.png","mAwokenList":["ENHANCE_WOOD","ENHANCE_HP","ENHANCE_WOOD_ATT"],"mCost":15,"mHp":875,"mHpMax":2188,"mAtkMax":1128,"mAtk":491,"mLv":99,"hpScale":1,"atkScale":1,"mNo":452,"mRare":5,"mRcvMax":486,"mRecovery":184,"rcvScale":1,"slv1":12,"slvmax":6}