{"mMonsterTypes":{"first":"BALANCED","second":"NONE"},"mMonsterProps":{"first":3,"second":-1},"mActiveSkill":[{"mData":[1,100],"mType":"ST_REDUCE_DEF"}],"mLeaderSkill":[{"mData":[],"mType":"LST_NOT_SUPPORT"}],"mImageUrl":"http:\/\/img2.wikia.nocookie.net\/__cb20121106080250\/pad\/zh\/images\/d\/db\/453i.png","mAwokenList":[],"mCost":10,"mHp":262,"mHpMax":1179,"mAtkMax":572,"mAtk":127,"mLv":50,"hpScale":1,"atkScale":1,"mNo":453,"mRare":4,"mRcvMax":179,"mRecovery":85,"rcvScale":1,"slv1":"20","slvmax":"15"}