{"mMonsterTypes":{"first":"BALANCED","second":"NONE"},"mMonsterProps":{"first":3,"second":-1},"mActiveSkill":[{"mData":[1,100],"mType":"ST_REDUCE_DEF"}],"mLeaderSkill":[{"mData":[],"mType":"LST_NOT_SUPPORT"}],"mImageUrl":"http:\/\/img1.wikia.nocookie.net\/__cb20121106080246\/pad\/zh\/images\/6\/6e\/454i.png","mAwokenList":["ENHANCE_LIGHT","RESISTANCE_DARK","RESISTANCE_BIND"],"mCost":15,"mHp":943,"mHpMax":2358,"mAtkMax":1288,"mAtk":515,"mLv":99,"hpScale":1,"atkScale":1,"mNo":454,"mRare":5,"mRcvMax":338,"mRecovery":161,"rcvScale":1,"slv1":"20","slvmax":"15"}