{"mMonsterTypes":{"first":"ATTACKER","second":"NONE"},"mMonsterProps":{"first":0,"second":-1},"mActiveSkill":[{"mData":[1],"mType":"ST_DELAY"}],"mLeaderSkill":[{"mData":[2,0,4,1,1,200],"mType":"LST_FACTOR"}],"mImageUrl":"http://img4.wikia.nocookie.net/__cb20121106080238/pad/zh/images/b/ba/456i.png","mAwokenList":["ENHANCE_DARK_ATT","SKILL_BOOST","ENHANCE_WATER_ATT"],"mCost":15,"mHp":609,"mHpMax":1523,"mAtkMax":1510,"mAtk":604,"mLv":99,"hpScale":1,"atkScale":1,"mNo":456,"mRare":5,"mRcvMax":298,"mRecovery":142,"rcvScale":1,"slv1":13,"slvmax":8}