{"mMonsterTypes":{"first":"HEALER","second":"NONE"},"mMonsterProps":{"first":3,"second":-1},"mActiveSkill":[{"mData":[2],"mType":"ST_DELAY"}],"mLeaderSkill":[{"mData":[],"mType":"LST_NOT_SUPPORT"}],"mImageUrl":"http:\/\/img2.wikia.nocookie.net\/__cb20121106080231\/pad\/zh\/images\/e\/ef\/458i.png","mAwokenList":["REDUCE_LIGHT","REDUCE_LIGHT","EXTEND_TIME"],"mCost":19,"mHp":933,"mHpMax":2333,"mAtkMax":1215,"mAtk":486,"mLv":99,"hpScale":1,"atkScale":1,"mNo":458,"mRare":6,"mRcvMax":668,"mRecovery":318,"rcvScale":1,"slv1":"14","slvmax":"9"}