{"mMonsterTypes":{"first":"BALANCED","second":"NONE"},"mMonsterProps":{"first":5,"second":-1},"mActiveSkill":[{"mData":[3,75],"mType":"ST_REDUCE_SHIELD"}],"mLeaderSkill":[{"mData":[],"mType":"LST_NOT_SUPPORT"}],"mImageUrl":"http:\/\/img3.wikia.nocookie.net\/__cb20121106080227\/pad\/zh\/images\/f\/fc\/459i.png","mAwokenList":[],"mCost":13,"mHp":280,"mHpMax":1260,"mAtkMax":630,"mAtk":140,"mLv":50,"hpScale":1,"atkScale":1,"mNo":459,"mRare":5,"mRcvMax":256,"mRecovery":122,"rcvScale":1,"slv1":"20","slvmax":"15"}