{"mMonsterTypes":{"first":"BALANCED","second":"NONE"},"mMonsterProps":{"first":5,"second":-1},"mActiveSkill":[{"mData":[3,75],"mType":"ST_REDUCE_SHIELD"}],"mLeaderSkill":[{"mData":[],"mType":"LST_NOT_SUPPORT"}],"mImageUrl":"http:\/\/img2.wikia.nocookie.net\/__cb20121106080224\/pad\/zh\/images\/5\/57\/460i.png","mAwokenList":["TWO_PRONGED_ATTACK","ENHANCE_WOOD","RESISTANCE_BIND"],"mCost":19,"mHp":1008,"mHpMax":2520,"mAtkMax":1418,"mAtk":567,"mLv":99,"hpScale":1,"atkScale":1,"mNo":460,"mRare":6,"mRcvMax":483,"mRecovery":230,"rcvScale":1,"slv1":"20","slvmax":"15"}