{"mMonsterTypes":{"first":"ATTACKER","second":"NONE"},"mMonsterProps":{"first":1,"second":-1},"mActiveSkill":[{"mData":[5,50],"mType":"ST_REDUCE_DEF"}],"mLeaderSkill":[{"mData":[],"mType":"LST_NOT_SUPPORT"}],"mImageUrl":"http:\/\/img3.wikia.nocookie.net\/__cb20121106080539\/pad\/zh\/images\/5\/56\/461i.png","mAwokenList":[],"mCost":7,"mHp":246,"mHpMax":1107,"mAtkMax":639,"mAtk":142,"mLv":35,"hpScale":1,"atkScale":1,"mNo":461,"mRare":3,"mRcvMax":0,"mRecovery":0,"rcvScale":1,"slv1":"15","slvmax":"8"}