{"mMonsterTypes":{"first":"ATTACKER","second":"DEVIL"},"mMonsterProps":{"first":1,"second":-1},"mActiveSkill":[{"mData":[5,50],"mType":"ST_REDUCE_DEF"}],"mLeaderSkill":[{"mData":[],"mType":"LST_NOT_SUPPORT"}],"mImageUrl":"http:\/\/img2.wikia.nocookie.net\/__cb20121106080535\/pad\/zh\/images\/1\/1c\/462i.png","mAwokenList":["ENHANCE_ATK","ENHANCE_FIRE_ATT"],"mCost":12,"mHp":886,"mHpMax":2215,"mAtkMax":1438,"mAtk":575,"mLv":70,"hpScale":1,"atkScale":1,"mNo":462,"mRare":4,"mRcvMax":0,"mRecovery":0,"rcvScale":1,"slv1":"15","slvmax":"8"}