{"mMonsterTypes":{"first":"BALANCED","second":"NONE"},"mMonsterProps":{"first":4,"second":-1},"mActiveSkill":[{"mData":[15],"mType":"ST_GRAVITY"}],"mLeaderSkill":[{"mData":[],"mType":"LST_NOT_SUPPORT"}],"mImageUrl":"http:\/\/img3.wikia.nocookie.net\/__cb20121106080522\/pad\/zh\/images\/e\/ee\/465i.png","mAwokenList":[],"mCost":7,"mHp":173,"mHpMax":779,"mAtkMax":482,"mAtk":107,"mLv":35,"hpScale":1,"atkScale":1,"mNo":465,"mRare":3,"mRcvMax":82,"mRecovery":39,"rcvScale":1,"slv1":"25","slvmax":"15"}