{"mMonsterTypes":{"first":"BALANCED","second":"NONE"},"mMonsterProps":{"first":4,"second":-1},"mActiveSkill":[{"mData":[15],"mType":"ST_GRAVITY"}],"mLeaderSkill":[{"mData":[],"mType":"LST_NOT_SUPPORT"}],"mImageUrl":"http:\/\/img1.wikia.nocookie.net\/__cb20121106080517\/pad\/zh\/images\/e\/e9\/466i.png","mAwokenList":["ENHANCE_ATK","ENHANCE_WATER_ATT"],"mCost":12,"mHp":623,"mHpMax":1558,"mAtkMax":1085,"mAtk":434,"mLv":70,"hpScale":1,"atkScale":1,"mNo":466,"mRare":4,"mRcvMax":155,"mRecovery":74,"rcvScale":1,"slv1":"25","slvmax":"15"}