{"mMonsterTypes":{"first":"DRAGON","second":"NONE"},"mMonsterProps":{"first":0,"second":-1},"mActiveSkill":[{"mData":[1,9999],"mType":"ST_DIRECT_ATTACK"}],"mLeaderSkill":[{"mData":[1,8,1,1,250],"mType":"LST_FACTOR"}],"mImageUrl":"http://img4.wikia.nocookie.net/__cb20121106080507/pad/zh/images/7/7c/468i.png","mAwokenList":["ENHANCE_DARK","ENHANCE_FIRE"],"mCost":50,"mHp":1307,"mHpMax":3268,"mAtkMax":1713,"mAtk":685,"mLv":99,"hpScale":1,"atkScale":1,"mNo":468,"mRare":6,"mRcvMax":65,"mRecovery":31,"rcvScale":1,"slv1":20,"slvmax":10}