{"mMonsterTypes":{"first":"ENHANCE_MATRIAL","second":"NONE"},"mMonsterProps":{"first":1,"second":-1},"mActiveSkill":[{"mData":[0,30,1],"mType":"ST_ATTACK"}],"mLeaderSkill":[{"mData":[],"mType":"LST_NOT_SUPPORT"}],"mImageUrl":"http:\/\/img1.wikia.nocookie.net\/__cb20121106080503\/pad\/zh\/images\/e\/e4\/469i.png","mAwokenList":[],"mCost":1,"mHp":100,"mHpMax":100,"mAtkMax":100,"mAtk":100,"mLv":1,"hpScale":1,"atkScale":1,"mNo":469,"mRare":4,"mRcvMax":100,"mRecovery":100,"rcvScale":1,"slv1":"12","slvmax":"12"}