{"mMonsterTypes":{"first":"ENHANCE_MATRIAL","second":"NONE"},"mMonsterProps":{"first":4,"second":-1},"mActiveSkill":[{"mData":[4,0,0],"mType":"ST_BIND_RECOVER"},{"mData":[7],"mType":"ST_CHANGE_THE_WORLD"}],"mLeaderSkill":[{"mData":[],"mType":"LST_NOT_SUPPORT"}],"mImageUrl":"http:\/\/img3.wikia.nocookie.net\/__cb20121106080458\/pad\/zh\/images\/c\/c1\/470i.png","mAwokenList":[],"mCost":1,"mHp":100,"mHpMax":100,"mAtkMax":100,"mAtk":100,"mLv":1,"hpScale":1,"atkScale":1,"mNo":470,"mRare":4,"mRcvMax":100,"mRecovery":100,"rcvScale":1,"slv1":"12","slvmax":"12"}