{"mMonsterTypes":{"first":"ENHANCE_MATRIAL","second":"NONE"},"mMonsterProps":{"first":5,"second":-1},"mActiveSkill":[{"mData":[3,75],"mType":"ST_REDUCE_SHIELD"}],"mLeaderSkill":[{"mData":[],"mType":"LST_NOT_SUPPORT"}],"mImageUrl":"http://img4.wikia.nocookie.net/__cb20121106080453/pad/zh/images/0/0a/471i.png","mAwokenList":[],"mCost":1,"mHp":100,"mHpMax":100,"mAtkMax":100,"mAtk":100,"mLv":1,"hpScale":1,"atkScale":1,"mNo":471,"mRare":4,"mRcvMax":100,"mRecovery":100,"rcvScale":1,"slv1":20,"slvmax":20}