{"mMonsterTypes":{"first":"ENHANCE_MATRIAL","second":"NONE"},"mMonsterProps":{"first":3,"second":-1},"mActiveSkill":[{"mData":[2],"mType":"ST_DELAY"}],"mLeaderSkill":[{"mData":[],"mType":"LST_NOT_SUPPORT"}],"mImageUrl":"http:\/\/img3.wikia.nocookie.net\/__cb20121106080447\/pad\/zh\/images\/6\/6e\/472i.png","mAwokenList":[],"mCost":1,"mHp":100,"mHpMax":100,"mAtkMax":100,"mAtk":100,"mLv":1,"hpScale":1,"atkScale":1,"mNo":472,"mRare":4,"mRcvMax":100,"mRecovery":100,"rcvScale":1,"slv1":"14","slvmax":"14"}