{"mMonsterTypes":{"first":"ENHANCE_MATRIAL","second":"NONE"},"mMonsterProps":{"first":0,"second":-1},"mActiveSkill":[{"mData":[5,3,0],"mType":"ST_TRANSFORM"},{"mData":[1],"mType":"ST_SKILL_BOOST"}],"mLeaderSkill":[{"mData":[],"mType":"LST_NOT_SUPPORT"}],"mImageUrl":"http:\/\/img4.wikia.nocookie.net\/__cb20121106080442\/pad\/zh\/images\/e\/e7\/473i.png","mAwokenList":[],"mCost":1,"mHp":100,"mHpMax":100,"mAtkMax":100,"mAtk":100,"mLv":1,"hpScale":1,"atkScale":1,"mNo":473,"mRare":4,"mRcvMax":100,"mRecovery":100,"rcvScale":1,"slv1":"16","slvmax":"16"}