{"mMonsterTypes":{"first":"ENHANCE_MATRIAL","second":"NONE"},"mMonsterProps":{"first":0,"second":-1},"mActiveSkill":[{"mData":[1,0,10,150],"mType":"ST_HP_ATTACK"},{"mData":[1,150,0],"mType":"ST_POWER_UP"}],"mLeaderSkill":[{"mData":[],"mType":"LST_NOT_SUPPORT"}],"mImageUrl":"http:\/\/img2.wikia.nocookie.net\/__cb20121106080439\/pad\/zh\/images\/6\/6b\/474i.png","mAwokenList":[],"mCost":1,"mHp":300,"mHpMax":300,"mAtkMax":300,"mAtk":300,"mLv":1,"hpScale":1,"atkScale":1,"mNo":474,"mRare":5,"mRcvMax":300,"mRecovery":300,"rcvScale":1,"slv1":"15","slvmax":"15"}