{"mMonsterTypes":{"first":"ATTACKER","second":"DEVIL"},"mMonsterProps":{"first":1,"second":-1},"mActiveSkill":[{"mData":[1,25],"mType":"ST_REDUCE_DEF"}],"mLeaderSkill":[{"mData":[1,11,1,1,200],"mType":"LST_FACTOR"}],"mImageUrl":"http:\/\/img4.wikia.nocookie.net\/__cb20121214061819\/pad\/zh\/images\/3\/30\/475i.png","mAwokenList":["ENHANCE_FIRE","ENHANCE_FIRE_ATT"],"mCost":12,"mHp":473,"mHpMax":1014,"mAtkMax":1381,"mAtk":987,"mLv":99,"hpScale":1,"atkScale":1,"mNo":475,"mRare":4,"mRcvMax":276,"mRecovery":148,"rcvScale":1,"slv1":"30","slvmax":"5"}