{"mMonsterTypes":{"first":"ATTACKER","second":"DEVIL"},"mMonsterProps":{"first":4,"second":-1},"mActiveSkill":[{"mData":[1,25],"mType":"ST_REDUCE_DEF"}],"mLeaderSkill":[{"mData":[1,11,1,1,200],"mType":"LST_FACTOR"}],"mImageUrl":"http:\/\/img2.wikia.nocookie.net\/__cb20121214061816\/pad\/zh\/images\/f\/f6\/476i.png","mAwokenList":["ENHANCE_WATER","ENHANCE_WATER_ATT"],"mCost":12,"mHp":480,"mHpMax":1036,"mAtkMax":1366,"mAtk":977,"mLv":99,"hpScale":1,"atkScale":1,"mNo":476,"mRare":4,"mRcvMax":284,"mRecovery":152,"rcvScale":1,"slv1":"30","slvmax":"5"}