{"mMonsterTypes":{"first":"ATTACKER","second":"DEVIL"},"mMonsterProps":{"first":5,"second":-1},"mActiveSkill":[{"mData":[1,25],"mType":"ST_REDUCE_DEF"}],"mLeaderSkill":[{"mData":[1,11,1,1,200],"mType":"LST_FACTOR"}],"mImageUrl":"http:\/\/img1.wikia.nocookie.net\/__cb20121214061811\/pad\/zh\/images\/4\/40\/477i.png","mAwokenList":["ENHANCE_WOOD","ENHANCE_WOOD_ATT"],"mCost":12,"mHp":468,"mHpMax":998,"mAtkMax":1378,"mAtk":985,"mLv":99,"hpScale":1,"atkScale":1,"mNo":477,"mRare":4,"mRcvMax":278,"mRecovery":149,"rcvScale":1,"slv1":"30","slvmax":"5"}