{"mMonsterTypes":{"first":"ATTACKER","second":"DEVIL"},"mMonsterProps":{"first":3,"second":-1},"mActiveSkill":[{"mData":[1,25],"mType":"ST_REDUCE_DEF"}],"mLeaderSkill":[{"mData":[1,11,1,1,200],"mType":"LST_FACTOR"}],"mImageUrl":"http:\/\/img2.wikia.nocookie.net\/__cb20121214061807\/pad\/zh\/images\/1\/10\/478i.png","mAwokenList":["ENHANCE_LIGHT","ENHANCE_LIGHT_ATT"],"mCost":12,"mHp":465,"mHpMax":988,"mAtkMax":1349,"mAtk":966,"mLv":99,"hpScale":1,"atkScale":1,"mNo":478,"mRare":4,"mRcvMax":280,"mRecovery":150,"rcvScale":1,"slv1":"30","slvmax":"5"}