{"mMonsterTypes":{"first":"ATTACKER","second":"DEVIL"},"mMonsterProps":{"first":0,"second":-1},"mActiveSkill":[{"mData":[1,25],"mType":"ST_REDUCE_DEF"}],"mLeaderSkill":[{"mData":[1,11,1,1,200],"mType":"LST_FACTOR"}],"mImageUrl":"http:\/\/img3.wikia.nocookie.net\/__cb20121214061803\/pad\/zh\/images\/2\/22\/479i.png","mAwokenList":["ENHANCE_DARK","ENHANCE_DARK_ATT"],"mCost":12,"mHp":457,"mHpMax":962,"mAtkMax":1382,"mAtk":988,"mLv":99,"hpScale":1,"atkScale":1,"mNo":479,"mRare":4,"mRcvMax":273,"mRecovery":147,"rcvScale":1,"slv1":"30","slvmax":"5"}