{"mMonsterTypes":{"first":"DRAGON","second":"NONE"},"mMonsterProps":{"first":1,"second":1},"mActiveSkill":[{"mData":[2,130,1],"mType":"ST_POWER_UP"}],"mLeaderSkill":[{"mData":[1,1,2,1,200,2,200],"mType":"LST_FACTOR"}],"mImageUrl":"http:\/\/img3.wikia.nocookie.net\/__cb20121214061759\/pad\/zh\/images\/3\/30\/480i.png","mAwokenList":["ENHANCE_HP","ENHANCE_ATK","SKILL_BOOST","SKILL_BOOST"],"mCost":15,"mHp":777,"mHpMax":2145,"mAtkMax":1214,"mAtk":457,"mLv":99,"hpScale":1,"atkScale":1,"mNo":480,"mRare":6,"mRcvMax":231,"mRecovery":100,"rcvScale":1,"slv1":"30","slvmax":"8"}