{"mMonsterTypes":{"first":"DRAGON","second":"NONE"},"mMonsterProps":{"first":4,"second":4},"mActiveSkill":[{"mData":[2,130,4],"mType":"ST_POWER_UP"}],"mLeaderSkill":[{"mData":[1,4,2,1,200,2,200],"mType":"LST_FACTOR"}],"mImageUrl":"http:\/\/img3.wikia.nocookie.net\/__cb20121214061756\/pad\/zh\/images\/9\/9e\/481i.png","mAwokenList":["ENHANCE_HP","ENHANCE_ATK","SKILL_BOOST"],"mCost":15,"mHp":798,"mHpMax":2195,"mAtkMax":1156,"mAtk":429,"mLv":99,"hpScale":1,"atkScale":1,"mNo":481,"mRare":6,"mRcvMax":264,"mRecovery":115,"rcvScale":1,"slv1":"30","slvmax":"8"}