{"mMonsterTypes":{"first":"DRAGON","second":"NONE"},"mMonsterProps":{"first":5,"second":5},"mActiveSkill":[{"mData":[2,130,5],"mType":"ST_POWER_UP"}],"mLeaderSkill":[{"mData":[1,5,2,1,200,2,200],"mType":"LST_FACTOR"}],"mImageUrl":"http:\/\/img4.wikia.nocookie.net\/__cb20121214061752\/pad\/zh\/images\/5\/59\/482i.png","mAwokenList":["ENHANCE_HP","ENHANCE_ATK","SKILL_BOOST"],"mCost":15,"mHp":812,"mHpMax":2228,"mAtkMax":1131,"mAtk":418,"mLv":99,"hpScale":1,"atkScale":1,"mNo":482,"mRare":6,"mRcvMax":286,"mRecovery":126,"rcvScale":1,"slv1":"30","slvmax":"8"}