{"mMonsterTypes":{"first":"DRAGON","second":"NONE"},"mMonsterProps":{"first":3,"second":3},"mActiveSkill":[{"mData":[2,130,3],"mType":"ST_POWER_UP"}],"mLeaderSkill":[{"mData":[1,3,2,1,200,2,200],"mType":"LST_FACTOR"}],"mImageUrl":"http:\/\/img2.wikia.nocookie.net\/__cb20121214061748\/pad\/zh\/images\/c\/c1\/483i.png","mAwokenList":["ENHANCE_HP","ENHANCE_ATK","SKILL_BOOST"],"mCost":15,"mHp":742,"mHpMax":2063,"mAtkMax":1173,"mAtk":437,"mLv":99,"hpScale":1,"atkScale":1,"mNo":483,"mRare":6,"mRcvMax":253,"mRecovery":105,"rcvScale":1,"slv1":"30","slvmax":"9"}