{"mMonsterTypes":{"first":"DRAGON","second":"NONE"},"mMonsterProps":{"first":0,"second":0},"mActiveSkill":[{"mData":[2,130,0],"mType":"ST_POWER_UP"}],"mLeaderSkill":[{"mData":[1,0,2,1,200,2,200],"mType":"LST_FACTOR"}],"mImageUrl":"http:\/\/img4.wikia.nocookie.net\/__cb20121214061745\/pad\/zh\/images\/1\/1f\/484i.png","mAwokenList":["ENHANCE_HP","ENHANCE_ATK","SKILL_BOOST"],"mCost":15,"mHp":763,"mHpMax":2112,"mAtkMax":1197,"mAtk":449,"mLv":99,"hpScale":1,"atkScale":1,"mNo":484,"mRare":6,"mRcvMax":220,"mRecovery":95,"rcvScale":1,"slv1":"30","slvmax":"9"}