{"mMonsterTypes":{"first":"ENHANCE_MATRIAL","second":"NONE"},"mMonsterProps":{"first":3,"second":0},"mActiveSkill":[{"mData":[],"mType":"ST_NOT_SUPPORT"}],"mLeaderSkill":[{"mData":[],"mType":"LST_NOT_SUPPORT"}],"mImageUrl":"http:\/\/img2.wikia.nocookie.net\/__cb20121214061741\/pad\/zh\/images\/f\/f8\/485i.png","mAwokenList":[],"mCost":1,"mHp":832,"mHpMax":832,"mAtkMax":832,"mAtk":832,"mLv":1,"hpScale":1,"atkScale":1,"mNo":485,"mRare":6,"mRcvMax":832,"mRecovery":832,"rcvScale":1,"slv1":-1,"slvmax":-1}