{"mMonsterTypes":{"first":"ATTACKER","second":"NONE"},"mMonsterProps":{"first":0,"second":-1},"mActiveSkill":[{"mData":[0,3],"mType":"ST_RANDOM_CHANGE"}],"mLeaderSkill":[{"mData":[],"mType":"LST_NOT_SUPPORT"}],"mImageUrl":"http:\/\/img4.wikia.nocookie.net\/__cb20121214061737\/pad\/zh\/images\/6\/64\/486i.png","mAwokenList":[],"mCost":7,"mHp":142,"mHpMax":625,"mAtkMax":897,"mAtk":255,"mLv":35,"hpScale":1,"atkScale":1,"mNo":486,"mRare":4,"mRcvMax":194,"mRecovery":93,"rcvScale":1,"slv1":"10","slvmax":"4"}