{"mMonsterTypes":{"first":"ATTACKER","second":"NONE"},"mMonsterProps":{"first":0,"second":-1},"mActiveSkill":[{"mData":[0,3],"mType":"ST_RANDOM_CHANGE"}],"mLeaderSkill":[{"mData":[1,7,400],"mType":"LST_COMBO_FACTOR"}],"mImageUrl":"http:\/\/img4.wikia.nocookie.net\/__cb20121214061733\/pad\/zh\/images\/f\/ff\/487i.png","mAwokenList":["ENHANCE_DARK","ENHANCE_DARK","ENHANCE_DARK","EXTEND_TIME","SKILL_BOOST"],"mCost":17,"mHp":563,"mHpMax":1589,"mAtkMax":1283,"mAtk":987,"mLv":99,"hpScale":1,"atkScale":1,"mNo":487,"mRare":5,"mRcvMax":370,"mRecovery":148,"rcvScale":1,"slv1":"10","slvmax":"4"}