{"mMonsterTypes":{"first":"PHYSICAL","second":"NONE"},"mMonsterProps":{"first":4,"second":-1},"mActiveSkill":[{"mData":[6],"mType":"ST_CHANGE_THE_WORLD"}],"mLeaderSkill":[{"mData":[],"mType":"LST_NOT_SUPPORT"}],"mImageUrl":"http:\/\/img2.wikia.nocookie.net\/__cb20121214061730\/pad\/zh\/images\/2\/2f\/488i.png","mAwokenList":[],"mCost":8,"mHp":328,"mHpMax":1148,"mAtkMax":160,"mAtk":40,"mLv":35,"hpScale":1,"atkScale":1,"mNo":488,"mRare":4,"mRcvMax":152,"mRecovery":69,"rcvScale":1,"slv1":"15","slvmax":"10"}