{"mMonsterTypes":{"first":"PHYSICAL","second":"NONE"},"mMonsterProps":{"first":4,"second":5},"mActiveSkill":[{"mData":[6],"mType":"ST_CHANGE_THE_WORLD"}],"mLeaderSkill":[{"mData":[],"mType":"LST_NOT_SUPPORT"}],"mImageUrl":"http:\/\/img4.wikia.nocookie.net\/__cb20121214061726\/pad\/zh\/images\/1\/16\/489i.png","mAwokenList":["ENHANCE_WATER","RESISTANCE_SKILL_LOCK","SKILL_BOOST","EXTEND_TIME","EXTEND_TIME"],"mCost":18,"mHp":1033,"mHpMax":3616,"mAtkMax":852,"mAtk":144,"mLv":99,"hpScale":1,"atkScale":1.5,"mNo":489,"mRare":5,"mRcvMax":301,"mRecovery":137,"rcvScale":1.5,"slv1":"15","slvmax":"10"}