{"mMonsterTypes":{"first":"GOD","second":"NONE"},"mMonsterProps":{"first":1,"second":-1},"mActiveSkill":[{"mData":[1],"mType":"ST_ADD_PLUS"}],"mLeaderSkill":[{"mData":[5,1,4,5,3,0,4,400,0],"mType":"LST_COLOR_FACTOR"}],"mImageUrl":"http:\/\/img1.wikia.nocookie.net\/__cb20121214061722\/pad\/zh\/images\/e\/e0\/490i.png","mAwokenList":[],"mCost":20,"mHp":626,"mHpMax":1502,"mAtkMax":832,"mAtk":416,"mLv":50,"hpScale":1,"atkScale":1,"mNo":490,"mRare":5,"mRcvMax":422,"mRecovery":201,"rcvScale":1,"slv1":"15","slvmax":"3"}