{"mMonsterTypes":{"first":"GOD","second":"NONE"},"mMonsterProps":{"first":1,"second":1},"mActiveSkill":[{"mData":[1],"mType":"ST_ADD_PLUS"}],"mLeaderSkill":[{"mData":[5,1,4,5,3,0,4,400,0],"mType":"LST_COLOR_FACTOR"}],"mImageUrl":"http:\/\/img1.wikia.nocookie.net\/__cb20121214062049\/pad\/zh\/images\/7\/7e\/491i.png","mAwokenList":["REDUCE_FIRE","REDUCE_WATER","REDUCE_WOOD","RESISTANCE_SKILL_LOCK"],"mCost":25,"mHp":1202,"mHpMax":3005,"mAtkMax":1124,"mAtk":749,"mLv":99,"hpScale":1,"atkScale":1,"mNo":491,"mRare":6,"mRcvMax":570,"mRecovery":380,"rcvScale":1,"slv1":"15","slvmax":"3"}