{"mMonsterTypes":{"first":"GOD","second":"NONE"},"mMonsterProps":{"first":4,"second":-1},"mActiveSkill":[{"mData":[2,1,5],"mType":"ST_BIND_RECOVER"}],"mLeaderSkill":[{"mData":[5,1,4,5,3,0,3,300,0],"mType":"LST_COLOR_FACTOR"}],"mImageUrl":"http:\/\/img1.wikia.nocookie.net\/__cb20131012114031\/pad\/zh\/images\/d\/d8\/492i.png","mAwokenList":[],"mCost":20,"mHp":633,"mHpMax":1519,"mAtkMax":812,"mAtk":406,"mLv":50,"hpScale":1,"atkScale":1,"mNo":492,"mRare":5,"mRcvMax":447,"mRecovery":213,"rcvScale":1,"slv1":"8","slvmax":"3"}