{"mMonsterTypes":{"first":"GOD","second":"NONE"},"mMonsterProps":{"first":4,"second":4},"mActiveSkill":[{"mData":[2,1,5],"mType":"ST_BIND_RECOVER"}],"mLeaderSkill":[{"mData":[5,1,4,5,3,0,3,300,0],"mType":"LST_COLOR_FACTOR"}],"mImageUrl":"http:\/\/img4.wikia.nocookie.net\/__cb20121214062042\/pad\/zh\/images\/d\/d2\/493i.png","mAwokenList":["ENHANCE_FIRE","ENHANCE_WATER","ENHANCE_WOOD","RESISTANCE_BIND"],"mCost":25,"mHp":1215,"mHpMax":3038,"mAtkMax":1097,"mAtk":731,"mLv":99,"hpScale":1,"atkScale":1,"mNo":493,"mRare":6,"mRcvMax":603,"mRecovery":402,"rcvScale":1,"slv1":"8","slvmax":"3"}