{"mMonsterTypes":{"first":"GOD","second":"NONE"},"mMonsterProps":{"first":5,"second":-1},"mActiveSkill":[{"mData":[3,115,5],"mType":"ST_POWER_UP"}],"mLeaderSkill":[{"mData":[1,4,250],"mType":"LST_COMBO_FACTOR"}],"mImageUrl":"http:\/\/img2.wikia.nocookie.net\/__cb20121214062039\/pad\/zh\/images\/e\/e9\/494i.png","mAwokenList":[],"mCost":20,"mHp":627,"mHpMax":1505,"mAtkMax":820,"mAtk":410,"mLv":50,"hpScale":1,"atkScale":1,"mNo":494,"mRare":5,"mRcvMax":433,"mRecovery":206,"rcvScale":1,"slv1":"13","slvmax":"6"}