{"mMonsterTypes":{"first":"GOD","second":"NONE"},"mMonsterProps":{"first":5,"second":5},"mActiveSkill":[{"mData":[3,115,5],"mType":"ST_POWER_UP"}],"mLeaderSkill":[{"mData":[1,4,250],"mType":"LST_COMBO_FACTOR"}],"mImageUrl":"http:\/\/img4.wikia.nocookie.net\/__cb20121214062035\/pad\/zh\/images\/3\/36\/495i.png","mAwokenList":["RESISTANCE_POISON","EXTEND_TIME","ENHANCE_WOOD_ATT","RESISTANCE_SKILL_LOCK"],"mCost":25,"mHp":1204,"mHpMax":3010,"mAtkMax":1107,"mAtk":738,"mLv":99,"hpScale":1,"atkScale":1,"mNo":495,"mRare":6,"mRcvMax":585,"mRecovery":390,"rcvScale":1,"slv1":"13","slvmax":"6"}