{"mMonsterTypes":{"first":"GOD","second":"NONE"},"mMonsterProps":{"first":3,"second":-1},"mActiveSkill":[{"mData":[1,7777,-1],"mType":"ST_DIRECT_ATTACK"}],"mLeaderSkill":[{"mData":[5,1,4,5,3,0,5,600,0],"mType":"LST_COLOR_FACTOR"}],"mImageUrl":"http:\/\/img2.wikia.nocookie.net\/__cb20121214062030\/pad\/zh\/images\/c\/c4\/496i.png","mAwokenList":[],"mCost":20,"mHp":616,"mHpMax":1478,"mAtkMax":800,"mAtk":400,"mLv":50,"hpScale":1,"atkScale":1,"mNo":496,"mRare":5,"mRcvMax":441,"mRecovery":210,"rcvScale":1,"slv1":14,"slvmax":7}