{"mMonsterTypes":{"first":"GOD","second":"NONE"},"mMonsterProps":{"first":3,"second":3},"mActiveSkill":[{"mData":[1,7777,-1],"mType":"ST_DIRECT_ATTACK"}],"mLeaderSkill":[{"mData":[5,1,4,5,3,0,5,600,0],"mType":"LST_COLOR_FACTOR"}],"mImageUrl":"http:\/\/img4.wikia.nocookie.net\/__cb20121214062027\/pad\/zh\/images\/8\/84\/497i.png","mAwokenList":["REDUCE_LIGHT","REDUCE_DARK","ENHANCE_HEART","RESISTANCE_DARK"],"mCost":25,"mHp":1182,"mHpMax":3155,"mAtkMax":1080,"mAtk":720,"mLv":99,"hpScale":1,"atkScale":1,"mNo":497,"mRare":6,"mRcvMax":596,"mRecovery":397,"rcvScale":1,"slv1":14,"slvmax":7}