{"mMonsterTypes":{"first":"GOD","second":"NONE"},"mMonsterProps":{"first":0,"second":-1},"mActiveSkill":[{"mData":[5,0],"mType":"ST_COLOR_CHANGE"},{"mData":[4,3,0],"mType":"ST_COUNTER_ATTACK"}],"mLeaderSkill":[{"mData":[1,10,1000],"mType":"LST_COMBO_FACTOR"}],"mImageUrl":"http://img3.wikia.nocookie.net/__cb20121214062023/pad/zh/images/d/dd/498i.png","mAwokenList":[],"mCost":20,"mHp":614,"mHpMax":1474,"mAtkMax":814,"mAtk":407,"mLv":50,"hpScale":1,"atkScale":1,"mNo":498,"mRare":5,"mRcvMax":435,"mRecovery":207,"rcvScale":1,"slv1":"18","slvmax":"8"}