{"mMonsterTypes":{"first":"GOD","second":"NONE"},"mMonsterProps":{"first":0,"second":0},"mActiveSkill":[{"mData":[5,0],"mType":"ST_COLOR_CHANGE"},{"mData":[4,3,0],"mType":"ST_COUNTER_ATTACK"}],"mLeaderSkill":[{"mData":[1,10,1000],"mType":"LST_COMBO_FACTOR"}],"mImageUrl":"http://img2.wikia.nocookie.net/__cb20121214062018/pad/zh/images/0/0f/499i.png","mAwokenList":["RESISTANCE_BIND","RESISTANCE_BIND","EXTEND_TIME","AUTO_RECOVER"],"mCost":25,"mHp":1179,"mHpMax":2948,"mAtkMax":1100,"mAtk":733,"mLv":99,"hpScale":1,"atkScale":1,"mNo":499,"mRare":6,"mRcvMax":588,"mRecovery":392,"rcvScale":1,"slv1":"18","slvmax":"8"}