{"mMonsterTypes":{"first":"BALANCED","second":"NONE"},"mMonsterProps":{"first":3,"second":-1},"mActiveSkill":[{"mData":[0,30,3],"mType":"ST_ATTACK"}],"mLeaderSkill":[{"mData":[1,10,2,1,150,2,150],"mType":"LST_FACTOR"}],"mImageUrl":"http:\/\/img1.wikia.nocookie.net\/__cb20121214062014\/pad\/zh\/images\/b\/be\/500i.png","mAwokenList":[],"mCost":15,"mHp":283,"mHpMax":906,"mAtkMax":454,"mAtk":142,"mLv":50,"hpScale":1,"atkScale":1,"mNo":500,"mRare":4,"mRcvMax":311,"mRecovery":148,"rcvScale":1,"slv1":"20","slvmax":"15"}