[{"title":"","description":""},{"title":"","description":" HP在上限76%或以上的話，受到致命傷害時，將會以1點HP生還"},{"title":"","description":""},{"title":"アークティックコーティング","description":"5ターンの間、状態異常を無効にする"},{"title":"","description":""},{"title":"フローズングランド","description":"全ドロップを水/木/光/闇ドロップに変換する"},{"title":"オートスイーパー","description":"58,500ダメージ+お邪魔ドロップを水ドロップに変換する"},{"title":"オートフリーザー","description":"48,750ダメージ+毒ドロップを水ドロップに変換する"},{"title":"ブリザードシグナル・オール","description":"全ドロップを水ドロップに変換する+117,000ダメージ"},{"title":"メトゥルリペア","description":"HPを76％回復する"},{"title":"ブリザードシグナル・オール","description":"全ドロップを水ドロップに変換する+117,000ダメージ"},{"title":"サファイアドライブ","description":"3ターンの間、水属性の攻撃を吸収する"},{"title":"ブリザードシグナル・ダブル","description":"160%ダメージ+右端縦1列目と2列目を水ドロップに変換する"},{"title":"ブリザードシグナル","description":"19,500ダメージ+右端縦1列目と2列目を水ドロップに変換する"},{"title":"蒸気を放出した","description":"盤面を暗闇状態にする"},{"title":"ブリザードシグナル","description":"右端縦1列を水ドロップに変換する"},{"title":"有毒ガスを噴き出した","description":"ランダムでお毒ドロップを3個生成する"},{"title":"ブリザードシグナル","description":"19,500ダメージ+右端縦1列目と2列目を水ドロップに変換する"},{"title":"土塊を撒き散らした","description":"水ドロップ以外からお邪魔ドロップを3個生成する"}]