[{"title":"","description":""},{"title":"","description":" HP在上限90%或以上的話，受到致命傷害時，將會以1點HP生還"},{"title":"","description":""},{"title":"やあ、よく来たね","description":"999ターンの間、状態異常を無効化する"},{"title":"","description":""},{"title":"君も休んでいきなよ","description":"999ターンの間、8,000,000以上のダメージを吸収する"},{"title":"","description":""},{"title":"永遠にね","description":"10ターンの間、覚醒スキルを無効にする"},{"title":"君はしつこい子だね","description":"999ターンの間、攻撃力が2倍になる"},{"title":"ごめんね、あきちゃったよ","description":"95,760（攻撃力2倍時191,520）ダメージ（連続攻撃）"},{"title":"ずっとここにいていいんだよ","description":"盤面の全ドロップをロックする"},{"title":"ずーっと、ね","description":"10ターンの間、サブ全員を行動不能にする"},{"title":"ふぅん","description":"残HPの99%割合ダメージ"},{"title":"ツレナイなぁ","description":"10ターンの間、毒ドロップが降りやすくなる"},{"title":"そんなに見ないでくれるかな？","description":"31,920（攻撃力2倍時63,840）ダメージ+盤面を暗闇状態にする"},{"title":"眠りなよ","description":"	30,324（攻撃力2倍時60,648）ダメージ+2ターンの間、ランダムで1体を行動不能にする"},{"title":"美しい花を咲かせようか","description":"ランダムで、爆弾ドロップを5個生成する"},{"title":"これはどうだろうか？","description":"35,112（攻撃力2倍時70,224）ダメージ（連続攻撃）"}]