[{"title":"","description":""},{"title":"","description":""},{"title":"天地鳴動","description":"3ターンの間、回復ドロップが消せなくなる"},{"title":"","description":""},{"title":"魔狼の毛皮","description":"999ターンの間、7コンボ以下のダメージを吸収する"},{"title":"漆黒のオーラ","description":"残りHPの99％ダメージ"},{"title":"拘束解除","description":"999ターンの間、攻撃力が2倍になる"},{"title":"神怨の咆哮","description":"49,500ダメージ+回復ドロップをお邪魔ドロップに変換する"},{"title":"噛み砕く","description":"59,400ダメージ（連続攻撃）"}]