[{"title":"","description":""},{"title":"","description":""},{"title":"腐食の前触れ","description":"10ターンの間、受けるダメージを半減する"},{"title":"","description":""},{"title":"冥府の掟","description":"10ターンの間、ドロップ操作時間が3秒減少する"},{"title":"昏睡のポピー","description":"2ターンの間、覚醒スキルを無効にする"},{"title":"コキュートスの浸蝕","description":"13,157ダメージ+下から1列目を猛毒ドロップに変換する"},{"title":"誘惑のナルキッソス","description":"味方のスキルターンを2ターン遅延する"},{"title":"コキュートスの浸蝕","description":"13,157ダメージ+下から1列目を猛毒ドロップに変換する"},{"title":"愚行のピューニカ","description":"2ターンの間、スキルを使用不能にする"},{"title":"コキュートスの浸蝕","description":"13,157ダメージ+下から1列目を猛毒ドロップに変換する"},{"title":"ベインハーヴェスト","description":"86,640ダメージ+ランダムで9個を猛毒ドロップに変換する"},{"title":"血咲「アネモネ」","description":"105,252ダメージ+猛毒ドロップを回復ドロップに変換する"},{"title":"呪花「ミント」","description":"26,313ダメージ+回復ドロップを猛毒ドロップに変換する"},{"title":"コキュートスの浸蝕","description":"13,157ダメージ+下から1列目を猛毒ドロップに変換する"},{"title":"浅眠の揺籃","description":"ランダムでサブ2体を2ターンの間、行動不能にする"},{"title":"転寝の揺籃","description":"サブ全員を1ターンの間、行動不能にする"}]