[{"title":"","description":""},{"title":"","description":" HP在上限90%或以上的話，受到致命傷害時，將會以1點HP生還"},{"title":"","description":""},{"title":"やあ、よく来たね","description":"999回合內異常狀態（如毒、威嚇、破防）無效化"},{"title":"","description":""},{"title":"君も休んでいきなよ","description":"999回合內，將單一傷害值在 8,000,000 點以上的傷害吸收"},{"title":"","description":""},{"title":"永遠にね","description":"10回合內，覺醒技能無效化"},{"title":"君はしつこい子だね","description":"999回合內攻擊力提升至200%"},{"title":"ごめんね、あきちゃったよ","description":"連擊6次，造成300%傷害"},{"title":"ずっとここにいていいんだよ","description":"將所有寶珠鎖定"},{"title":"ずーっと、ね","description":"封鎖所有隊員寵物10回合"},{"title":"ふぅん","description":"造成玩家目前HP99%的傷害"},{"title":"ツレナイなぁ","description":"10回合內，毒珠的掉落機率提升15%"},{"title":"そんなに見ないでくれるかな？","description":"隱藏全畫面的寶珠，並造成100%傷害 (31920→63840)"},{"title":"眠りなよ","description":"封鎖隨機1隻隊員寵物2回合，並造成95%傷害 (30324→60648)"},{"title":"美しい花を咲かせようか","description":"隨機5粒寶珠 轉 炸彈珠"},{"title":"これはどうだろうか？","description":"連擊2次，造成110%傷害 (35112→70224)"}]