[{"title":"","description":""},{"title":"","description":""},{"title":"腐食の前触れ","description":"10回合內，受到的所有傷害減少50%"},{"title":"","description":""},{"title":"冥府の掟","description":"10回合內，寶珠移動時間減少3秒"},{"title":"昏睡のポピー","description":"2回合內，覺醒技能無效化"},{"title":"コキュートスの浸蝕","description":"最下方一橫行 轉 猛毒珠，並造成50%傷害 (13157)"},{"title":"誘惑のナルキッソス","description":"當前所有技能的冷卻時間增加 2 回合"},{"title":"コキュートスの浸蝕","description":"最下方一橫行 轉 猛毒珠，並造成50%傷害 (13157)"},{"title":"愚行のピューニカ","description":"2回合內，無法發動任何主動技能"},{"title":"コキュートスの浸蝕","description":"最下方一橫行 轉 猛毒珠，並造成50%傷害 (13157)"},{"title":"ベインハーヴェスト","description":"隨機生成猛毒珠寶珠9粒，並造成400%傷害 (105252)"},{"title":"血咲「アネモネ」","description":"猛毒珠 轉 心珠，並造成400%傷害"},{"title":"呪花「ミント」","description":"心珠 轉 猛毒珠，並造成100%傷害 (26313"},{"title":"コキュートスの浸蝕","description":"最下方一橫行 轉 猛毒珠，並造成50%傷害 (13157)"},{"title":"浅眠の揺籃","description":"封鎖隨機2隻隊員寵物2回合"},{"title":"転寝の揺籃","description":"封鎖所有隊員寵物1回合"}]