[{"title":"","description":""},{"title":"","description":" HP在上限76%或以上的話，受到致命傷害時，將會以1點HP生還"},{"title":"","description":""},{"title":"  アークティックコーティング","description":"5回合內異常狀態（如毒、威嚇、破防）無效化"},{"title":"","description":""},{"title":"  フローズングランド","description":"所有寶珠變為水珠木珠光珠暗珠"},{"title":"オートスイーパー","description":"邪魔珠 轉 水珠，並造成300%傷害 (58500"},{"title":"オートフリーザー","description":"毒珠 轉 水珠，並造成250%傷害 (48750"},{"title":"ブリザードシグナル・オール","description":"所有寶珠變成水珠，並造成600%傷害 (117000)"},{"title":"メトゥルリペア","description":"回復76%HP"},{"title":"ブリザードシグナル・オール","description":"所有寶珠變成水珠，並造成600%傷害 (117000"},{"title":"サファイアドライブ","description":"3回合內，將受到的水屬性傷害轉換成自己的生命值"},{"title":"ブリザードシグナル・ダブル","description":"右方起第1,2直行 轉 水珠，並造成160%傷害 (31200)"},{"title":"ブリザードシグナル","description":"右方起第1直行 轉 水珠，並造成100%傷害 (19500)"},{"title":"蒸気を放出した","description":"隱藏全畫面的寶珠"},{"title":"ブリザードシグナル","description":"右方起第1直行 轉 水珠，並造成100%傷害 (19500)"},{"title":"有毒ガスを噴き出した","description":"隨機3粒寶珠 轉 毒珠"},{"title":"ブリザードシグナル","description":"右方起第1直行 轉 水珠，並造成100%傷害 (19500)"},{"title":"土塊を撒き散らした","description":"隨機將3粒水珠邪魔珠以外的寶珠變成邪魔珠"}]