[{"title":"","description":""},{"title":"","description":""},{"title":"天地鳴動","description":"3回合內，心珠無法被消除"},{"title":"","description":""},{"title":"魔狼の毛皮","description":"999回合內，將 7COMBO 或以下時所造成的傷害全部吸收"},{"title":"漆黒のオーラ","description":"造成玩家目前HP99%的傷害"},{"title":"拘束解除","description":"999回合內攻擊力提升至200%"},{"title":"神怨の咆哮","description":"心珠 轉 邪魔珠，並造成100%傷害 (24750→49500)"},{"title":"噛み砕く","description":"連擊3次，造成120%傷害 (29700→59400)"}]