[{"title": "白銀の鎧", "description": "999回合內異常狀態（如毒、威嚇、破防）無效化"}, 
{"title": "怨炎", "description": "左方起第1,2,5,6直行火猛毒珠，並造成100%傷害 "}, 
{"title": "不滅の野心", "description": "10回合內，有50%機率隨機鎖定掉落的寶珠"}, 
{"title": "覇滅天翔", "description": "將所有寶珠鎖定，並造成800%傷害 "}, 
{"title": "非道", "description": "2回合內，將受到的火、水、木屬性傷害轉換成自己的生命值"}, 
{"title": "天魔業", "description": "隨機1種寶珠轉邪魔珠，並造成170%傷害"}, 
{"title": "龍魔刀", "description": "連擊2次，造成190%傷害"}, 
{"title": "無慈悲", "description": "1回合內，將 6COMBO 或以下時所造成的傷害全部吸收，並造成180%傷害"}]