[{"title":"三元の絡繰","description":"5ターンの間、光と闇属性の攻撃を吸収"},
{"title":"癒転紅の機操術","description":"18,359ダメージ＋回復ドロップを火ドロップに変換"},
{"title":"エレメンタルフリップ","description":"自身の属性を火または木に変える"},
{"title":"蒼転翠の機操術","description":"22,439ダメージ＋水ドロップを火ドロップに変換"},
{"title":"癒転紅の機操術","description":"18,359ダメージ＋回復ドロップを火ドロップに変換"},
{"title":"翠縫線の機操術","description":"20,339ダメージ＋上から3段目を木ドロップに変換"},
{"title":"インパッシビティ","description":"1ターンの間、状態異常無効"},
{"title":"ドロップデストラクト","description":"お邪魔ドロップを15個生成"},
{"title":"紅縫翠の機操術","description":"44,878ダメージ+上から1,3,5段目を火に、2,4段目を木に変換"}
]