[{"title":"","description":""},{"title":"ダウナーブレット","description":"1〜3ターンスキル遅延"},
    {"title":"バックドラフト","description":"28,161ダメージ+10ターンの間、操作時間を2秒減少"},
    {"title":"ハイエンドブースター","description":"999ターンの間、攻撃力2倍"},
    {"title":"エナジーカウンター","description":"現HP99%の割合ダメージ"},
    {"title":"エナジーショットガン","description":"22,530(2倍時:45,060)ダメージ(連続攻撃)"},
    {"title":"キーンエッジ","description":"18,774(2倍時:37,548)ダメージ+左から2/4列目をお邪魔/毒ドロップに変換"},
    {"title":"バックワードインパクト","description":"93,870(2倍時:187,740)ダメージ"}
]