[{"title":"三元の絡繰","description":"5ターンの間、光と闇属性の攻撃を吸収"},
{"title":"癒転翠の機操術","description":"18,168ダメージ＋回復ドロップを木ドロップに変換"},
{"title":"エレメンタルフリップ","description":"自分の属性を木か水属性に変化"},
{"title":"紅転蒼の機操術","description":"22,205ダメージ＋火ドロップを水ドロップに変換"},
{"title":"癒転翠の機操術","description":"18,168ダメージ＋回復ドロップを木ドロップに変換"},
{"title":"蒼縫線の機操術","description":"20,186ダメージ＋上から3段目を水ドロップに変換"},
{"title":"インパッシビティ","description":"1ターンの間、状態異常無効"},
{"title":"マリオネットオペレーション","description":"1ターンの間、操作時間が3秒減少"},
{"title":"翠縫蒼の機操術","description":"44,411ダメージ+上から1,3,5列目を木ドロップ、2,4列目を水ドロップに変化"}
]