[{"title":"","description":""},{"title":"ハイテクニックフィールド","description":"999ターンの間、7コンボ以下の攻撃を吸収"},
    {"title":"マシナリーボディ","description":"999ターンの間、状態異常無効"},
    {"title":"ハイパーノヴァ","description":"1,094,400ダメージ（連続攻撃）"},
    {"title":"イージスインビンシブルバリア","description":"5ターンの間、単体200万以上のダメージを吸収"},
    {"title":"ソードビット展開","description":""},
    {"title":"アブソルートアブソーブ","description":"3ターンスキル遅延"},
    {"title":"ソードビットラッシュ","description":"30780ダメージ（連続攻撃）"},
    {"title":"デルタデッドライトニング","description":"30,780ダメージ＋上から1/5段目を光/猛毒/お邪魔ドロップに変換"},
    {"title":"ソードビットラッシュ","description":"30780ダメージ（連続攻撃）"},
    {"title":"機王の眼光","description":"神タイプを10ターンの間バインド"},
    {"title":"機王の眼光","description":"ランダムで2体を10ターンの間バインド"},
    {"title":"ＺＥＵＳカノン","description":"15,390ダメージ+ランダムで1体を3ターンの間バインド"},
    {"title":"ＺＥＵＳソード","description":"32,490ダメージ+ランダムで猛毒ドロップを5個生成"}
]