[{"title":"三元の絡繰","description":"5ターンの間、光と闇属性の攻撃を吸収"},
{"title":"癒転蒼の機操術","description":"17,787ダメージ+回復ドロップを水ドロップに変換"},
{"title":"エレメンタルフリップ","description":"自身の属性を火または水に変える"},
{"title":"翠転紅の機操術","description":"21,740ダメージ＋木ドロップを火ドロップに変換"},
{"title":"癒転蒼の機操術","description":"17,787ダメージ+回復ドロップを水ドロップに変換"},
{"title":"紅縫線の機操術","description":"19,763ダメージ＋上から3段目を火ドロップに変換"},
{"title":"インパッシビティ","description":"1ターンの間、状態異常無効"},
{"title":"ホールドツイン","description":"リーダーフレンドを1ターンの間バインド"},
{"title":"蒼縫紅の機操術","description":"43,479ダメージ＋上から1,3,5段目を水に、2,4段目を火に変換"}
]