[{"title":"三元の絡繰","description":"5回合內，將受到的光、暗屬性傷害轉換成自己的生命值"},
{"title":"癒転蒼の機操術","description":"心珠轉水珠，並造成90%傷害"},
{"title":"エレメンタルフリップ","description":"隨機轉換自身的屬性為水或火"},
{"title":"翠転紅の機操術","description":"木轉火，並造成110%傷害"},
{"title":"癒転蒼の機操術","description":"心珠轉水珠，並造成90%傷害"},
{"title":"紅縫線の機操術","description":"上方起第3橫行轉火，並造成100%傷害"},
{"title":"インパッシビティ","description":"1回合內異常狀態（如毒、威嚇、破防）無效化"},
{"title":"ホールドツイン","description":"封鎖隊長及隊友寵物1回合"},
{"title":"蒼縫紅の機操術","description":"上方起第1,3,5橫行轉水、第2,4橫行轉火，並造成220%傷害"}
]