[{"title":"","description":""},{"title":"ダウナーブレット","description":"當前所有技能的冷卻時間增加 1~3 回合"},
    {"title":"バックドラフト","description":"10回合內，寶珠移動時間減少2秒，並造成150%傷害"},
    {"title":"ハイエンドブースター","description":"999回合內攻擊力提升至200%"},
    {"title":"エナジーカウンター","description":"造成玩家目前HP99%的傷害"},
    {"title":"エナジーショットガン","description":"連擊6次，造成120%傷害"},
    {"title":"キーンエッジ","description":"左方起第2直行轉邪魔珠、第4直行轉毒珠，並造成100%傷害"},
    {"title":"バックワードインパクト","description":"重擊，造成500%傷害"}
]