[{"title":"","description":""},{"title":"ハイテクニックフィールド","description":"999回合內，將 7COMBO 或以下時所造成的傷害全部吸收"},
    {"title":"マシナリーボディ","description":"999回合內異常狀態（如毒、威嚇、破防）無效化"},
    {"title":"ハイパーノヴァ","description":"連擊8次，造成6400%傷害"},
    {"title":"イージスインビンシブルバリア","description":"5回合內，將單一傷害值在 2000000 點以上的傷害吸收"},
    {"title":"ソードビット展開","description":"甚麼都不做"},
    {"title":"アブソルートアブソーブ","description":"當前所有技能的冷卻時間增加 3 回合"},
    {"title":"ソードビットラッシュ","description":"連擊6次，造成180%傷害"},
    {"title":"デルタデッドライトニング","description":"上方起第1,5橫行轉光 邪魔 毒，並造成180%傷害"},
    {"title":"ソードビットラッシュ","description":"連擊6次，造成180%傷害"},
    {"title":"機王の眼光","description":"封鎖神類寵物10回合"},
    {"title":"機王の眼光","description":"封鎖隨機2隻寵物10回合"},
    {"title":"ＺＥＵＳカノン","description":"封鎖隨機1隻隊員寵物3回合，並造成90%傷害"},
    {"title":"ＺＥＵＳソード","description":"隨機將5粒猛毒珠以外的寶珠變成猛毒珠，並造成190%傷害"}
]