[{"title":"","description":""},{"title":"Blazing Scale","description":"Immunity against status effects such as delay, poison, defense reduction for 5 turns.."},
{"title":"Crimson Dragonflame","description":"Deal 10% damage and converts 1 Random orb into Fire orbs.."},
{"title":"Crimson Dragonflame","description":"Deal 25% damage and converts 1 Random orb into Fire orbs.."},
{"title":"Crimson Dragonflame","description":"Deal 50% damage and converts 1 Random orb into Fire orbs.."},
{"title":"Crimson Dragonflame","description":"Deal 100% damage and converts 1 Random orb into Fire orbs.."},
{"title":"Flame Emperor","description":"Deal 500% damage and converts 1 Random orb into Fire orbs.."},
{"title":"Ice Age","description":"Increases skyfall chance of Water orbs by 25% for 5 turns.."},
{"title":"Absolute End","description":"Deal 500% damage and converts 1 Random orb into Water orbs.."},
{"title":"Gale Barrier","description":"Immunity against status effects such as delay, poison, defense reduction for 4 turns.."},
{"title":"Howling Gust","description":"Deal 100% damage and converts all Fire orbs into Jammer orbs.."},
{"title":"Howling Gust","description":"Deal 100% damage and converts 1 Random orb into Jammer orbs.."},
{"title":"Wild Talon Rake","description":"Deal 200% damage ( 4 hits, 50% per hit ).."},
{"title":"Tornado Seal","description":"Deal 80% damage and binds 4 Random subs for 1-2 turns. This will also disable awoken skills.."},
{"title":"Temporary Calm","description":"Skip turn.."},
{"title":"World-Wrecking Windstorm","description":"Deal 2500% damage ( 5 hits, 500% per hit ).."},
{"title":"Star Emperor's Gleam","description":"Absorbs 100% of the damage you cause for combos 5 and under for 99 turns.."},
{"title":"Nebula Inferno","description":"Deal 1000% damage and hide all orbs on the board."},
{"title":"Heavenly Lightning","description":"Deal 80% damage and converts 1 Random orb into Light orbs."},
{"title":"Photon Breath","description":"Deal 150% damage ( 3 hits, 50% per hit )"},
{"title":"Dark Rumble","description":"Deal 80% damage and converts 1 Random orb into Dark orbs"},
{"title":"Divine Star","description":"Deal 250% damage ( 5 hits, 50% per hit )"},
{"title":"Flame Body","description":"Immunity against status effects such as delay, poison, defense reduction for 5 turns"},
{"title":"Crossdraw Breath","description":"Deal 110% damage"},
{"title":"Blaze Aura","description":"Absorbs 100% of the damage you cause for combos 5 and under for 5 turns.."},
{"title":"Triple Press","description":"Deal 120% damage ( 3 hits, 40% per hit )"},
{"title":"Fire Armor","description":"Immune single hit damage over 500,000 for 5 turns.."},
{"title":"Fanning Breath","description":"Deal 120% damage ( 6 hits, 20% per hit ).."},
{"title":"Inferno Bullet","description":"Deal 150% damage and binds 5 Random cards for 5 turns."},
{"title":"Burst End","description":"Deal 5000% damage ( 5 hits, 1000% per hit )"},
{"title":"Ice Armor","description":"Immunity against status effects such as delay, poison, defense reduction for 999 turns.."},
{"title":"Freezing Zone","description":"Deal 80% damage and recovers enemy 50% of maximum HP"},
{"title":"Powerful Claws","description":"Player -99% current HP.."},
{"title":"Ice Edge Hammer","description":"Deal 120% damage.."},
{"title":"Blizzard of Destruction","description":"Deal 140% damage ( 2 hits, 70% per hit)"},
{"title":"Frenzy","description":"Deal 100% damage. Change all orbs to Water, Heart & Jammer orbs.."},
{"title":"Enraged Glare","description":"Change Jammer orbs into locked orbs.."},
{"title":"Abyssal Tempest","description":"Deal 500% damage ( 5 hits, 100% per hit )."},
{"title":"Let's battle! ","description":"Increases cooldown of active skills by 2 turns.."},
{"title":"6 combos or you die!","description":"Absorbs 100% of the damage you cause for combos 5 and under for 1 turn"},
{"title":"Not good enough","description":"Deal 600% damage ( 3 hits, 200% per hit )"},
{"title":"Hm, try again","description":"Absorbs 100% of the damage you cause for combos 5 and under for 1 turn.."},
{"title":"It'll be harder this time ","description":"Reduces orb movement timer by 1 sec for 1 turn.."},
{"title":"Not enough damage!","description":"Deal 600% damage and hide all orbs on the board. "},
{"title":"Here I go!","description":"Increases damage to 200% for the next 999 turns"},
{"title":"Chaotic Ball","description":"Deal 105% damage ( 3 hits, 35% per hit ).."},
{"title":"Steel Tail","description":"Deal 60% damage and binds 1 Random card for 2 turns."},
{"title":"Let's continue!","description":"Immunity against status effects such as delay, poison, defense reduction for 999 turns.."},
{"title":"King of Zero","description":"75% damage reduction for 1 turn"},
{"title":"Return to Zero","description":"Dispel player buffs.."},
{"title":"Sacrifice","description":"Binds 3 Random cards for 2 turns. "},
{"title":"King's Gaze","description":"Disable active skills for 5 turns"},
{"title":"Re-Zero","description":"Recovers enemy 100% of maximum HP"},
{"title":"King Cannon Type Zero","description":"Deal 200% damage and converts all Poison orbs into Mortal Poison orbs.."},
{"title":"Blue Sphere","description":"Recovers enemy 10% of maximum HP"},
{"title":"Chaos Bolt","description":"Randomly spawn 4 Poison orbs from non orbs"},
{"title":"Dark Pulse","description":"Deal 120% damage and hide all orbs on the board."},
{"title":"Dragon King Cannon","description":"Deal 150% damage ( 3 hits, 50% per hit )"},
{"title":"End of Pain","description":"Player -100% current HP"},
{"title":"Beyond the Pain","description":"Deal 3000% damage ( 3 hits, 1000% per hit )"},
{"title":"Light Dragon Scale","description":"Absorbs 100% Light damage for 4 turns.."},
{"title":"Dark Dragon Scale","description":"Absorbs 100% Dark damage for 4 turns.."},
{"title":"Zero Blast","description":"Player -100% current HP.."},
{"title":"Gravity Breath","description":"Player -99% current HP.."},
{"title":"Dragon Lord's Claw","description":"Deal 100% damage and binds 1 Random sub for 1-2 turns. "},
{"title":"Black Disaster","description":"Deal 150% damage and converts 1 Random orb into Jammer orbs.."}
]