[{"title":"","description":""},{"title":"灼炎の鱗","description":"5ターン状態異常無効"},
{"title":"紅蓮の龍炎","description":"2,220ダメージ+ランダムで1色を火ドロップに変換"},
{"title":"紅蓮の龍炎","description":"5,549ダメージ+ランダムで1色を火ドロップに変換"},
{"title":"紅蓮の龍炎","description":"11,098ダメージ+ランダムで1色を火ドロップに変換"},
{"title":"紅蓮の龍炎","description":"22,195ダメージ+ランダムで1色を火ドロップに変換"},
{"title":"炎帝","description":"110,975ダメージ+ランダムで1色を火ドロップに変換"},
{"title":"アイスエイジ","description":"5ターン水ドロップが落ちやすくなる"},
{"title":"アブソリュート・エンド","description":"365,200ダメージ+ランダムで1色を水ドロップに変換"},
{"title":"暴風結界","description":"4ターン状態異常無効"},
{"title":"迅風烈哮","description":"17,525ダメージ+ランダムで1色をお邪魔ドロップに変換"},
{"title":"迅風烈哮","description":"17,525ダメージ+ランダムで1色をお邪魔ドロップに変換"},
{"title":"爪翼乱撃","description":"35,052ダメージ(連続攻撃)"},
{"title":"龍巻旋封","description":"14,020ダメージ+サブ全員が1~2ターン行動不能"},
{"title":"一時の凪","description":"何もしない"},
{"title":"天地崩嵐","description":"438,125ダメージ(連続攻撃)"},
{"title":"星帝の煌き","description":"99ターンの間、5コンボ以下の攻撃を吸収"},
{"title":"ネビュラインフェルノ","description":"1000％ダメージ+盤面を暗闇状態にする"},
{"title":"天雷","description":"80％ダメージ+ランダムで1色を光ドロップに変換"},
{"title":"フォトンブレス","description":"150％ダメージ（連続攻撃）"},
{"title":"冥轟","description":"80％ダメージ+ランダムで1色を闇ドロップに変換"},
{"title":"ディバインスター","description":"250％ダメージ（連続攻撃）"},
{"title":"フレイムボディ","description":"5ターンの間、状態異常無効"},
{"title":"クロスドロゥブレス","description":"110％ダメージ"},
{"title":"ブレイズオーラ","description":"5回合內，將 5COMBO 或以下時所造成的傷害全部吸收"},
{"title":"トリプルブレス","description":"120％ダメージ(連続攻撃)"},
{"title":"ファイヤーアーマー","description":"5ターンの間、単体50万以上のダメージを無効化する"},
{"title":"ファニングブレス","description":"120％ダメージ(連続攻撃)"},
{"title":"インフェルノブレット","description":"150％ダメージ+ランダムで5体を5ターンの間バインド"},
{"title":"バーストエンド","description":"5000％ダメージ(連続攻撃)"},
{"title":"剛氷の鎧","description":"999ターンの間、状態異常無効"},
{"title":"フリージングゾーン","description":"80％ダメージ+敵のHPが50%回復"},
{"title":"ハイプレスクロー","description":"現HP99%の割合ダメージ"},
{"title":"アイスエッジハンマー","description":"120％ダメージ"},
{"title":"デストラクションブリザード","description":"140％ダメージ（連続攻撃）"},
{"title":"暴れ狂う","description":"100％ダメージ+全ドロップを水/回復/お邪魔ドロップに変換"},
{"title":"憤怒の眼光","description":"お邪魔ドロップをロック"},
{"title":"アビステンペスト","description":"500％ダメージ（連続攻撃）"},
{"title":"さぁ、戦いましょう","description":"2ターンスキル遅延"},
{"title":"6コンボしないと地獄行きですよ","description":"1ターンの間、5コンボ以下の攻撃を吸収"},
{"title":"まだまだですね","description":"600%ダメージ（連続攻撃）"},
{"title":"なるほど、ではもう一度","description":"1ターンの間、5コンボ以下の攻撃を吸収"},
{"title":"先程の様にはいきませんよ","description":"1ターンの間、操作時間が1秒減少"},
{"title":"ダメージが足りませんね","description":"600%ダメージ+盤面を暗闇状態にする"},
{"title":"さて、いきますよ","description":"999ターンの間、攻撃力が2倍"},
{"title":"カオティックボール","description":"105%ダメージ（連続攻撃）"},
{"title":"スティールテイル","description":"60%ダメージ+ランダムで1体を2ターンの間バインド"},
{"title":"ツヅケルゾ","description":"999ターンの間、状態異無効化"},
{"title":"キング・オブ・ゼロ","description":"1ターンの間、受けるダメージを75%軽減する"},
{"title":"リターン・トゥ・ゼロ","description":"発動しているスキル効果を解除する"},
{"title":"サクリファイス","description":"ランダムで3体を2ターンの間バインド"},
{"title":"王眼","description":"5ターンの間スキル封印"},
{"title":"リ・ゼロ","description":"敵のHPが100%回復"},
{"title":"零式王砲","description":"200%ダメージ（連続攻撃）+毒ドロップを猛毒ドロップに変換"},
{"title":"ブルースフィア","description":"敵のHPが10%回復"},
{"title":"カオスボルト","description":"毒ドロップを4つ生成"},
{"title":"ダークパルス","description":"120%ダメージ+盤面を暗闇状態にする"},
{"title":"龍王砲","description":"150%ダメージ（連続攻撃）"},
{"title":"エンド・オブ・ペイン","description":"現HP100%の割合ダメージ"},
{"title":"ビヨンド・ザ・ペイン","description":"3000%ダメージ（連続攻撃）"},
{"title":"光の龍鱗","description":"4ターンの間、光属性攻撃を吸収"},
{"title":"闇の龍鱗","description":"4ターンの間、闇属性攻撃を吸収"},
{"title":"ゼロ・ブラスト","description":"現HP100%の割合ダメージ"},
{"title":"グラビティブレス","description":"現HP99%の割合ダメージ"},
{"title":"真龍王の魔爪","description":"100%ダメージ+ランダムでサブ1体を1~2ターンの間バインド"},
{"title":"ブラックディザスター","description":"150%ダメージ+ランダムで1色をお邪魔ドロップに変換"}
]