[{"title":"","description":""},{"title":"灼炎の鱗","description":"5回合內異常狀態（如毒、威嚇、破防）無效化"},
{"title":"紅蓮の龍炎","description":"隨機1種寶珠轉火珠，並造成10%傷害"},
{"title":"紅蓮の龍炎","description":"隨機1種寶珠轉火珠，並造成25%傷害"},
{"title":"紅蓮の龍炎","description":"隨機1種寶珠轉火珠，並造成50%傷害"},
{"title":"紅蓮の龍炎","description":"隨機1種寶珠轉火珠，並造成100%傷害"},
{"title":"炎帝","description":"隨機1種寶珠轉火珠，並造成500%傷害"},
{"title":"アイスエイジ","description":"5回合內，水珠的掉落機率提升25%"},
{"title":"アブソリュート・エンド","description":"隨機1種寶珠轉水珠，並造成500%傷害"},
{"title":"暴風結界","description":"4回合內異常狀態（如毒、威嚇、破防）無效化"},
{"title":"迅風烈哮","description":"火轉邪魔珠，並造成100%傷害"},
{"title":"迅風烈哮","description":"隨機1種寶珠轉邪魔珠，並造成100%傷害"},
{"title":"爪翼乱撃","description":"連擊4次，造成200%傷害"},
{"title":"龍巻旋封","description":"封鎖所有隊員寵物1~2回合，並造成80%傷害"},
{"title":"一時の凪","description":"甚麼都不做"},
{"title":"天地崩嵐","description":"連擊5次，造成2500%傷害"},
{"title":"星帝の煌き","description":"99回合內，將 5COMBO 或以下時所造成的傷害全部吸收"},
{"title":"ネビュラインフェルノ","description":"隱藏全畫面的寶珠，並造成1000%傷害"},
{"title":"天雷","description":"隨機1種寶珠轉光珠，並造成80%傷害"},
{"title":"フォトンブレス","description":"連擊3次，造成150%傷害"},
{"title":"冥轟","description":"隨機1種寶珠轉暗珠，並造成80%傷害"},
{"title":"ディバインスター","description":"連擊5次，造成250%傷害"},
{"title":"フレイムボディ","description":"5回合內異常狀態（如毒、威嚇、破防）無效化"},
{"title":"クロスドロゥブレス","description":"重擊，造成110%傷害"},
{"title":"ブレイズオーラ","description":"5回合內，將 5COMBO 或以下時所造成的傷害全部吸收"},
{"title":"トリプルブレス","description":"連擊3次，造成120%傷害"},
{"title":"ファイヤーアーマー","description":"5回合內， 單一傷害值在 500000 點以上的傷害無效化"},
{"title":"ファニングブレス","description":"連擊6次，造成120%傷害"},
{"title":"インフェルノブレット","description":"封鎖隨機5隻寵物5回合，並造成150%傷害"},
{"title":"バーストエンド","description":"連擊5次，造成5000%傷害"},
{"title":"剛氷の鎧","description":"999回合內異常狀態（如毒、威嚇、破防）無效化"},
{"title":"フリージングゾーン","description":"回復50%HP，並造成80%傷害"},
{"title":"ハイプレスクロー","description":"造成玩家目前HP99%的傷害"},
{"title":"アイスエッジハンマー","description":"重擊，造成120%傷害"},
{"title":"デストラクションブリザード","description":"連擊2次，造成140%傷害"},
{"title":"暴れ狂う","description":"所有寶珠變為水心邪魔，並造成100%傷害"},
{"title":"憤怒の眼光","description":"將邪魔珠鎖定"},
{"title":"アビステンペスト","description":"連擊5次，造成500%傷害"},
{"title":"さぁ、戦いましょう","description":"當前所有技能的冷卻時間增加 2 回合"},
{"title":"6コンボしないと地獄行きですよ","description":"1回合內，將 5COMBO 或以下時所造成的傷害全部吸收"},
{"title":"まだまだですね","description":"連擊3次，造成600%傷害"},
{"title":"なるほど、ではもう一度","description":"1回合內，將 5COMBO 或以下時所造成的傷害全部吸收"},
{"title":"先程の様にはいきませんよ","description":"1回合內，寶珠移動時間減少1秒"},
{"title":"ダメージが足りませんね","description":"隱藏全畫面的寶珠，並造成600%傷害"},
{"title":"さて、いきますよ","description":"999回合內攻擊力提升至200%"},
{"title":"カオティックボール","description":"連擊3次，造成105%傷害"},
{"title":"スティールテイル","description":"封鎖隨機1隻寵物2回合，並造成60%傷害"},
{"title":"ツヅケルゾ","description":"999回合內異常狀態（如毒、威嚇、破防）無效化"},
{"title":"キング・オブ・ゼロ","description":"1回合內，受到的所有傷害減少75%"},
{"title":"リターン・トゥ・ゼロ","description":"消除玩家所有BUFF技能效果（如盾、攻擊增幅技能）"},
{"title":"サクリファイス","description":"封鎖隨機3隻寵物2回合"},
{"title":"王眼","description":"5回合內，無法發動任何主動技能"},
{"title":"リ・ゼロ","description":"回復100%HP"},
{"title":"零式王砲","description":"毒轉猛毒，並造成200%傷害"},
{"title":"ブルースフィア","description":"回復10%HP"},
{"title":"カオスボルト","description":"隨機將4粒寶珠變成毒珠"},
{"title":"ダークパルス","description":"隱藏全畫面的寶珠，並造成120%傷害"},
{"title":"龍王砲","description":"連擊3次，造成150%傷害"},
{"title":"エンド・オブ・ペイン","description":"造成玩家目前HP100%的傷害"},
{"title":"ビヨンド・ザ・ペイン","description":"連擊3次，造成3000%傷害"},
{"title":"光の龍鱗","description":"4回合內，將受到的光屬性傷害轉換成自己的生命值"},
{"title":"闇の龍鱗","description":"4回合內，將受到的暗屬性傷害轉換成自己的生命值"},
{"title":"ゼロ・ブラスト","description":"造成玩家目前HP100%的傷害"},
{"title":"グラビティブレス","description":"造成玩家目前HP99%的傷害"},
{"title":"真龍王の魔爪","description":"封鎖隨機1隻隊員寵物1~2回合，並造成100%傷害"},
{"title":"ブラックディザスター","description":"隨機1種寶珠轉邪魔，並造成150%傷害"}
]