[{"title":"","description":""},{"title":"","description":""},{"title":"ソング・オブ・ヴァルハラ","description":"5ターンの間、火属性の攻撃を吸収"},{"title":"","description":""},{"title":"滅槍グングニール","description":"27,859ダメージ+1ターンの間、猛毒ドロップが落ちる確率が15%増加する"},{"title":"バーレイグ","description":"火ドロップ"},{"title":"フニカル","description":"現HPの99％ダメージ"},{"title":"ヴァク・シグフェズル","description":"連続攻撃:116,080ダメージ"},{"title":"ダブルスラッシュ","description":"連続攻撃:37,146ダメージ"},{"title":"火属性弱化","description":"火属性モンスターが1ターンの間、行動不能"},{"title":"ディバイドブレイズ","description":"27,859ダメージ+上段の横3列目を火ドロップに変化"},{"title":"トリプルスラッシュ","description":"連続攻撃:41,790ダメージ"},{"title":"火属性弱化","description":"火属性モンスターが1ターンの間、行動不能"},{"title":"ディバイドポイズン","description":"34,824ダメージ+上段の横3列目を火ドロップに変化"}]