[{"title":"","description":""},{"title":"","description":""},{"title":"我の邪魔をするというのか・・・","description":"999回合內，將 5COMBO 或以下時所造成的傷害全部吸收"},{"title":"","description":""},{"title":"天怒の前触れ","description":"1回合內，盤面上出現大小為 6×2 的雲遮擋寶珠"},{"title":"","description":""},{"title":"戦神の呼声","description":"10回合內，水珠光珠會以鎖定狀態掉落"},{"title":"大したことないな","description":"2連続攻撃:30,310ダメージ"},{"title":"戦神の覇気","description":"味方全体のスキルターンを3ターン遅延"},{"title":"アースメギンの解放","description":"99ターンの間、攻撃力が2倍(1度だけ使用)"},{"title":"ライトニングヘル","description":"275,540ダメージ+ランダム1色をお邪魔ドロップに変化"},{"title":"ここまでやるとは・・・","description":"999ターンの間、状態異常無効"},{"title":"よかろう来るがいい","description":"10ターンの間、受けるダメージを半減"},{"title":"天怒の前触れ","description":"1回合內，盤面上出現大小為 6×2 的雲遮擋寶珠"},{"title":"雷よ！！","description":"左方起第2直行 轉 光珠，並造成95%傷害 (26176→52353)"},{"title":"雷よ！！","description":"左方起第3直行 轉 光珠，並造成95%傷害 (26176→52353)"},{"title":"雷よ！！","description":"右方起第3直行 轉 光珠，並造成95%傷害 (26176→52353)"},{"title":"雷よ！！","description":"右方起第2直行 轉 光珠，並造成95%傷害 (26176→52353)"},{"title":"轟け！ミョルニル","description":"將隨機10粒寶珠鎖定，並造成100%傷害 (27554→55108)"},{"title":"我に力を！メギンギョルド","description":"連擊3次，造成105%傷害 (28932→57864)"}]