[{"title":"","description":""},{"title":"","description":""},{"title":"ミゼリコルド","description":"20回合內，寶珠移動時間變成原來的200%"},{"title":"","description":""},{"title":"人としての貴方に用はありません","description":"999回合內，將 7COMBO 或以下時所造成的傷害全部吸收 "},{"title":"","description":""},{"title":"レーヌディアデム","description":"999回合內，將 7COMBO 或以下時所造成的傷害全部吸收 "},{"title":"ヴァンブークリエ","description":"999回合內異常狀態（如毒、威嚇、破防）無效化"},{"title":"ヴァンアンブラッスマン","description":"25,547ダメージ+4ターンの間、ランダム1体を行動不能"},{"title":"ブリュイヤールシエージュ","description":"23,843ダメージ+ランダム4個のドロップが雲で覆われる"},{"title":"フォンセラム","description":"23,843ダメージ+1ターンの間、8個のドロップを超暗闇状態にする"},{"title":"疲れて眠ってしまった","description":"敵のHPを全回復"},{"title":"スヤスヤ眠っている","description":"敵のHPを20％回復(HP20%以上で使用)"},{"title":"スヤスヤ眠っている","description":"敵のHPを20％回復(HP20%以上で使用)"},{"title":"目を覚ました","description":"999ターンの間、攻撃力が1.5倍"},{"title":"ごめんなさい、続きをしましょう","description":""},{"title":"目を覚ました","description":"999ターンの間、攻撃力が1.5倍(敵のHPが99％以下の時)"},{"title":"待っていてくださったんですね","description":""},{"title":"ブリュイヤールシエージュ","description":"23,843ダメージ+ランダム4個のドロップが雲で覆われる"},{"title":"フォンセラム","description":"23,843ダメージ+1ターンの間、8個のドロップを超暗闇状態にする"},{"title":"びっくりして目を覚ました","description":"3ターンの間、受けるダメージを75%軽減"},{"title":"ちょっと怒っていますよ？","description":"999ターンの間、攻撃力が2倍(敵のHPが20％以下の時)"},{"title":"フェーコレール","description":"連続攻撃:510,930ダメージ"},{"title":"フェーコレール","description":"連続攻撃:510,930ダメージ"}]