[{"title":"","description":""},{"title":"","description":""},{"title":"[固有特性]  怒りで敵の行動ターンが変化した","description":"HP70%或以下時，敵人的攻擊間隔由 4 變成 1"},{"title":"","description":"[固有特性] 受到的光屬性傷害減少50%"},{"title":"","description":""},{"title":"誤謬無き絶対的原罪","description":"999ターンの間、3,000万以上のダメージを無効"},{"title":"","description":""},{"title":"万有を創造せし時空の支配者","description":"99ターンの間、ドロップがロック状態で落ちてくる"},{"title":"通常攻撃","description":"39,858ダメージ"},{"title":"無尽蔵な世界の排他的概念","description":"999ターンの間、状態異常無効"},{"title":"飢餓に狂いし無形の王","description":"10ターンの間、スキルを使用不能"},{"title":"名状する事叶わぬ虚空の中心","description":"999ターンの間、攻撃力が10倍"},{"title":"無限なる混沌の禍根","description":"47,830ダメージ+1ターンの間、お邪魔ドロップが落ちるようになる"},{"title":"暗澹たる不浄の言辞","description":"43,844ダメージ+1ターンの間、覚醒スキルの効果を無効化"},{"title":"沸騰し狂乱する渦巻く闇黒","description":"35,872ダメージ+1ターンの間、20個のドロップを超暗闇状態にする"},{"title":"通常攻撃","description":"39,858ダメージ"}]