[{"title":"","description":""},{"title":"","description":"[固有特性] HP在上限50%或以上的話，受到致命傷害時，將會以1點HP生還"},{"title":"","description":"[固有特性] 受到的木屬性傷害減少50%"},{"title":"","description":""},{"title":"無尽蔵な世界の排他的概念","description":"999ターンの間、状態異常無効"},{"title":"","description":""},{"title":"海底に眠りし太古の邪神","description":"30ターンの間、最下段横1列が雲に覆われる"},{"title":"千古より回帰する細胞","description":"敵のHPを全回復"},{"title":"宇宙より来訪せし異形の真理","description":"連続攻撃:3,218,400ダメージ"},{"title":"宇宙より来訪せし異形の真理","description":"連続攻撃:3,218,400ダメージ"},{"title":"外界を侵略せし悪夢","description":"999ターンの間、6コンボ以下の攻撃を吸収"},{"title":"時の死を呼びし聖域","description":"59,004ダメージ+15ターンの間、猛毒ドロップが落ちてくるようになる"},{"title":"唯一の海を支配したる右腕","description":"36,475ダメージ+ランダムで水ドロップを9個生成"},{"title":"支えし父なる神、深き者の存在","description":"連擊8次，造成400%傷害 (42912)"},{"title":"封緘する沈黙の深水","description":"38,621ダメージ+1ターンの間、操作時間を激減"},{"title":"人智及ばぬ畏怖の星辰","description":"40,766ダメージ+ランダムで15個のドロップをロック"}]