[{"title":"守りの衣","description":"1ターンの間、受けるダメージ80％減少"},{"title":"グングニール","description":"24,486ダメージ+5ターンの間、ランダム１体を行動不能"},{"title":"守りの衣","description":"1ターンの間、受けるダメージ80％減少"},{"title":"グングニール","description":"24,486ダメージ+5ターンの間、ランダム１体を行動不能"},{"title":"負けるわけには…いかないな","description":"7ターンの間、操作時間を1秒減少"},{"title":"フニカル","description":"現HPの99％ダメージ"},{"title":"スキルヴィング","description":"7ターンの間、操作時間を1秒減少"},{"title":"フニカル","description":"現HPの99％ダメージ"},{"title":"ヴァク・シグフェズル","description":"連続攻撃:116,080ダメージ"},{"title":"ダブルスラッシュ","description":"連続攻撃:37,146ダメージ"},{"title":"自動回復","description":"敵のHPを10％回復"},{"title":"ディバイドブラスト","description":"24,486ダメージ+上から3列目の横１列を木ドロップに変化"},{"title":"トリプルスラッシュ","description":"連続攻撃:41,790ダメージ"},{"title":"自動回復","description":"敵のHPを10％回復"},{"title":"ディバイドポイズン","description":"34,824ダメージ+上段の横3列目を火ドロップに変化"}]