[{"title":"","description":""},{"title":"","description":"[固有特性] HP在上限50%或以上的話，受到致命傷害時，將會以1點HP生還"},{"title":"","description":""},{"title":"[固有特性]  怒りで敵の行動ターンが変化した","description":"HP20%或以下時，敵人的攻擊間隔由 2 變成 1"},{"title":"","description":""},{"title":"紅蓮の巨体","description":"10ターンの間、7コンボ以下吸収"},{"title":"","description":""},{"title":"獄下の施し","description":"10ターンの間、操作時間が1.5倍"},{"title":"","description":""},{"title":"渦炎","description":"10ターンの間、指定した1マスが1.5秒ごとに属性変化"},{"title":"自己治癒","description":"自身のHPを50%回復"},{"title":"燃え上がる","description":"99ターンの間、攻撃力が1.2倍"},{"title":"弾き飛ばし","description":"10ターンの間、リーダーとサブを入れ替える"},{"title":"硬殻の翼","description":"10ターンの間、500万以上のダメージを無効化"},{"title":"興奮状態","description":"38,338ダメージ"},{"title":"棘翼撃","description":"4ターンの間、状態異常無効+ドロップが見えなくなる"},{"title":"噴煙","description":"21,907ダメージ+4ターンの間、6個のドロップが雲で覆われる"},{"title":"熱波","description":"2ターンの間、最上段の横1列と最下段の横1列が移動不可能になる(1回のみ使用)"},{"title":"魔獣の猛撃","description":"10連続攻撃：219,070ダメージ"},{"title":"毒槍","description":"40,163ダメージ+ランダムで回復ドロップ毒ドロップを3個ずつ生成"},{"title":"翠連爪","description":"4連続攻撃：43,816ダメージ"}]