[{"title":"","description":""},{"title":"","description":"[固有特性] 受到的水屬性傷害減少50%"},{"title":"","description":""},{"title":"極限の五感","description":"30ターンの間、状態異常を無効"},{"title":"","description":""},{"title":"断雪の剛体","description":"3ターンの間、ダメージを95%減少"},{"title":"ぶん投げ","description":"5ターンの間、サブモンスター1体とランダムにリーダーチェンジ"},{"title":"憤怒大乱撃","description":"8連続攻撃：82,040ダメージ"},{"title":"叩き割り","description":"23,073ダメージ+ランダムでお邪魔ドロップを8個生成"},{"title":"乱打","description":"4連続攻撃：25,636ダメージ"},{"title":"激昂","description":"2ターンの間、攻撃力が2.8倍"},{"title":"捨て身の攻撃","description":"28,201ダメージ+3ターンの間、ダメージを10%減少"},{"title":"激昂","description":"2ターンの間、攻撃力が2.8倍"},{"title":"捨て身の攻撃","description":"28,201ダメージ+3ターンの間、ダメージを10%減少"},{"title":"激昂","description":"2ターンの間、攻撃力が2.8倍"},{"title":"捨て身の攻撃","description":"28,201ダメージ+3ターンの間、ダメージを10%減少"},{"title":"激昂","description":"2ターンの間、攻撃力が2.8倍"},{"title":"捨て身の攻撃","description":"28,201ダメージ+3ターンの間、ダメージを10%減少"},{"title":"激昂","description":"2ターンの間、攻撃力が2.8倍"},{"title":"捨て身の攻撃","description":"28,201ダメージ+3ターンの間、ダメージを10%減少"},{"title":"激昂","description":"2ターンの間、攻撃力が2.8倍"},{"title":"捨て身の攻撃","description":"28,201ダメージ+3ターンの間、ダメージを10%減少"},{"title":"激昂","description":"2ターンの間、攻撃力が2.8倍"},{"title":"捨て身の攻撃","description":"28,201ダメージ+3ターンの間、ダメージを10%減少"},{"title":"激昂","description":"2ターンの間、攻撃力が2.8倍"},{"title":"捨て身の攻撃","description":"28,201ダメージ+3ターンの間、ダメージを10%減少"},{"title":"激昂","description":"2ターンの間、攻撃力が2.8倍"},{"title":"捨て身の攻撃","description":"28,201ダメージ+3ターンの間、ダメージを10%減少"},{"title":"大激昂","description":"999ターンの間、攻撃力が3倍"},{"title":"氷の粉煙","description":"10回合內，盤面上出現大小為 5×4 的雲遮擋寶珠"},{"title":"叩き割り","description":"23,073ダメージ+ランダムでお邪魔ドロップを8個生成"},{"title":"乱打","description":"4連続攻撃：25,636ダメージ"}]