[{"title":"","description":""},{"title":"","description":"[固有特性] HP在上限50%或以上的話，受到致命傷害時，將會以1點HP生還"},{"title":"","description":""},{"title":"モード＝メーアパンツァー","description":"999ターンの間、状態異常無効"},{"title":"","description":""},{"title":"ジャスティスウェーブ","description":"3~5ターンのスキル遅延"},{"title":"ジャスティスブースター","description":"999ターンの間、攻撃力が2倍"},{"title":"ジャスティスアブソルートストーム","description":"338,352（2倍時:676,704）ダメージの連続攻撃"},{"title":"ジャスティスシールド","description":"5ターンの間、水、毒、お邪魔ドロップが落ちやすくなる＋25,376（2倍時:50,753）ダメージ"},{"title":"ジャスティステンペスト","description":""},{"title":"ジャスティスアイ","description":"発動しているスキル効果を解除する"},{"title":"ジャスティスアビスブレード","description":"上から2段目を水、毒ドロップに変換＋21,147（2倍時:42,294）ダメージ"},{"title":"ジャスティスアイ","description":"発動しているスキル効果を解除する"},{"title":"ジャスティスパンチ","description":"現HP99％の割合ダメージ"},{"title":"ジャスティスアイ","description":"発動しているスキル効果を解除する"},{"title":"ジャスティスダークブーメラン","description":"29,604（2倍時:59,208）ダメージの連続攻撃"}]