[{"title":"フォールフロムチムニー","description":"31,014ダメージ+全面暗闇"},{"title":"子守唄","description":"ランダムで3体を3ターンバインド"},{"title":"アカハナの鋭い眼光","description":"発動しているスキル効果を解除する"},{"title":"プレゼントボックス","description":"37,217ダメージ+ランダムでお邪魔ドロップを5個生成"},{"title":"プレゼントボックス","description":"40,318ダメージ+ランダムで水ドロップを3個生成"},{"title":"プレゼントボックス","description":"現在のHP80%ダメージ"},{"title":"アカハナの攻撃","description":"連続攻撃:49,622ダメージ"},{"title":"アカハナロックホーン","description":"43,420ダメージ+ランダムでドロップ5個をロックする"},{"title":"アカハナタックル","description":"49,622ダメージ+2ターンスキル遅延(一度だけ使用)"},{"title":"チキンバレル","description":"連続攻撃:186,084ダメージ"}]