[{"title":"","description":""},{"title":"","description":"[固有特性] HP在上限50%或以上的話，受到致命傷害時，將會以1點HP生還"},{"title":"","description":""},{"title":"やってやんぞ！こいよオラ！！","description":"將隨機10粒火珠水珠木珠光珠暗珠鎖定"},{"title":"いてぇじゃねぇか！！","description":"999ターンの間攻撃力が2倍になる"},{"title":"まだ終わんねぇぞコラ！！","description":"自身のHPを100%回復する"},{"title":"大鯰の毒霧","description":"ランダムで毒ドロップ以外の8個のドロップを毒ドロップに変化"},{"title":"武神卍固め","description":"①ランダムで1体を3ターンバインド+???ダメージ"},{"title":"神髄下段蹴り","description":"②1ターンのスキル遅延+33,192ダメージ"},{"title":"神鳴り落とし","description":"②1左から縦3、4列目を光ドロップに変換+33,192ダメージ"},{"title":"剣神地獄突き","description":"②41,490ダメージ"},{"title":"決めるぞオラ！歯喰いしばれ！！","description":"全ドロップを暗闇にする"},{"title":"伊都之尾羽張式雷電地砕落とし","description":"左から縦1、2、5、6列目をお邪魔ドロップに変換+138,300ダメージ"}]