[{"title":"深き深き常闇へ・・・","description":"味方全体のスキルターンを3~5ターン減少"},{"title":"流滴苦の紅雨","description":"15ターンの間、毒ドロップが落ちてくる"},{"title":"八掛の殻雨莉衣","description":"10ターンの間、受けるダメージを75%軽減"},{"title":"枠不視","description":"1ターンの間、上から1、5列目、左から1、6列目のドロップを超暗闇状態にする"},{"title":"右虚隠し","description":"17,751ダメージ+1ターンの間、左から6列目の縦1列を超暗闇状態にする"},{"title":"左虚隠し","description":"17,751ダメージ+1ターンの間、左から1列目の縦1列を超暗闇状態にする"},{"title":"天闇","description":"15,976ダメージ+1ターンの間、最上段の横1列を超暗闇状態にする"},{"title":"地闇","description":"15,976ダメージ+1ターンの間、最下段の横1列を超暗闇状態にする"},{"title":"暗巳血溜燃揺","description":"21,301ダメージ+上から3列目の横1列を火ドロップに変化"},{"title":"冥火双枷","description":"21,301ダメージ+1ターンの間、ランダム1体を行動不能"},{"title":"裏日鼓","description":"連続攻撃:31,953ダメージ"},{"title":"千年永の獄","description":"10ターンの間、80万以上のダメージを吸収(一度だけ使用)"},{"title":"久戯暗敷忌","description":"106,506ダメージ+1ターンの間、上から1、3、5列目を超暗闇状態にする"}]