[{"title":"","description":""},{"title":"","description":""},{"title":"グレイス・オブ・ミーミル","description":"5ターンの間、水属性の攻撃を吸収"},{"title":"","description":""},{"title":"魔槍グングニール","description":"21,272ダメージ+水闇をロック"},{"title":"ヴィズル","description":"1ターンの間、猛毒ドロップが落ちる確率が15%増加する"},{"title":"フニカル","description":"現HPの99％ダメージ"},{"title":"ヴァク・シグフェズル","description":"連続攻撃:116,080ダメージ"},{"title":"ダブルスラッシュ","description":"連続攻撃:37,146ダメージ"},{"title":"スキルレジスト","description":"スキル使用に必要なターン数を1ターン遅延"},{"title":"ディバイドアイシクル","description":"21,272ダメージ+上段の横3列目を水ドロップに変化"},{"title":"トリプルスラッシュ","description":"連続攻撃:41,790ダメージ"},{"title":"スキルレジスト","description":"スキル使用に必要なターン数を1ターン遅延"},{"title":"ディバイドポイズン","description":"34,824ダメージ+上段の横3列目を火ドロップに変化"}]