[{"title":"","description":""},{"title":"","description":"[固有特性] 受到的火、光屬性傷害減少50%"},{"title":"","description":""},{"title":"堕天の翼","description":"4ターンの間、最上段の横1列目が操作不能になる"},{"title":"","description":""},{"title":"スケープゴート","description":"999ターンの間、状態異常無効"},{"title":"牡山羊の鮮血","description":"敵のHPが50%回復"},{"title":"魔響","description":"34,768ダメージ+99ターンの間、受けるダメージを75%減少"},{"title":"ナイトメアスパイラル","description":"7連続攻撃：121,688ダメージ"},{"title":"魔蛇の眼","description":"7連続攻撃：30,422ダメージ"},{"title":"ネガティブチェイン","description":"味方全体のスキルターンを6ターン遅延(1回のみ使用)"},{"title":"魔蛇の凶眼","description":"4連続攻撃：30,422ダメージ"},{"title":"ネガティブチェイン","description":"味方全体のスキルターンを6ターン遅延(1回のみ使用)"},{"title":"ブラックリベリオン","description":"19,122ダメージ+木闇ドロップお邪魔ドロップ毒ドロップの中からランダムで10個をロック"},{"title":"バナマス","description":"8,692ダメージ+回復ドロップ以外から毒ドロップを12個生成"},{"title":"アガハラ","description":"26,076ダメージ+左側の縦1，2列目を火水お邪魔ドロップに、3，4列目を木光お邪魔ドロップに、5，6列目を闇回復ドロップお邪魔ドロップに変化"}]