[{"title":"","description":""},{"title":"","description":"[固有特性] 受到的光、暗屬性傷害減少50%"},{"title":"","description":""},{"title":" ダークネスフレーム","description":"99回合內，將 5COMBO 或以下時所造成的傷害全部吸收"},{"title":"","description":""},{"title":"パワークロウ","description":"盤面の闇、光ドロップをロック"},{"title":"パワーイーター","description":"3ターンの間、50万以上ダメージを無効"},{"title":"メタルスライサー","description":"現HP99％の割合ダメージ"},{"title":"ガンメタリックアーマー","description":"3ターンの間、受けるダメージを75％軽減"},{"title":"アルティメットスキューア","description":"全ドロップをロック＋168,770（2倍時:337,540）ダメージの連続攻撃"},{"title":"パワークロウ","description":"盤面の闇、光ドロップをロック"},{"title":"ダークボルト","description":"盤面を暗闇状態にする＋33,754ダメージ"},{"title":"インクリース","description":"999ターンの間、攻撃力が2倍"},{"title":"デストラクションクロウ","description":"お邪魔ドロップ毒ドロップを4個ずつ生成＋43,880ダメージ"},{"title":"ネメシスクロウ","description":"1色を毒ドロップに変換＋21,940（2倍時:43,880）ダメージ"},{"title":"ブレイククロウ","description":"1色をお邪魔ドロップに変換＋21,940（2倍時:43,880）ダメージ"},{"title":"インクリース","description":"999ターンの間、攻撃力が2倍"},{"title":"イービルグラブ","description":"お邪魔ドロップをロック＋23,628（2倍時:47,256）ダメージ"},{"title":"エレメントグラブ","description":"火ドロップをロック＋23,628（2倍時:47,256）ダメージ"},{"title":"インクリース","description":"999ターンの間、攻撃力が2倍"},{"title":"ライデンクロウ","description":"連擊4次，造成200%傷害 (33756→67512"},{"title":"ハイメタルチェーン","description":"5ターンの間、スキル封印＋23,628（2倍時:47,256）ダメージ"},{"title":"クリーブコンボ","description":"27,004（2倍時:54,008）ダメージの連続攻撃"}]