[{"title":"","description":""},{"title":"","description":""},{"title":"護神の大盾","description":"3ターンの間、受けるダメージを75%軽減"},{"title":"","description":""},{"title":"抗毒の魔壁","description":"3ターンの間、状態異常無効"},{"title":"カセィールアクラブ","description":"140,760ダメージ+左から1、3、5列目の縦1列を毒ドロップ、2、4、6列目の縦1列を猛毒ドロップに変化"},{"title":"スコーピオンニードル","description":"23460ダメージ+ランダムで毒ドロップを6個生成"},{"title":"ガリーブディファーア","description":"2ターンの間、6コンボ以下の攻撃を吸収"},{"title":"冥天の眼差し","description":"パズル開始位置を固定"},{"title":"護神剣","description":"46920ダメージ+盤面を真っ暗にする"},{"title":"神経毒","description":"10ターンの間、操作時間を１秒減少"},{"title":"ソッムザナブ","description":"15,901ダメージ+ランダム1色を猛毒ドロップに変化"},{"title":"スコーピオンスラッシュ","description":"32,844ダメージ+左端縦1列を毒ドロップに変化"},{"title":"蠍鋏斬","description":"連続攻撃:37,536ダメージ"}]