[{"title":"","description":""},{"title":"","description":"[固有特性] 由回復類和攻擊類寵物造成的傷害減少50%"},{"title":"","description":""},{"title":"[先制使用]  さぁ来たよ！","description":"999回合內異常狀態（如毒、威嚇、破防）無效化"},{"title":"","description":""},{"title":"[先制使用]  準備はいいかな？","description":"999回合內，將 4COMBO 或以下時所造成的傷害全部吸收"},{"title":"","description":""},{"title":"[先制使用]  みんな走れ~！","description":"1回合內，盤面上出現大小為 6×3 的雲遮擋寶珠，並造成120%傷害 (31020)重覆以下流程1"},{"title":"へへーん！まいったか","description":"1回合內，寶珠移動時間變成原來的25% [4COMBO或以下時必用]"},{"title":"むー！これはどうだ","description":"1回合內，指定位置上的寶珠每隔1秒不斷轉換 [5COMBO或以上時必用]         2"},{"title":"もっと走れ~！","description":"1回合內，盤面上出現大小為 4×5 的雲遮擋寶珠，並造成100%傷害 (25850)3"},{"title":"へへーん！まいったか","description":"1回合內，寶珠移動時間變成原來的25% [4COMBO或以下時必用]"},{"title":"むー！これはどうだ","description":"1回合內，指定位置上的寶珠每隔1秒不斷轉換 [5COMBO或以上時必用]         4"},{"title":"みんなで一斉攻撃だ~！","description":"連擊5次，造成200%傷害 (51700)"},{"title":"みんな走れ~！","description":"1回合內，盤面上出現大小為 6×3 的雲遮擋寶珠，並造成120%傷害 (31020)"}]