[{"title":"","description":""},{"title":"","description":"[固有特性] 受到的火、木屬性傷害減少50%"},{"title":"","description":""},{"title":"[先制使用]  ミラージュテンプテーション","description":"5回合內，無法發動任何主動技能"},{"title":"","description":""},{"title":"[先制使用]  氷天海","description":"10回合內，水珠心珠會以鎖定狀態掉落，並造成140%傷害 (30366)依次序使用以下技能1次"},{"title":"冷気が増していく","description":"隨機生成水珠寶珠4粒，並造成150%傷害 (32535)"},{"title":"冷気が増していく","description":"隨機生成水珠寶珠8粒，並造成200%傷害 (43380)"},{"title":"冷気が増していく","description":"隨機生成水珠寶珠16粒，並造成250%傷害 (54225)最後重覆使用以下技能"},{"title":"ブライニクル","description":"所有寶珠 轉 水珠，並造成500%傷害 (108450)"}]