[{"title":"","description":""},{"title":"","description":""},{"title":"[先制使用]  咲き乱れ","description":"10回合內，心珠的掉落機率提升20%"},{"title":"","description":""},{"title":"[先制使用]  枯れかけた草花","description":"10回合內，回復力變成原來的50%"},{"title":"大地の実り","description":"999回合內攻擊力提升至200% [HP20%↓必用1次]"},{"title":"舞い散る花びら","description":"隨機生成邪魔珠寶珠4粒，並造成90%傷害 (24338→48676)"},{"title":"腐敗する徒花","description":"心珠 轉 邪魔珠，並造成80%傷害 (21634→43267)"},{"title":"ガイアフレイム","description":"連擊3次，造成105%傷害 (28395→56790)"}]