[{"title":"","description":""},{"title":"","description":"[固有特性] HP在上限75%或以上的話，受到致命傷害時，將會以1點HP生還"},{"title":"","description":""},{"title":"[固有特性]  もっと速く動きな","description":"HP50%或以下時，敵人的攻擊間隔由 2 變成 1"},{"title":"","description":""},{"title":"[先制使用]  アタシに何か用かい？","description":"封鎖隊長及戰友寵物4回合"},{"title":"","description":""},{"title":"[先制使用]  気に入らないね","description":"10回合內，將單一傷害值在 5,000,000 點以上的傷害吸收"},{"title":"その程度かい？","description":"2回合內，覺醒技能無效化"},{"title":"眠っちまいな！","description":"封鎖所有隊員寵物2回合"},{"title":"アンタ大した事ないね","description":"連擊3次，造成300%傷害 (66780"},{"title":"その程度かい？","description":"2回合內，覺醒技能無效化 [HP全滿或很接近全滿時及效果不存在時必用]"},{"title":"ほらっ","description":"5回合內，無法發動任何主動技能"},{"title":"そんなんで大丈夫かい？","description":"造成玩家目前HP99%的傷害"},{"title":"だらしないね！","description":"隨機生成邪魔珠寶珠3粒，並造成150%傷害 (33390)"},{"title":"アタシのこと守りなさいよ","description":"999回合內，受到的所有傷害減少50%"},{"title":"こんなのいらないわよ","description":"暗珠 轉 邪魔珠，並造成100%傷害 (22260)"},{"title":"アンタにお似合いね","description":"邪魔珠 轉 猛毒珠，並造成100%傷害 (22260"},{"title":"こんなのいらないわよ","description":"暗珠 轉 邪魔珠，並造成100%傷害 (22260)"},{"title":"そんなんで大丈夫かい？","description":"造成玩家目前HP99%的傷害"},{"title":"ほらほらどうしたのさ？","description":"連擊2次，造成120%傷害 (26712)"}]