[{"title":"","description":""},{"title":"","description":""},{"title":"ソング・オブ・ヴァルハラ","description":"5回合內，將受到的火屬性傷害轉換成自己的生命值"},{"title":"","description":""},{"title":"滅槍グングニール","description":"1回合內，猛毒珠的掉落機率提升15%，並造成120%傷害 (27859)"},{"title":"バーレイグ","description":"將火珠暗珠鎖定"},{"title":"フニカル","description":"造成玩家目前HP99%的傷害"},{"title":"ヴァク・シグフェズル","description":"連擊5次，造成500%傷害 (116080"},{"title":"ダブルスラッシュ","description":"連擊2次，造成160%傷害 (37146)"},{"title":"火属性弱化","description":"封鎖火屬性寵物1回合"},{"title":"ディバイドブレイズ","description":"上方起第3橫行 轉 火珠，並造成120%傷害 (27859)"},{"title":"トリプルスラッシュ","description":"連擊3次，造成180%傷害 (41790)"},{"title":"火属性弱化","description":"封鎖火屬性寵物1回合"},{"title":"ディバイドポイズン","description":"上方起第3橫行 轉 火珠毒珠，並造成150%傷害 (34824)"}]