[{"title":"フォールフロムチムニー","description":"隱藏全畫面的寶珠，並造成100%傷害 (31014)"},{"title":"子守唄","description":"封鎖隨機3隻寵物3回合"},{"title":"アカハナの鋭い眼光","description":"消除玩家所有BUFF技能效果（如盾、攻擊增幅技能）"},{"title":"プレゼントボックス","description":"隨機生成邪魔珠5粒，並造成120%傷害 (37217)"},{"title":"プレゼントボックス","description":"隨機生成水珠3粒，並造成130%傷害 (40318)"},{"title":"プレゼントボックス","description":"造成玩家目前HP80%的傷害"},{"title":"アカハナの攻撃","description":"連擊2次，造成160%傷害 (49622)"},{"title":"アカハナロックホーン","description":"將隨機5粒火珠水珠木珠光珠暗珠心珠邪魔珠鎖定，並造成140%傷害 (43420)"},{"title":"アカハナタックル","description":"當前所有技能的冷卻時間增加 2 回合，並造成160%傷害 (49622"},{"title":"チキンバレル","description":"連擊6次，造成600%傷害 (186084)"}]