[{"title":"","description":""},{"title":"","description":"[固有特性] HP在上限50%或以上的話，受到致命傷害時，將會以1點HP生還"},{"title":"","description":""},{"title":"[先制使用]  やってやんぞ！こいよオラ！！","description":"將隨機10粒火珠水珠木珠光珠暗珠鎖定"},{"title":"いてぇじゃねぇか！！","description":"999回合內攻擊力提升至200%"},{"title":"まだ終わんねぇぞコラ！！","description":"回復100%HP"},{"title":"大鯰の毒霧","description":"隨機生成毒珠寶珠8粒 [HP50%↓必用1次]"},{"title":"武神卍固め","description":"封鎖隨機1隻寵物3回合，並造成240%傷害 (33192→66384"},{"title":"神髄下段蹴り","description":"當前所有技能的冷卻時間增加 1 回合，並造成240%傷害 (33192→66384)"},{"title":"神鳴り落とし","description":"左方起第3,4直行 轉 光珠，並造成240%傷害 (33192→66384)"},{"title":"剣神地獄突き","description":"重擊，造成300%傷害 (41490→82980)"},{"title":"決めるぞオラ！歯喰いしばれ！！","description":"隱藏全畫面的寶珠 [只用1次]"},{"title":"伊都之尾羽張式雷電地砕落とし","description":"左方起第1,2,5,6直行 轉 邪魔珠，並造成1000%傷害 (138300→276600)"}]