[{"title":"","description":""},
{"title":"","description":"[固有特性] HP在上限50%或以上的話，受到致命傷害時，將會以1點HP生還"},
{"title":"いらっしゃいませ","description":"999回合內異常狀態（如毒、威嚇、破防）無效化"},
{"title":"","description":""},
{"title":"ラブリーボム","description":"指定位置的寶珠變成炸彈珠"},
{"title":"痛いじゃないですか！","description":"回復50%HP"},
{"title":"許さないからっ！","description":"1回合內，覺醒技能無效化"},
{"title":"痛いじゃないですか！","description":"回復50%HP"},
{"title":"この極上のヤツをあげる","description":"所有寶珠變為猛毒珠"},
{"title":"やぁっ！","description":"重擊，造成150%傷害 (42336)"},
{"title":"とおっ！","description":"重擊，造成150%傷害 (42336)"},
{"title":"疲れを癒してください","description":"回復玩家100%HP"},
{"title":"このリンゴもあげちゃいなよ","description":"甚麼都不做"},
{"title":"あっそれは・・・","description":"所有寶珠變為毒珠"},
{"title":"真っ暗ですよ","description":"隱藏全畫面的寶珠"},
{"title":"ラブリーボム","description":"指定位置的寶珠變成炸彈珠"},
{"title":"フェーデガンドル","description":"隨機生成水珠暗珠寶珠各3粒"},
{"title":"ユールヘルグ","description":"連擊2次，造成100%傷害 (28224)"},
{"title":"ブロートガルドル","description":"左方起第1直行 轉 水珠、第6直行 轉 暗珠"},
{"title":"ユールヘルグ","description":"連擊2次，造成100%傷害 (28224)"},
{"title":"スンベルセイズル","description":"1回合內，受到的所有傷害減少50%"},
{"title":"ユールヘルグ","description":"連擊2次，造成100%傷害 (28224)"}]