[{"title":"","description":""},{"title":"","description":"[固有特性] HP在上限50%或以上的話，受到致命傷害時，將會以1點HP生還"},{"title":"","description":""},{"title":"[先制使用]  モード＝メーアパンツァー","description":"999回合內異常狀態（如毒、威嚇、破防）無效化"},{"title":"","description":""},{"title":"[先制使用]  ジャスティスウェーブ","description":"當前所有技能的冷卻時間增加 3~5 回合"},{"title":"ジャスティスブースター","description":"999回合內攻擊力提升至200%"},{"title":"ジャスティスアブソルートストーム","description":"連擊8次，造成1600%傷害 (338352→676704"},{"title":"ジャスティスシールド","description":"3回合內，受到的所有傷害減少75% "},{"title":"ジャスティステンペスト","description":"5回合內，水珠邪魔珠毒珠的掉落機率提升15%，並造成120%傷害 (25376→50753"},{"title":"ジャスティスアイ","description":"消除玩家所有BUFF技能效果（如盾、攻擊增幅技能）"},{"title":"ジャスティスアビスブレード","description":"上方起第2橫行 轉 水珠毒珠，並造成100%傷害 (21147→42294)"},{"title":"ジャスティスアイ","description":"消除玩家所有BUFF技能效果（如盾、攻擊增幅技能）"},{"title":"ジャスティスパンチ","description":"造成玩家目前HP99%的傷害"},{"title":"ジャスティスアイ","description":"消除玩家所有BUFF技能效果（如盾、攻擊增幅技能）"},{"title":"ジャスティスダークブーメラン","description":"連擊4次，造成140%傷害 (29604→59208)"}]