[{"title":"","description":""},{"title":"","description":""},{"title":"[先制使用]  さて、準備完了ですね","description":"999回合內異常狀態（如毒、威嚇、破防）無效化"},{"title":"","description":""},{"title":"[先制使用]  魔獣が睨んでいる","description":"99回合內，寶珠移動時間減少1秒"},{"title":"ローズバースト","description":"邪魔珠 轉 火珠，並造成150%傷害 (39510)"},{"title":"闇色の炎","description":"上方起第1,3,5橫行 轉 火珠暗珠邪魔珠，並造成100%傷害 (26340)"},{"title":"魔獣の覇気","description":"當前所有技能的冷卻時間增加 0~2 回合"},{"title":"サーペントポイズン","description":"隨機5粒寶珠 轉 毒珠"},{"title":"魔獣の攻撃","description":"重擊，造成100%傷害 (26340)"},{"title":"ちょっと待ってくださいね","description":"封鎖隊長及戰友寵物1回合"},{"title":"グルルル・・・","description":"999回合內攻擊力提升至200%HP20~50%必用以下技能"},{"title":"ダークヒートブルワーク","description":"1回合內，受到的所有傷害減少50%"},{"title":"魔獣の攻撃","description":"重擊，造成100%傷害 (26340→52680)HP20%↓必用以下技能"},{"title":"クローズオブソロウ","description":"所有寶珠變為火珠暗珠邪魔珠毒珠，並造成20%傷害 (5268→10536)"},{"title":"魔獣の終撃","description":"連擊6次，造成360%傷害 (94824→189648)"}]