[{"title":"ナゼ、戦ウノデスカ？","description":"當前所有技能的冷卻時間增加 4~6 回合"},
{"title":"手加減ハシマセンヨ","description":"999回合內異常狀態（如毒、威嚇、破防）無效化"},
{"title":"アイアンDEF of アイギス","description":"99回合內，將單一傷害值在 4000000 點以上的傷害吸收"},
{"title":"AS-コンプリートプロテクション","description":"2回合內，受到的所有傷害減少99%"},
{"title":"ストームパニッシャーFPE","description":"連擊6次，造成1200%傷害"},
{"title":"LB-シケリアストライク","description":"造成玩家目前HP150%的傷害"},
{"title":"カラーデリート","description":"3回合內，以下橫行位置的寶珠變成超暗闇狀態: 1-4／2-3,6／3-2,5／4-1,4／5-3"},
{"title":"CFM-パルス","description":"封鎖隨機1隻寵物3回合，並造成420%傷害"},
{"title":"C-シャイニングスピア","description":"左方起第2直行轉木、第5直行轉光，並造成380%傷害"},
{"title":"EB&セルフコンバート","description":"隨機轉換自身的屬性為木或光，並造成380%傷害"},
{"title":"AS-オーバーホール","description":"回復50%HP"},
{"title":"スターバーストSSE","description":"連擊10次，造成10000%傷害"}
]