[{"title":"","description":""},{"title":"","description":""},{"title":"[先制使用]  帯電黄毛","description":"5回合內，將受到的光屬性傷害轉換成自己的生命值"},{"title":"","description":""},{"title":"[先制使用]  天雷号","description":"封鎖隨機2隻寵物3回合，並造成200%傷害 (33342)"},{"title":"迅填爪","description":"連擊2次，造成180%傷害 (30008"},{"title":"白鱗","description":"999回合內異常狀態（如毒、威嚇、破防）無效化"},{"title":"放雷","description":"封鎖隨機1隻隊員寵物3回合，並造成200%傷害 (33342)"},{"title":"白鱗","description":"999回合內異常狀態（如毒、威嚇、破防）無效化"},{"title":"放雷","description":"封鎖隨機1隻隊員寵物4回合，並造成220%傷害 (36676)"},{"title":"白鱗","description":"999回合內異常狀態（如毒、威嚇、破防）無效化"},{"title":"放雷","description":"封鎖隨機1隻隊員寵物5回合，並造成240%傷害 (40010)"},{"title":"白鱗","description":"999回合內異常狀態（如毒、威嚇、破防）無效化"},{"title":"放雷","description":"封鎖隨機1隻隊員寵物6回合，並造成260%傷害 (43345)"},{"title":"白鱗","description":"999回合內異常狀態（如毒、威嚇、破防）無效化"},{"title":"放雷","description":"封鎖隨機1隻隊員寵物7回合，並造成280%傷害 (46679)"},{"title":"白鱗","description":"999回合內異常狀態（如毒、威嚇、破防）無效化"},{"title":"放雷","description":"封鎖隨機1隻隊員寵物8回合，並造成300%傷害 (50013)"},{"title":"閃白迅填爪","description":"連擊3次，造成270%傷害 (45012"},{"title":"大放雷","description":"封鎖隨機3隻隊員寵物4回合，並造成1000%傷害 (166710"},{"title":"大放雷","description":"封鎖所有隊員寵物5回合，並造成3000%傷害 (500130"},{"title":"大放雷","description":"封鎖隨機5隻寵物6回合，並造成5000%傷害 (833550)"}]