[{"title":"","description":""},{"title":"","description":""},{"title":"[先制使用]  グレイス・オブ・ミーミル","description":"5回合內，將受到的水屬性傷害轉換成自己的生命值"},{"title":"","description":""},{"title":"[先制使用]  魔槍グングニール","description":"將水珠暗珠鎖定，並造成120%傷害 (21272)"},{"title":"ヴィズル","description":"1回合內，猛毒珠的掉落機率提升15%"},{"title":"フニカル","description":"造成玩家目前HP99%的傷害"},{"title":"ヴァク・シグフェズル","description":"連擊5次，造成500%傷害 (88635"},{"title":"ダブルスラッシュ","description":"連擊2次，造成160%傷害 (28364)"},{"title":"スキルレジスト","description":"當前所有技能的冷卻時間增加 1 回合"},{"title":"ディバイドアイシクル","description":"上方起第3橫行 轉 水珠，並造成120%傷害 (21272)"},{"title":"トリプルスラッシュ","description":"連擊3次，造成180%傷害 (31908)"},{"title":"スキルレジスト","description":"當前所有技能的冷卻時間增加 1 回合"},{"title":"ディバイドポイズン","description":"上方起第3橫行 轉 水珠毒珠，並造成150%傷害 (26591)"}]