[{"title":"","description":""},
{"title":"","description":"[固有特性] 受到的光、暗屬性傷害減少50%"},
{"title":"","description":""},
{"title":" ダークネスフレーム","description":"99回合內，將 5COMBO 或以下時所造成的傷害全部吸收"},
{"title":"","description":""},
{"title":"パワークロウ","description":"將光珠暗珠鎖定"},
{"title":"パワーイーター","description":"3回合內，將單一傷害值在 500,000 點以上的傷害吸收"},
{"title":"メタルスライサー","description":"造成玩家目前HP99%的傷害"},
{"title":"ガンメタリックアーマー","description":"3回合內，受到的所有傷害減少75% "},
{"title":"アルティメットスキューア","description":"將所有寶珠鎖定，並造成1000%傷害 (168770"},
{"title":"パワークロウ","description":"將隨機8粒寶珠鎖定，並造成100%傷害 (16877"},
{"title":"ダークボルト","description":"隱藏全畫面的寶珠，並造成200%傷害 (33754"},
{"title":"インクリース","description":"999回合內攻擊力提升至200%"},
{"title":"デストラクションクロウ","description":"隨機生成邪魔珠毒珠寶珠各4粒，並造成130%傷害 (21940→43880"},
{"title":"ネメシスクロウ","description":"隨機1種寶珠 轉 毒珠，並造成130%傷害 (21940→43880)"},
{"title":"ブレイククロウ","description":"隨機1種寶珠 轉 邪魔珠，並造成130%傷害 (21940→43880)"},
{"title":"インクリース","description":"999回合內攻擊力提升至200% "},
{"title":"イービルグラブ","description":"將邪魔珠毒珠鎖定，並造成140%傷害 (23628→47256)"},
{"title":"エレメントグラブ","description":"將隨機10粒火珠水珠木珠光珠暗珠心珠鎖定，並造成140%傷害 (23628→47256)"},
{"title":"インクリース","description":"999回合內攻擊力提升至200%"},
{"title":"ライデンクロウ","description":"連擊4次，造成200%傷害 (33756→67512"},
{"title":"ハイメタルチェーン","description":"5回合內，無法發動任何主動技能，並造成140%傷害 (23628→47256)"},
{"title":"クリーブコンボ","description":"連擊4次，造成160%傷害 (27004→54008)"}]