[{"title":"","description":""},{"title":"","description":""},{"title":"[先制使用]  ミゼリコルド","description":"20回合內，寶珠移動時間變成原來的200%"},{"title":"","description":""},{"title":"[先制使用]  人としての貴方に用はありません","description":"999回合內，將 7COMBO 或以下時所造成的傷害全部吸收 [隊伍中存在  時]"},{"title":"","description":""},{"title":"[先制使用]  レーヌディアデム","description":"999回合內，將 7COMBO 或以下時所造成的傷害全部吸收 [隊伍中不存在  時]"},{"title":"ヴァンブークリエ","description":"999回合內異常狀態（如毒、威嚇、破防）無效化"},{"title":"ヴァンアンブラッスマン","description":"封鎖隨機1隻隊員寵物4回合，並造成150%傷害 (25547)"},{"title":"ブリュイヤールシエージュ","description":"1回合內，盤面上出現大小為 2×2 的雲遮擋寶珠，並造成140%傷害 (23843)"},{"title":"フォンセラム","description":"1回合內，指定位置的寶珠變成超暗闇狀態，並造成140%傷害 (23843"},{"title":"疲れて眠ってしまった","description":"回復100%HP(B"},{"title":"スヤスヤ眠っている","description":"回復20%HP"},{"title":"スヤスヤ眠っている","description":"回復20%HP(C"},{"title":"目を覚ました","description":"甚麼都不做"},{"title":"ごめんなさい、続きをしましょう","description":"999回合內攻擊力提升至150%"},{"title":"目を覚ました","description":"甚麼都不做"},{"title":"待っていてくださったんですね","description":"甚麼都不做(D"},{"title":"ブリュイヤールシエージュ","description":"1回合內，盤面上出現大小為 2×2 的雲遮擋寶珠，並造成140%傷害 (23843→35765)"},{"title":"フォンセラム","description":"1回合內，指定位置的寶珠變成超暗闇狀態，並造成140%傷害 (23843→35765"},{"title":"びっくりして目を覚ました","description":"3回合內，受到的所有傷害減少75%"},{"title":"ちょっと怒っていますよ？","description":"999回合內攻擊力提升至200%"},{"title":"フェーコレール","description":"連擊3次，造成3000%傷害 (510930→1021860)"},{"title":"フェーコレール","description":"連擊3次，造成3000%傷害 (510930→1021860)"}]