[{"title":"","description":""},{"title":"","description":"[固有特性] HP在上限50%或以上的話，受到致命傷害時，將會以1點HP生還"},{"title":"","description":"[固有特性] 受到的木屬性傷害減少50%"},{"title":"","description":""},{"title":"[先制使用]  無尽蔵な世界の排他的概念","description":"999回合內異常狀態（如毒、威嚇、破防）無效化"},{"title":"","description":""},{"title":"[先制使用]  海底に眠りし太古の邪神","description":"30回合內，最下方一橫行出現遮擋寶珠的雲"},{"title":"千古より回帰する細胞","description":"回復100%HP"},{"title":"宇宙より来訪せし異形の真理","description":"連擊10次，造成30000%傷害 (3218400)"},{"title":"宇宙より来訪せし異形の真理","description":"連擊10次，造成30000%傷害 (3218400"},{"title":"外界を侵略せし悪夢","description":"15回合內，猛毒珠的掉落機率提升15%，並造成550%傷害 (59004"},{"title":"時の死を呼びし聖域","description":"999回合內，將 6COMBO 或以下時所造成的傷害全部吸收 [必用1次]隨機使用以下技能"},{"title":"唯一の海を支配したる右腕","description":"隨機生成水珠寶珠9粒，並造成340%傷害 (36475)"},{"title":"支えし父なる神、深き者の存在","description":"連擊8次，造成400%傷害 (42912)"},{"title":"封緘する沈黙の深水","description":"1回合內，寶珠移動時間變成原來的25%，並造成360%傷害 (38621)"},{"title":"人智及ばぬ畏怖の星辰","description":"將隨機15粒寶珠鎖定，並造成380%傷害 (40766)"}]