[{"title":"","description":""},{"title":"","description":""},{"title":"[先制使用]  護神の大盾","description":"3回合內，受到的所有傷害減少75%"},{"title":"","description":""},{"title":"[先制使用]  抗毒の魔壁","description":"3回合內異常狀態（如毒、威嚇、破防）無效化"},{"title":"カセィールアクラブ","description":"左方起第1,3,5直行 轉 毒珠、第2,4,6直行 轉 猛毒珠，並造成600%傷害 (140760"},{"title":"スコーピオンニードル","description":"隨機生成毒珠寶珠6粒，並造成100%傷害 (23460)"},{"title":"ガリーブディファーア","description":"2回合內，將 6COMBO 或以下時所造成的傷害全部吸收"},{"title":"冥天の眼差し","description":"將寶珠起手的位置隨機固定"},{"title":"護神剣","description":"隱藏全畫面的寶珠，並造成200%傷害 (46920)"},{"title":"神経毒","description":"10回合內，寶珠移動時間減少1秒"},{"title":"ソッムザナブ","description":"隨機1種寶珠 轉 猛毒珠，並造成100%傷害 (23460)最後重覆隨機使用以下技能"},{"title":"スコーピオンスラッシュ","description":"左方起第1直行 轉 毒珠，並造成140%傷害 (32844)"},{"title":"蠍鋏斬","description":"連擊2次，造成160%傷害 (37536)"}]