[{"title":"","description":""},{"title":"","description":""},{"title":"[先制使用]  守りの衣","description":"1回合內，受到的所有傷害減少80%"},{"title":"","description":""},{"title":"[先制使用]  グングニール","description":"封鎖隨機1隻寵物5回合，並造成120%傷害 (24486)HP全滿或接近全滿時必用以下"},{"title":"守りの衣","description":"1回合內，受到的所有傷害減少80%"},{"title":"グングニール","description":"封鎖隨機1隻寵物5回合，並造成120%傷害 (24486)HP50%↓必用1次以下其中一個"},{"title":"負けるわけには…いかないな","description":"7回合內，寶珠移動時間減少1秒"},{"title":"フニカル","description":"造成玩家目前HP99%的傷害此於隊伍中存在  時必用"},{"title":"スキルヴィング","description":"7回合內，寶珠移動時間減少1秒"},{"title":"フニカル","description":"造成玩家目前HP99%的傷害此於隊伍中不存在上述寵物時必用"},{"title":"ヴァク・シグフェズル","description":"連擊5次，造成500%傷害 (102025"},{"title":"ダブルスラッシュ","description":"連擊2次，造成160%傷害 (32648)"},{"title":"自動回復","description":"回復10%HP"},{"title":"ディバイドブラスト","description":"上方起第3橫行 轉 木珠，並造成120%傷害 (24486)"},{"title":"トリプルスラッシュ","description":"連擊3次，造成180%傷害 (36729)"},{"title":"自動回復","description":"回復10%HP"},{"title":"ディバイドポイズン","description":"上方起第3橫行 轉 木珠毒珠，並造成150%傷害 (30608)"}]