[{"title":"","description":""},{"title":"","description":"[固有特性] HP在上限50%或以上的話，受到致命傷害時，將會以1點HP生還"},{"title":"","description":""},{"title":"来たね…始めようか！","description":"999回合內異常狀態（如毒、威嚇、破防）無效化"},{"title":"","description":""},{"title":"魔星の紋章","description":"999回合內，單一傷害值在 30,000,000 點以上的傷害無效化"},{"title":"","description":""},{"title":"いくよ、私の拳 受けてみて！！","description":"重擊，造成700%傷害 (72800)"},{"title":"魔星の輝き","description":"回復100%HP"},{"title":"そうはさせないよ！","description":"999回合內攻擊力提升至150%"},{"title":"お見事♪でもまだまだ…","description":"甚麼都不做"},{"title":"グラビトンフィスト","description":"造成玩家目前HP99%的傷害"},{"title":"ハイキック","description":"隱藏全畫面的寶珠，並造成100%傷害 (10400→15600)"},{"title":"そろそろ本気でいかなきゃだね","description":"999回合內，將 7COMBO 或以下時所造成的傷害全部吸收"},{"title":"もっと…速くっ！！","description":"10回合內，寶珠移動時間減少1秒"},{"title":"ブラックスクリューブロー","description":"2回合內，隨機6粒寶珠變成超暗闇狀態，並造成350%傷害 (36400→54600"},{"title":"フルスピンキック","description":"連擊6次，造成480%傷害 (49920→74880"},{"title":"ヘルショットパンチ","description":"重擊，造成700%傷害 (72800→109200"},{"title":"スピンキック","description":"連擊3次，造成330%傷害 (34320→51480)"},{"title":"ボディブロー","description":"當前所有技能的冷卻時間增加 0~3 回合，並造成280%傷害 (29120→43680)"},{"title":"コンボラッシュ","description":"連擊5次，造成400%傷害 (41600→62400)"},{"title":"アックスキック","description":"1回合內，指定位置上的寶珠每隔1秒不斷轉換，並造成300%傷害 (31200→46800"},{"title":"楽しかったよ、でも もうお終い","description":"隨機轉換自身的屬性"},{"title":"これが私の、全身全霊！！！","description":"連擊10次，造成60000%傷害 (6240000→9360000)"},{"title":"渦巻く魔力","description":"連擊10次，造成50000%傷害 (5200000→7800000)"}]