[{"title":"","description":""},{"title":"","description":""},{"title":"[先制使用]  深き深き常闇へ・・・","description":"當前所有技能的冷卻時間增加 3~5 回合"},{"title":"","description":""},{"title":"[先制使用]  流滴苦の紅雨","description":"15回合內，毒珠的掉落機率提升20%首回合必用以下"},{"title":"八卦の珠護莉衣","description":"10回合內，受到的所有傷害減少75%"},{"title":"枠不視","description":"1回合內，指定位置的寶珠變成超暗闇狀態，並造成90%傷害 (15976"},{"title":"右虚隠し","description":"1回合內，右方一直行的寶珠變成超暗闇狀態，並造成100%傷害 (17751)"},{"title":"左虚隠し","description":"1回合內，左方一直行的寶珠變成超暗闇狀態，並造成100%傷害 (17751)"},{"title":"天闇","description":"1回合內，最上方一橫行的寶珠變成超暗闇狀態，並造成90%傷害 (15976)"},{"title":"地闇","description":"1回合內，最下方一橫行的寶珠變成超暗闇狀態，並造成90%傷害 (15976)(2)隨機使用以下技能"},{"title":"暗巳血溜燃揺","description":"上方起第3橫行 轉 火珠毒珠，並造成120%傷害 (21301)"},{"title":"冥火双枷","description":"封鎖隨機2隻寵物1回合，並造成120%傷害 (21301)(3)必用以下技能"},{"title":"裏日鼓","description":"連擊3次，造成180%傷害 (31953)"},{"title":"千年永の獄","description":"10回合內，將單一傷害值在 800,000 點以上的傷害吸收 [必用1次]"},{"title":"久戯暗敷忌","description":"1回合內，第一、三、五橫行位置的寶珠變成超暗闇狀態，並造成600%傷害 (106506)"}]