[{"title":"","description":""},{"title":"","description":""},{"title":"[固有特性]  怒りで敵の行動ターンが変化した","description":"HP70%或以下時，敵人的攻擊間隔由 4 變成 1"},{"title":"","description":"[固有特性] 受到的光屬性傷害減少50%"},{"title":"","description":""},{"title":"[先制使用]  誤謬無き絶対的原罪","description":"999回合內，單一傷害值在 30,000,000 點以上的傷害無效化"},{"title":"","description":""},{"title":"[先制使用]  万有を創造せし時空の支配者","description":"99回合內，寶珠會以鎖定的狀態掉落"},{"title":"通常攻撃","description":"普通攻擊，並造成100%傷害 (39858)"},{"title":"無尽蔵な世界の排他的概念","description":"999回合內異常狀態（如毒、威嚇、破防）無效化"},{"title":"飢餓に狂いし無形の王","description":"10回合內，無法發動任何主動技能"},{"title":"名状する事叶わぬ虚空の中心","description":"999回合內攻擊力提升至1000% [HP10%↓必用1次]"},{"title":"無限なる混沌の禍根","description":"1回合內，邪魔珠的掉落機率提升30%，並造成120%傷害 (47830→478296)"},{"title":"暗澹たる不浄の言辞","description":"1回合內，覺醒技能無效化，並造成110%傷害 (43844→438438)"},{"title":"沸騰し狂乱する渦巻く闇黒","description":"1回合內，指定位置的寶珠變成超暗闇狀態，並造成90%傷害 (35872→358722"},{"title":"通常攻撃","description":"普通攻擊，並造成100%傷害 (39858→398580)"}]