[{"title":"","description":""},{"title":"","description":"[固有特性] 受到的火屬性傷害減少50%"},{"title":"","description":""},{"title":"無尽蔵な世界の排他的概念","description":"999回合內異常狀態（如毒、威嚇、破防）無效化"},{"title":"","description":""},{"title":"時空を往来し這い寄る混沌","description":"30回合內，所有寶珠變成超暗闇狀態"},{"title":"無限の意思の執行","description":"連擊10次，造成30000%傷害 (3279900"},{"title":"無貌なる厄災の予兆","description":"造成玩家目前HP99%的傷害"},{"title":"使役され暗躍する千の顕現","description":"隨機轉換自身的屬性，並造成320%傷害 (34986)"},{"title":"黒翼に包まれし灼きつく三眼","description":"封鎖隨機3隻寵物10回合，並造成310%傷害 (33892)"},{"title":"暗黒より浮かび上がりし狂気","description":"2回合內，心珠無法被消除，並造成60%傷害 (6560)"},{"title":"忌諱する生ける炎の拒絶","description":"5回合內，將受到的火屬性傷害轉換成自己的生命值，並造成380%傷害 (41545)"},{"title":"付き従いし馬頭鳥の急襲","description":"連擊3次，造成450%傷害 (49200)"}]