[{"title":"","description":""},{"title":"","description":"[固有特性] 受到的火、光屬性傷害減少50%"},{"title":"","description":""},{"title":"[先制使用]  堕天の翼","description":"4回合內，無法移動上方第一橫行的寶珠"},{"title":"","description":""},{"title":"[先制使用]  スケープゴート","description":"999回合內異常狀態（如毒、威嚇、破防）無效化"},{"title":"牡山羊の鮮血","description":"回復50%HP"},{"title":"魔響","description":"99回合內，受到的所有傷害減少75%，並造成200%傷害 (34768)"},{"title":"ナイトメアスパイラル","description":"連擊7次，造成700%傷害 (121688"},{"title":"魔蛇の眼","description":"當前所有技能的冷卻時間增加 4 回合"},{"title":"ネガティブチェイン","description":"連擊7次，造成175%傷害 (30422)"},{"title":"魔蛇の凶眼","description":"當前所有技能的冷卻時間增加 6 回合"},{"title":"ネガティブチェイン","description":"連擊4次，造成160%傷害 (27816)"},{"title":"ブラックリベリオン","description":"將隨機10粒木珠暗珠邪魔珠毒珠鎖定，並造成110%傷害 (19122)"},{"title":"バナマス","description":"隨機將12粒心珠以外的寶珠變成毒珠，並造成50%傷害 (8692)"},{"title":"アガハラ","description":"左方起第1,2直行 轉 火珠水珠邪魔珠、第3,4直行 轉 木珠光珠邪魔珠、第5,6直行 轉 暗珠心珠邪魔珠，並造成150%傷害 (26076)"}]