[{"title":"","description":""},{"title":"","description":"[固有特性] HP在上限50%或以上的話，受到致命傷害時，將會以1點HP生還"},{"title":"","description":"[固有特性] 受到的水屬性傷害減少50%"},{"title":"","description":""},{"title":"無尽蔵な世界の排他的概念","description":"999回合內異常狀態（如毒、威嚇、破防）無效化"},{"title":"","description":""},{"title":"凡てを焦土せし狂気の輪廻","description":"999回合內，單一傷害值在 20,000,000 點以上的傷害無效化"},{"title":"久遠に灯る慟哭刻みし劫火","description":"回復50%HP"},{"title":"火を従えし生ける炎の王","description":"99回合內攻擊力提升至200%"},{"title":"広袤大なる暗黒神の幽棲せし森の焼燬","description":"所有寶珠變為火珠，並造成140%傷害 (83300→166600"},{"title":"忽焉に訪れる羽翼の寂滅","description":"消除玩家所有BUFF技能效果（如盾、攻擊增幅技能）"},{"title":"空劫過る焔の残像","description":"造成玩家目前HP99%的傷害"},{"title":"剥落する七角漆黒の炎","description":"4回合內，隨機1~3粒寶珠變成超暗闇狀態，並造成70%傷害 (41650→83300)"},{"title":"落魄した生命の殄滅","description":"連擊5次，造成75%傷害 (44625→89250)"}]