[{"title":"","description":""},{"title":"","description":""},{"title":"[固有特性]  怒りで敵の行動ターンが変化した","description":"HP50%或以下時，敵人的攻擊間隔由 2 變成 1"},{"title":"","description":"[固有特性] 受到的暗屬性傷害減少50%"},{"title":"","description":""},{"title":"[先制使用]  無尽蔵な世界の排他的概念","description":"999回合內異常狀態（如毒、威嚇、破防）無效化HP50%↓必用以下其中一個技能1次"},{"title":"疾苦の螺旋で幻視する朦朧の夢","description":"5回合內，將受到的火、水屬性傷害轉換成自己的生命值"},{"title":"疾苦の螺旋で幻視する朦朧の夢","description":"5回合內，將受到的木、暗屬性傷害轉換成自己的生命值"},{"title":"疾苦の螺旋で幻視する朦朧の夢","description":"5回合內，將受到的水、光屬性傷害轉換成自己的生命值"},{"title":"疾苦の螺旋で幻視する朦朧の夢","description":"5回合內，將受到的光、暗屬性傷害轉換成自己的生命值"},{"title":"疾苦の螺旋で幻視する朦朧の夢","description":"5回合內，將受到的火、木屬性傷害轉換成自己的生命值"},{"title":"構音禁戒せし真名","description":"5回合內，覺醒技能無效化 [HP15%↓必用1次]"},{"title":"窮極の原型的終古","description":"連擊6次，造成3000%傷害 (2412300"},{"title":"忽焉に訪れる羽翼の寂滅","description":"消除玩家所有BUFF技能效果（如盾、攻擊增幅技能）"},{"title":"宇宙が知らぬ囀りに酷似した音","description":"連擊2次，造成100%傷害 (80410)"},{"title":"三世を内包し万物を超越する神聖","description":"所有寶珠變為光珠心珠邪魔珠毒珠，並造成90%傷害 (72369)"},{"title":"悍ましき太陽の集積","description":"1回合內，隨機2個位置上的寶珠每隔1秒不斷轉換，並造成90%傷害 (72369)"},{"title":"無窮に存在し唯一の虚","description":"2回合內，隨機5粒寶珠變成超暗闇狀態，並造成95%傷害 (76390)"}]