[{"title":"","description":""},{"title":"","description":"[固有特性] HP在上限50%或以上的話，受到致命傷害時，將會以1點HP生還"},{"title":"","description":""},{"title":"神々の守り","description":"999回合內異常狀態（如毒、威嚇、破防）無效化"},{"title":"","description":""},{"title":"神王の鎧","description":"999回合內，單一傷害值在 100,000,000 點以上的傷害無效化"},{"title":"遊びはここまでだ…","description":"999回合內攻擊力提升至1000%"},{"title":"エレンホス","description":"10回合內，覺醒技能無效化"},{"title":"プセヴデスシシス","description":"將自身的屬性轉換成火、水或木"},{"title":"…ひれ伏せ","description":"左方起第3直行 轉 暗珠、第4直行 轉 光珠，並造成250%傷害 (69523→695225)"},{"title":"恐怖","description":"將自身的屬性轉換成暗"},{"title":"ケラヴノス","description":"10回合內，寶珠移動時間減少1秒，並造成150%傷害 (41714→417135)"},{"title":"王剣","description":"連擊6~10次，每次造成16%傷害 (26694~44490→266940~444900)"},{"title":"黒の雷霆","description":"3回合內，隨機1~5粒寶珠變成超暗闇狀態，並造成140%傷害 (38933→389326)"},{"title":"黒の雷霆","description":"隨機生成猛毒珠寶珠3粒，並造成140%傷害 (38933→389326)"}]