[{"title":"","description":""},{"title":"","description":"[固有特性] 受到的水屬性傷害減少50%"},{"title":"","description":""},{"title":"[先制使用]  極限の五感","description":"30回合內異常狀態（如毒、威嚇、破防）無效化"},{"title":"","description":""},{"title":"[先制使用]  断雪の剛体","description":"3回合內，受到的所有傷害減少95%"},{"title":"ぶん投げ","description":"5回合內，隨機將1個隊員換成隊長 [HP20%↓效果不存在時必用]"},{"title":"憤怒大乱撃","description":"連擊8次，造成320%傷害 (82040"},{"title":"叩き割り","description":"隨機生成邪魔珠寶珠8粒，並造成90%傷害 (23073)"},{"title":"乱打","description":"連擊4次，造成100%傷害 (25636)2"},{"title":"激昂","description":"2回合內攻擊力提升至120%"},{"title":"捨て身の攻撃","description":"3回合內，受到的所有傷害減少90%，並造成110%傷害 (28201→33841)"},{"title":"激昂","description":"2回合內攻擊力提升至140%"},{"title":"捨て身の攻撃","description":"3回合內，受到的所有傷害減少80%，並造成110%傷害 (28201→39481)"},{"title":"激昂","description":"2回合內攻擊力提升至160%"},{"title":"捨て身の攻撃","description":"3回合內，受到的所有傷害減少70%，並造成110%傷害 (28201→45121)"},{"title":"激昂","description":"2回合內攻擊力提升至180%"},{"title":"捨て身の攻撃","description":"3回合內，受到的所有傷害減少60%，並造成110%傷害 (28201→50761)"},{"title":"激昂","description":"2回合內攻擊力提升至200%"},{"title":"捨て身の攻撃","description":"3回合內，受到的所有傷害減少50%，並造成110%傷害 (28201→56401)"},{"title":"激昂","description":"2回合內攻擊力提升至220%"},{"title":"捨て身の攻撃","description":"3回合內，受到的所有傷害減少40%，並造成110%傷害 (28201→62042)"},{"title":"激昂","description":"2回合內攻擊力提升至240%"},{"title":"捨て身の攻撃","description":"3回合內，受到的所有傷害減少30%，並造成110%傷害 (28201→67682)"},{"title":"激昂","description":"2回合內攻擊力提升至260%"},{"title":"捨て身の攻撃","description":"3回合內，受到的所有傷害減少20%，並造成110%傷害 (28201→73322)"},{"title":"激昂","description":"2回合內攻擊力提升至280%"},{"title":"捨て身の攻撃","description":"3回合內，受到的所有傷害減少10%，並造成110%傷害 (28201→78962)"},{"title":"大激昂","description":"999回合內攻擊力提升至300%"},{"title":"氷の粉煙","description":"10回合內，盤面上出現大小為 5×4 的雲遮擋寶珠"},{"title":"叩き割り","description":"隨機生成邪魔珠寶珠8粒，並造成90%傷害 (23073→69220)"},{"title":"乱打","description":"連擊4次，造成100%傷害 (25636→76908)"}]