[{"title":"","description":""},{"title":"猫の波動","description":"2回合內，無法發動任何主動技能"},
{"title":"フレイムにゃんスラッシュ","description":"左方起第4,6直行轉火珠，並造成300%傷害"},
{"title":"つまみ食い","description":"火轉邪魔，並造成150%傷害"},
{"title":"べろべろにゃ?","description":"所有寶珠變為火珠，並造成200%傷害"},
{"title":"ねこんじょう！","description":"封鎖全部寵物1回合，並造成200%傷害"},
{"title":"不機嫌ねこパンチ","description":"重擊，造成1000%傷害"},
{"title":"魔狼騎士の魂","description":"5回合內，無法發動任何主動技能"},
{"title":"氷の斧","description":"5回合內，寶珠移動時間減少1秒"},
{"title":"瞬撃","description":"重擊，造成50%傷害"},
{"title":"重撃","description":"連擊2次，造成100%傷害"},
{"title":"轟撃","description":"連擊3次，造成150%傷害"},
{"title":"刻撃","description":"連擊4次，造成200%傷害"},
{"title":"滅撃","description":"連擊4次，造成800%傷害"},
{"title":"スリープモード","description":"當前所有技能的冷卻時間增加 1 回合"},
{"title":"起動した","description":"999回合內攻擊力提升至200%"},
{"title":"ショックパルス","description":"封鎖隨機1隻寵物2回合，並造成200%傷害"},
{"title":"めつまのいぶきたまぁ！","description":"99回合內，單一傷害值在 50 點以上的傷害無效化"},
{"title":"まもるたまぁ！","description":"999回合內異常狀態（如毒、威嚇、破防）無效化"},
{"title":"さばきたまぁ！","description":"連擊4次，造成1000%傷害"},
{"title":"ブラック・ディメンション","description":"999回合內，將 5COMBO 或以下時所造成的傷害全部吸收"},
{"title":"ブラックホール","description":"隨機1種寶珠轉邪魔珠，並造成80%傷害"},
{"title":"神王の眼光","description":"封鎖 神類 寵物2~4回合"},
{"title":"スーパーノヴァ","description":"連擊10次，造成250%傷害"},
{"title":"剛氷の鎧","description":"999回合內異常狀態（如毒、威嚇、破防）無效化"},
{"title":"フリージングゾーン","description":"回復50%HP，並造成80%傷害"},
{"title":"ハイプレスクロー","description":"造成玩家目前HP99%的傷害"},
{"title":"アイスエッジハンマー","description":"重擊，造成120%傷害"},
{"title":"デストラクションブリザード","description":"連擊2次，造成140%傷害"},
{"title":"暴れ狂う","description":"所有寶珠變為水回復邪魔珠，並造成100%傷害"},
{"title":"憤怒の眼光","description":"將邪魔珠鎖定"},
{"title":"アビステンペスト","description":"連擊5次，造成500%傷害"}]