[{"title":"","description":""},{"title":"猫の波動","description":"2ターンスキル使用不能"},
{"title":"フレイムにゃんスラッシュ","description":"26,421ダメージ+左側の縦4列目と6列目を火ドロップに変化"},
{"title":"つまみ食い","description":"13,211ダメージ+火ドロップをお邪魔ドロップに変化"},
{"title":"べろべろにゃ?","description":"17,614ダメージ+全ドロップを火ドロップに変化"},
{"title":"ねこんじょう！","description":"17,614ダメージ+全モンスターが1ターン行動不能"},
{"title":"不機嫌ねこパンチ","description":"88,070ダメージ"},
{"title":"魔狼騎士の魂","description":"5ターンの間スキル封印"},
{"title":"氷の斧","description":"5ターンの間ドロップ操作時間1秒減少"},
{"title":"瞬撃","description":"6,314ダメージ"},
{"title":"重撃","description":"12,628ダメージ（連続攻撃）"},
{"title":"轟撃","description":"18,942ダメージ（連続攻撃）"},
{"title":"刻撃","description":"25,256ダメージ（連続攻撃）"},
{"title":"滅撃","description":"101,024ダメージ（連続攻撃）"},
{"title":"スリープモード","description":"1ターンスキル遅延"},
{"title":"起動した","description":"999ターンの間攻撃力2倍"},
{"title":"ショックパルス","description":"6,674（2倍時:13,348）ダメージ+ランダム1体を2ターンの間バインド"},
{"title":"めつまのいぶきたまぁ！","description":"99ターンの間、50以上のダメージを無効化"},
{"title":"まもるたまぁ！","description":"999ターンの間、状態異常無効"},
{"title":"さばきたまぁ！","description":"100,000ダメージ（連続攻撃）"},
{"title":"ブラック・ディメンション","description":"999ターンの間5コンボ以下の攻撃を吸収"},
{"title":"ブラックホール","description":"15,469ダメージ+ランダムで1色をお邪魔ドロップに変換"},
{"title":"神王の眼光","description":"神タイプを2~4ターンの間バインド"},
{"title":"スーパーノヴァ","description":"48,340ダメージ(連続攻撃)"},
{"title":"剛氷の鎧","description":"999ターンの間、状態異常無効"},
{"title":"フリージングゾーン","description":"17,766ダメージ+敵のHPが50%回復"},
{"title":"ハイプレスクロー","description":"現HP99%の割合ダメージ"},
{"title":"アイスエッジハンマー","description":"26,650ダメージ"},
{"title":"デストラクションブリザード","description":"31,092ダメージ（連続攻撃）"},
{"title":"暴れ狂う","description":"22,208ダメージ+全ドロップを水/回復/お邪魔ドロップに変換"},
{"title":"憤怒の眼光","description":"お邪魔ドロップをロック"},
{"title":"アビステンペスト","description":"111,040ダメージ（連続攻撃）"}]