[{"title":"","description":""},{"title":"エンシェントフィールド","description":"10回合內，回復力變成原來的50%"},
{"title":"ハイパードラゴンシールド","description":"5回合內，受到的所有傷害減少99%"},
{"title":"虚無の波動","description":"消除玩家所有BUFF技能效果（如盾、攻擊增幅技能）"},
{"title":"せーせーどーどー勝負だっ！","description":"999回合內異常狀態（如毒、威嚇、破防）無效化"},
{"title":"スーパードラゴンシールド","description":"5回合內，受到的所有傷害減少75%"},
{"title":"ドラゴンファング","description":"連擊2次，造成100%傷害 (30500→91500)"},
{"title":"それがオマエの本気かっ！？","description":"10回合內，寶珠移動時間減少3秒"},
{"title":"ドラゴンシールド","description":"5回合內，受到的所有傷害減少50%"},
{"title":"これがオイラの本気だあっ！","description":"999回合內攻擊力提升至300%"}]