[{"title":"","description":""},{"title":"魔女の暗夜","description":"10回合內，所有寶珠變成超暗闇狀態"},
{"title":"ミッドナイトソアー","description":"999回合內，將 4COMBO 或以下時所造成的傷害全部吸收"},
{"title":"ムーンライトサイス","description":"上方起第5橫行轉光珠，並造成100%傷害 (15192→45576)"},
{"title":"ムーンライトサイス","description":"上方起第3橫行轉光珠，並造成100%傷害 (15192→45576)"},
{"title":"ムーンライトサイス","description":"上方起第1橫行轉光珠，並造成100%傷害 (15192→45576)"},
{"title":"フフ・・・ノってきちゃった♪","description":"10回合內，毒珠的掉落機率提升10%"},
{"title":"お楽しみはこれからよ","description":"99回合內攻擊力提升至300%"},
{"title":"シゲキがなくてつまんないわ","description":"10回合內，猛毒珠的掉落機率提升10%"},
{"title":"じゃ、アタシ帰るから","description":"自滅（將自己的HP變成0）"}]