[{"title":"","description":""},{"title":"賢守護陣","description":"5回合內，將 7COMBO 或以下時所造成的傷害全部吸收"},
{"title":"ファラオの意向","description":"2回合內，隨機將1個隊員換成隊長 [HP50%↓必用1次]"},
{"title":"王獣の眼光","description":"當前所有技能的冷卻時間增加 2 回合 [HP80%↓必用1次]"},
{"title":"砂塵咆哮","description":"隨機1種寶珠轉廢珠，並造成100%傷害 (25530)"},
{"title":"憤怒の突進","description":"連擊12次，造成1200%傷害 (306360)"}]