[{"title":"","description":""},{"title":"あなたの価値を見せて","description":"6回合內，回復力變成原來的50%"},
{"title":"護世の神舟","description":"6回合內，受到的所有傷害減少75%"},
{"title":"アークインパクト","description":"造成玩家目前HP99%的傷害"},
{"title":"アークプロテクト","description":"999回合內異常狀態（如毒、威嚇、破防）無效化"},
{"title":"蒼茫の来光","description":"所有寶珠變為，並造成100%傷害 (41407)"},
{"title":"希望の水平線","description":"5回合內，指定位置上的寶珠每隔2秒不斷轉換"},
{"title":"ジャッジメントレイン","description":"3回合內，廢珠的掉落機率提升20%"},
{"title":"カルバリーレイン","description":"1回合內，所有寶珠會以鎖定狀態掉落"},
{"title":"パニッシュメントボルト","description":"連擊2次，造成2000%傷害 (828140)"}]