[{"title":"","description":""},{"title":"氷狼の天羽","description":"10回合內，有20%機率隨機鎖定掉落的寶珠"},
{"title":"神名の加護","description":"4回合內異常狀態（如毒、威嚇、破防）無效化"},
{"title":"ブラックカット","description":"1回合內，左方第2直行、右方第2直行寶珠變成超暗闇狀態，並造成300%傷害 (27399)"},
{"title":"ブラックカット","description":"1回合內，上方第2橫行、下方第2橫行寶珠變成超暗闇狀態，並造成300%傷害 (27399)"},
{"title":"フリーズブレス","description":"封鎖隨機2隻隊員寵物3回合，並造成300%傷害 (27399)"},
{"title":"海咆","description":"1回合內攻擊力提升至300%"},
{"title":"氷靭毛","description":"3回合內，受到的所有傷害減少50%"},
{"title":"コールドインパクト","description":"連擊3次，造成450%傷害 (41100→123300)"},
{"title":"憤怒の鼓動","description":"999回合內攻擊力提升至200%"},
{"title":"凍牙","description":"連擊2次，造成320%傷害 (29226→58452)"},
{"title":"体が輝いている","description":"將自身的屬性轉換成水或暗"}
]