[{"title":"","description":""},{"title":"トゥーンボム","description":"隨機3粒寶珠變為炸彈珠"},
{"title":"ジョーカータイム！","description":"10回合內，寶珠移動時間減少2秒"},
{"title":"魔の防壁","description":"4回合內，受到的所有傷害減少50%"},
{"title":"氷の鏡壁","description":"4回合內異常狀態（如毒、威嚇、破防）無效化"},
{"title":"フロストレフト","description":"左方起第1直行轉水珠、第2直行轉水暗珠，並造成100%傷害 (27288)"},
{"title":"アクアチルド","description":"將水珠鎖定"},
{"title":"ナイトメアライト","description":"左方起第5直行行轉水暗珠、第6直行轉水珠，並造成100%傷害 (27288)"},
{"title":"ダークチルド","description":"將暗珠鎖定"},
{"title":"メディアンジョーカー","description":"左方起第3直行轉暗珠、第4直行轉水珠，並造成100%傷害 (27288)"},
{"title":"シャッフルチルド","description":"將隨機12粒寶珠鎖定"}]