[{"title":"","description":""},{"title":"魔女の暗夜","description":"10ターンの間、全ドロップを超暗闇状態にする"},
{"title":"ミッドナイトソアー","description":"999ターンの間、4コンボ以下のダメージを吸収する"},
{"title":"ムーンライトサイス","description":"15,192ダメージ（3倍時45,576ダメージ）+横1列を光ドロップに変換する"},
{"title":"ムーンライトサイス","description":"15,192ダメージ（3倍時45,576ダメージ）+横1列を光ドロップに変換する"},
{"title":"ムーンライトサイス","description":"15,192ダメージ（3倍時45,576ダメージ）+横1列を光ドロップに変換する"},
{"title":"フフ・・・ノってきちゃった♪","description":"10ターンの間、毒ドロップが降ってくる"},
{"title":"お楽しみはこれからよ","description":"99ターンの間、攻撃力が3倍になる"},
{"title":"シゲキがなくてつまんないわ","description":"10ターンの間、猛毒ドロップが降ってくる"},
{"title":"じゃ、アタシ帰るから","description":"自滅"}]