[{"title":"","description":""},{"title":"エンシェントフィールド","description":"10ターンの間、回復力を半減する"},
{"title":"ハイパードラゴンシールド","description":"5ターンの間、敵が受けるダメージを99％軽減する"},
{"title":"虚無の波動","description":"味方にかかっている補助効果を打ち消す"},
{"title":"せーせーどーどー勝負だっ！","description":"999ターンの間、状態異常を無効化する"},
{"title":"スーパードラゴンシールド","description":"5ターンの間、敵が受けるダメージを75%軽減する"},
{"title":"ドラゴンファング","description":"30,500(ダメージ（攻撃力3倍時91,500ダメージ）（連続攻撃）"},
{"title":"それがオマエの本気かっ！？","description":"10ターンの間、操作時間を3秒減少する"},
{"title":"ドラゴンシールド","description":"5ターンの間、敵が受けるダメージを50%軽減する"},
{"title":"これがオイラの本気だあっ！","description":"999ターンの間、敵の攻撃力が3倍になる"}]