[{"title":"","description":""},{"title":"天空騎士の魂","description":"999ターンの間、状態異常を無効にする"},
{"title":"天空の翼","description":"5ターンの間、光と回復ドロップが落ちやすくなる"},
{"title":"聖裁","description":"残HPの60%ダメージ"},
{"title":"セイントポイズン","description":"ランダムでドロップ1個を猛毒ドロップに変換する+10,090ダメージ"},
{"title":"シャインレールガン","description":"1,261,150ダメージ+猛毒ドロップを光ドロップに変換する"},
{"title":"天界の慈悲","description":"味方のHPを100%回復する"}]