[{"title":"","description":""},{"title":"あなたの価値を見せて","description":"6ターンの間、回復力が半減する"},
{"title":"護世の神舟","description":"6ターンの間、ダメージを75%減少する"},
{"title":"アークインパクト","description":"残HP99%分のダメージ"},
{"title":"アークプロテクト","description":"999ターンの間、状態異常を無効化する"},
{"title":"蒼茫の来光","description":"全ドロップを水ドロップに変換する(41,407ダメージ)"},
{"title":"希望の水平線","description":"5ターンの間、中央横1列のドロップが変化し続ける(実装されていない)"},
{"title":"ジャッジメントレイン","description":"3ターンの間、お邪魔ドロップが落ちやすくなる"},
{"title":"カルバリーレイン","description":"1ターンの間、ロックドロップが落ちるようになる"},
{"title":"パニッシュメントボルト","description":"828,140ダメージ（連続攻撃）"}]