[{"title":"","description":""},{"title":"賢守護陣","description":"5ターンの間、7コンボ以下の攻撃を吸収する"},
{"title":"ファラオの意向","description":"2ターンの間、リーダーとサブ1体を入れ替える"},
{"title":"王獣の眼光","description":"味方のスキルターンを2ターン遅延する"},
{"title":"砂塵咆哮","description":"	25,530ダメージ+ランダムで1色をお邪魔ドロップに変換する"},
{"title":"憤怒の突進","description":"306,360ダメージ（連続攻撃）"}]