[{"title":"","description":""},{"title":"氷狼の天羽","description":"10ターンの間、ドロップがロック状態で降ってくる"},
{"title":"神名の加護","description":"4ターンの間、状態異常を無効化する"},
{"title":"ブラックカット","description":"27,399ダメージ（攻撃力2倍時54,798ダメージ）+左から2,5の縦列を超暗闇状態にする"},
{"title":"ブラックカット","description":"27,399ダメージ（攻撃力2倍時54,798ダメージ）+上から2,4の横列を超暗闇状態にする"},
{"title":"フリーズブレス","description":"27,399ダメージ+ランダムなサブ2体を3ターン行動不能にする"},
{"title":"海咆","description":"1ターンの間、攻撃力が3倍になる"},
{"title":"氷靭毛","description":"3ターンの間、ダメージを半減する"},
{"title":"コールドインパクト","description":"41,100ダメージ（連続攻撃）"},
{"title":"憤怒の鼓動","description":"999ターンの間、攻撃力が2倍になる"},
{"title":"凍牙","description":"29,226ダメージ（攻撃力2倍時58,452ダメージ）（連続攻撃）"},
{"title":"体が輝いている","description":"自身の属性を水か闇に変化させる"}
]