[{"title":"闘いこそ我が全て！！","description":"當前所有技能的冷卻時間增加 10 回合"},
{"title":"ヴァーユの加護","description":"99回合內，將單一傷害值在 1000000 點以上的傷害吸收"},
{"title":"ダウルマナスヤ","description":"連擊3次，造成300%傷害"},
{"title":"プラサーダハタパハ","description":"5回合內，心珠的掉落機率提升10%，並造成100%傷害"},
{"title":"マイトリークレーシャーハ","description":"隨機將3粒寶珠變成心珠，並造成130%傷害"},
{"title":"ダルシャナラヤーナーム","description":"隱藏全畫面的寶珠，並造成110%傷害"},
{"title":"プラティバンディ","description":"封鎖隨機1隻寵物3回合，並造成150%傷害"},
{"title":"プラティシェーダ","description":"心珠轉邪魔珠，並造成160%傷害"},
{"title":"プラマーダドゥフカ","description":"造成玩家目前HP99%的傷害"},
{"title":"アートマヨーガハ","description":"回復5%~8%HP，並造成100%傷害"},
{"title":"ナイランタリヤ","description":"連擊3次，造成132%傷害"},
{"title":"グルフカルマ","description":"1回合內，將 6COMBO 或以下時所造成的傷害全部吸收，並造成140%傷害"}
    ]