[{"title":"戦いこそ我が全て！！","description":"スキル使用までのターンを 10ターン 遅延"},
{"title":"ヴァーユの加護","description":"先制 99ターンの間、100万以上のダメージを吸収"},
{"title":"ダウルマナスヤ","description":"3連続攻撃 計 38,880 ダメージ"},
{"title":"プラサーダハタパハ","description":"12,960ダメージ+5ターンの間、回復ドロップが少し落ちやすくなる"},
{"title":"マイトリークレーシャーハ","description":"16,848ダメージ+回復ドロップを4個生成"},
{"title":"ダルシャナラヤーナーム","description":"14,256ダメージ+ドロップが真っ黒になる"},
{"title":"プラティバンディ","description":"19,440ダメージ+ランダムで1体が3ターン行動不能"},
{"title":"プラティシェーダ","description":"20,736ダメージ+回復ドロップをお邪魔ドロップに変化"},
{"title":"プラマーダドゥフカ","description":"現在HPの99%のダメージ"},
{"title":"アートマヨーガハ","description":"12,960ダメージ+HPを少し回復"},
{"title":"ナイランタリヤ","description":"3連続攻撃 計17,106ダメージ"},
{"title":"グルフカルマ","description":"18,144ダメージ+1ターンの間、6コンボ以下の攻撃を吸収"}
    ]