[{"title":"闘いこそ我が全て！！","description":"Pre-emptive Strike. Increases cooldown of active skills by 10 turns.."},
{"title":"ヴァーユの加護","description":"Pre-emptive Strike. Absorbs single hit damage over 1,000,000 for 99 turns.."},
{"title":"ダウルマナスヤ","description":"Deal 300% damage ( 3 hits, 100% per hit ).."},
{"title":"プラサーダハタパハ","description":"Increases skyfall chance of Heart orbs by 10% for 5 turns.."},
{"title":"マイトリークレーシャーハ","description":"Deal 130% damage. Randomly spawn 3 Heart orbs from non Heart orbs.."},
{"title":"ダルシャナラヤーナーム","description":"Deal 110% damage and hide all orbs on the board. Moving the orb will reveal it.."},
{"title":"プラティバンディ","description":"Deal 150% damage and binds 1 Random card for 3 turns. This will also disable leader skill and awoken skills.."},
{"title":"プラティシェーダ","description":"Deal 160% damage and converts all Heart orbs into Jammer orbs.."},
{"title":"プラマーダドゥフカ","description":"Player -99% current HP.."},
{"title":"アートマヨーガハ","description":"Deal 100% damage and recovers enemy 5-8% of maximum HP.."},
{"title":"ナイランタリヤ","description":"Deal 132% damage ( 3 hits, 44% per hit ).."},
{"title":"グルフカルマ","description":"Absorbs 100% of the damage you cause for combos 6 and under for 1 turn.."}
    ]