[{"title":"不意打ち","description":"先制攻擊，造成75%傷害"},
{"title":"ビッグランス","description":"重擊，造成200%傷害"},
{"title":"クイックパンチ","description":"先制攻擊，造成10%傷害"},
{"title":"バーニングシールド","description":"5回合內，將受到的木屬性傷害轉換成自己的生命值"},
{"title":"シャークホーンブレイド","description":"封鎖隨機1隻寵物2回合，並造成320%傷害"},
{"title":"ボルテックスケージ","description":"將火水珠鎖定，被鎖定後無法轉換，並造成80%傷害"},
{"title":"アクアジェット","description":"隨機1種寶珠轉水珠，並造成120%傷害"},
{"title":"クランチファング","description":"連擊2次，造成140%傷害"},
{"title":"怪光線","description":"重擊，造成200%傷害"},
{"title":"ピュアスマイル","description":"封鎖隨機1隻寵物3回合"},
{"title":"まそうぐんぐにーるたまぁ！","description":"隨機1種寶珠轉暗珠，並造成90%傷害"},
{"title":"トランスルーセントコールド","description":"99回合內，將單一傷害值在 400000 點以上的傷害吸收"},
{"title":"フローズンペイン","description":"所有寶珠變為水珠毒珠，並造成300%傷害"},
{"title":"サイオブサッドネス","description":"當前所有技能的冷卻時間增加 0~2 回合"},
{"title":"グラスリーフ","description":"將木珠鎖定，被鎖定後無法轉換，並造成120%傷害"},
{"title":"アイスアンドローゼズ","description":"左方起第1直行轉水珠、第2直行轉木珠、第3直行轉毒珠，並造成80%傷害"},
{"title":"剛氷の鎧","description":"999回合內異常狀態（如毒、威嚇、破防）無效化"},
{"title":"フリージングゾーン","description":"回復50%HP，並造成80%傷害"},
{"title":"ハイプレスクロー","description":"造成玩家目前HP99%的傷害"},
{"title":"アイスエッジハンマー","description":"重擊，造成120%傷害"},
{"title":"デストラクションブリザード","description":"連擊2次，造成140%傷害"},
{"title":"暴れ狂う","description":"所有寶珠變為水珠心珠邪魔珠，並造成100%傷害"},
{"title":"憤怒の眼光","description":"將邪魔珠鎖定，被鎖定後無法轉換"},
{"title":"アビステンペスト","description":"連擊5次，造成500%傷害"}
    ]