[{"title":"Surprise Attack","description":"Pre-emptive Strike. Deal 75% damage as soon as wave appears.."},
{"title":"Big Lance","description":"Deal 200% damage.."},
{"title":"Quick Punch","description":"Pre-emptive Strike. Deal 10% damage.."},
{"title":"Burning Shield","description":"Pre-emptive Strike. Absorbs 100% Wood damage for 5 turns.."},
{"title":"Shark Horn Blade","description":"Deal 320% damage and binds 1 Random card for 2 turns. This will also disable leader skill and awoken skills.."},
{"title":"Vortex Cage","description":"Change Fire & Water orbs into locked orbs.."},
{"title":"Aqua Jet","description":"Deal 120% damage and converts 1 Random orb into Water orbs.."},
{"title":"Crunch Fang","description":"Deal 140% damage ( 2 hits, 70% per hit ).."},
{"title":"Mysterious Beam","description":"Deal 200% damage.."},
{"title":"Pure Smile","description":"Pre-emptive Strike. Binds 1 Random card for 3 turns. This will also disable leader skill and awoken skills.."},
{"title":"Magic Spear Gungnir-TAMA!","description":"Deal 90% damage and converts 1 Random orb into Dark orbs"},
{"title":"Translucent Cold","description":"Pre-emptive Strike. Absorbs single hit damage over 400,000 for 99 turns.."},
{"title":"Frozen Pain","description":"Deal 300% damage. Change all orbs to Water & Poison orbs.."},
{"title":"Sigh of Sadness","description":"Increases cooldown of active skills by 0-2 turns.."},
{"title":"Glass Leaf","description":"Change Wood orbs into locked orbs.."},
{"title":"Ice and Roses","description":"Deal 80% damage. Change left-most column into Water orbs. Change 2nd column from the left into Wood orbs. Change 3rd column from the left into Poison orbs.."},
{"title":"Ice Armor","description":"Pre-emptive Strike. Immunity against status effects such as delay, poison, defense reduction for 999 turns.."},
{"title":"Freezing Zone","description":"Deal 80% damage and recovers enemy 50% of maximum HP.."},
{"title":"Powerful Claws","description":"Player -99% current HP.."},
{"title":"Ice Edge Hammer","description":"Deal 120% damage.."},
{"title":"Blizzard of Destruction","description":"Deal 140% damage ( 2 hits, 70% per hit ).."},
{"title":"Frenzy","description":"Deal 100% damage. Change all orbs to Water, Heart & Jammer orbs.."},
{"title":"Enraged Glare","description":"Change Jammer orbs into locked orbs.."},
{"title":"Abyssal Tempest","description":"Deal 500% damage ( 5 hits, 100% per hit ).."}
    ]