[{"title":"不意打ち","description":"先制 16,879ダメージ"},
{"title":"ビッグランス","description":"45,010 ダメージ（HP25%以下で必ず使用）"},
{"title":"クイックパンチ","description":"先制 6,012ダメージ"},
{"title":"バーニングシールド","description":"先制 5ターンの間、木属性の攻撃を吸収"},
{"title":"シャークホーンブレイド","description":"32,800 ダメージ&ランダムで1体が2ターンの間、行動不能"},
{"title":"ボルテックスケージ","description":"8,200ダメージ&火と水ドロップをロック"},
{"title":"アクアジェット","description":"12,300ダメージ&ランダムで1色を水ドロップに変化"},
{"title":"クランチファング","description":"2連続攻撃 計14,350ダメージ"},
{"title":"怪光線","description":"11,556ダメージ"},
{"title":"ピュアスマイル","description":"先制 ランダムで1体が3ターンの間、行動不能"},
{"title":"まそうぐんぐにーるたまぁ！","description":"10,000ダメージ+ランダムで1色を闇ドロップに変換"},
{"title":"トランスルーセントコールド","description":"先制 99ターンの間、40万以上のダメージを吸収"},
{"title":"フローズンペイン","description":"27,957 ダメージ&全ドロップを水、毒ドロップに変化"},
{"title":"サイオブサッドネス","description":"スキル使用までのターンが0〜2ターン増加"},
{"title":"グラスリーフ","description":"11,183ダメージ&木ドロップをロック"},
{"title":"アイスアンドローゼズ","description":"7,455ダメージ&左から1列目を水、2列目を木、3列目を毒ドロップにそれぞれ変化"},
{"title":"剛氷の鎧","description":"先制 999ターンの間、状態異常無効化"},
{"title":"フリージングゾーン","description":"17,766ダメージ&HPを50%回復"},
{"title":"ハイプレスクロー","description":"現在HPの99%のダメージ"},
{"title":"アイスエッジハンマー","description":"26,650 ダメージ"},
{"title":"デストラクションブリザード","description":"2連続攻撃 計 31,092 ダメージ"},
{"title":"暴れ狂う","description":"22,208 ダメージ&全ドロップを水、回復、お邪魔ドロップに変化"},
{"title":"憤怒の眼光","description":"お邪魔ドロップをロック"},
{"title":"アビステンペスト","description":"5連続攻撃 計 111,040 ダメージ"}
    ]