[{"title":"ゲヒャハー！","description":"先制 スキル使用までのターンを1〜4ターン遅延"},
{"title":"狂気の斧","description":"現在HPの80%のダメージ"},
{"title":"ファイヤスイング","description":"15,593ダメージ+左から2列目を火ドロップに変化"},
{"title":"どいたどいたぁ！","description":"先制 5,033ダメージ+お邪魔ドロップを10個生成"},
{"title":"幽水の皿","description":"99ターンの間、水ドロップが少し落ちやすくなる"},
{"title":"シャケナソード","description":"15,098ダメージ+左から4列目を水ドロップに変化"},
{"title":"風に乗るでありんす","description":"先制 5ターンの間、4コンボ以下の攻撃を吸収"},
{"title":"命乞い","description":"1ターンの間、受けるダメージを50%減らす"},
{"title":"不思議な小枝","description":"2連続攻撃 14,572ダメージ"},
{"title":"太平の願い","description":"先制 10ターンの間、スキル使用不可"},
{"title":"幼龍神の息吹","description":"14,492ダメージ+木ドロップを火ドロップに変化"},
{"title":"大いなる神光","description":"16,102ダメージ+闇ドロップを光ドロップに変化（HP50%以上で使用）"},
{"title":"母なる大海","description":"17,712ダメージ+火ドロップを水ドロップに変化（HP50%以下で使用）"},
{"title":"儚き夢想","description":"ランダムで3色をお邪魔ドロップに変化（HP30%以下で一度だけ使用）"},
{"title":"森羅万象","description":"5連続攻撃 計40,255ダメージ（HP30%以下で必ず使用）"},
{"title":"大海の衣","description":"先制 999ターンの間、4コンボ以下の攻撃を吸収"},
{"title":"海刃","description":"14,048ダメージ+木ドロップを水ドロップに変化"},
{"title":"神水の災恵","description":"21,072ダメージ+水ドロップを回復ドロップに変化"},
{"title":"父なる海神の呪詛","description":"ランダムで3色をお邪魔ドロップに変化（HP75%以下で一度だけ使用）"},
{"title":"海神の一撃","description":"56,192ダメージ（HP25%以下で必ず使用）"},
{"title":"穢れを落としてさしあげますっ！","description":"先制 こちらのHPが全回復"},
{"title":"不死の薬","description":"自分のHPを全回復(HP1%以下で必ず使用)"},
{"title":"蓬莱の玉の枝","description":"悪魔タイプが2～3ターンの間、行動不能(HP75%以下で必ず使用／一度のみ)(悪魔タイプがいない場合、かわりに通常攻撃)"},
{"title":"燕の産んだ子安貝","description":"15,956ダメージ+闇ドロップを回復ドロップに変化"},
{"title":"龍の首の珠","description":"9,574ダメージ+全ドロップを火、水、木、光、闇ドロップに変化"},
{"title":"火鼠の裘","description":"9,574ダメージ+回復ドロップを火ドロップに変化"},
{"title":"仏の御石の鉢","description":"現HPの99%のダメージ"},
{"title":"夜穿天昇","description":"25,530ダメージ+縦3列目と4列目を光ドロップに変化(HP30%以下で必ず使用)"},
{"title":"攻勢の狼煙","description":"先制 3ターンの間、ドロップ移動時間が1秒減少（既に移動時間短縮状態の場合、代わりに先制で通常攻撃）"},
{"title":"","description":""},
{"title":"一撃","description":"5,750ダメージ"},
{"title":"二撃","description":"2連続攻撃 計11,500ダメージ"},
{"title":"三撃","description":"3連続攻撃 計17,250ダメージ"},
{"title":"四撃","description":"4連続攻撃 計23,000ダメージ"},
{"title":"終撃","description":"4連続攻撃 計143,740ダメージ"},
{"title":"混沌の衣","description":"先制 3ターンの間、闇属性の攻撃を吸収"},
{"title":"ブラックストーム","description":"27,206ダメージ+お邪魔ドロップを闇ドロップに変換（盤面にお邪魔ドロップが存在する場合、必ず使用）"},
{"title":"カオスサイス","description":"13,603ダメージ+ランダムで1色をお邪魔ドロップに変換（盤面にお邪魔ドロップが存在しない場合、必ず使用）"},
{"title":"アモン、参上っ！！！","description":"先制 現在HPの99%ダメージ"},
{"title":"オール・フォー・ミー","description":"999ターンの間、攻撃力が3倍（HP50%以下で1回のみ使用）"},
{"title":"スーパーデビルフック","description":"17,398ダメージ+ランダムでドロップ１色をお邪魔ドロップに変換（ホー！ホー！ホーッ！！と交互に使用）"},
{"title":"ホー！　ホー！　ホーッ！！","description":"連擊3次，造成150%傷害"},
{"title":"屍龍の呪い","description":"先制 10ターンの間、毒ドロップが落ちてくる"},
{"title":"アシッドブレス","description":"27,652ダメージ+ランダムでドロップ1色をお邪魔ドロップに変換する"},
{"title":"屍龍の怨念","description":"ドラゴンタイプのモンスターが3ターンの間、行動不能(HP50%以下で使用、以後「ヘルポイズンブレス」を繰り返す)"},
{"title":"ヘルポイズンブレス","description":"27,652ダメージ+ランダムでドロップ3個を毒ドロップに変換する(HP50%以下で使用)"},
{"title":"怨みの冷笑","description":"10ターンの間、ドロップ移動時間が2秒減少（先制で使用、その後も効果が切れるたびに使用）"},
{"title":"腐敗への誘い","description":"ランダムでドロップ8個を毒ドロップに変化"},
{"title":"絶望の慟哭","description":"14,562ダメージ+ランダムで1色をお邪魔ドロップに変化"},
{"title":"神滅の業火","description":"5連続攻撃 計21,845ダメージ"},
{"title":"神怨","description":"神タイプのモンスターが1～3ターンの間、行動不能（HP50%以下で一度だけ使用）"},
{"title":"イビルスラッシュ","description":"6連続攻撃 計40,584ダメージ(HP35%以下で使用)"},
{"title":"ウォーターバインド","description":"水属性モンスターが2～4ターンの間、行動不能"},
{"title":"リーフバインド","description":"木属性モンスターが2～4ターンの間、行動不能"},
{"title":"ファイアバインド","description":"火属性モンスターが2～4ターンの間、行動不能"},
{"title":"ダークバインド","description":"闇属性モンスターが2～4ターンの間、行動不能"},
{"title":"フラッシュバインド","description":"光属性モンスターが2～4ターンの間、行動不能"},
{"title":"不死鳥の輝き","description":"先制 こちらのHPを全回復"},
{"title":"イモータルフレイム","description":"7,007ダメージ+水ドロップを回復ドロップに変化(水ドロップがない場合、かわりに通常攻撃)"},
{"title":"転生の炎","description":"自分のHPを全回復(HP50%以下で必ず使用)(こちらのHPが通常攻撃値以下の場合、攻撃を優先)"},
{"title":"不死鳥の輝き","description":"先制 こちらのHPを全回復"},
{"title":"エターナルフレア","description":"5連続攻撃 計37,370ダメージ(6の倍数の行動時に必ず使用)"},
{"title":"這い寄る魔手","description":"先制 木属性のモンスターを3ターンの間行動不能にする(木属性モンスターがいる場合使用)"},
{"title":"ブラックアウト","description":"先制 6,186ダメージ+盤面を真っ暗にする(木属性モンスターがいない場合使用)"},
{"title":"触手攻撃","description":"18,557ダメージ+ランダムで2体を2ターン行動不能にする"},
{"title":"ハードテンタクル","description":"3連続攻撃 計37,101ダメージ(HP30%以下で使用)"},
{"title":"ダウンバースト","description":"先制 現HPの99%のダメージ"},
{"title":"スナイパーアイ","description":"ランダムで1体が2～3ターンの間、行動不能（連続では使用しない？）"},
{"title":"ハンティングゲイル","description":"5連続攻撃 計14,990ダメージ"},
{"title":"女神の祝福","description":"先制 3ターンの間、20万以上のダメージを吸収"},
{"title":"女神の祈り","description":"闇属性モンスターが3ターンの間、行動不能"},
{"title":"セイクリッドアサルト","description":"13,706ダメージ+ランダムで4個を光ドロップに変換"},
{"title":"レインボーロード","description":"17,133ダメージ+全ドロップを火、水、木、光、闇、回復ドロップに変換"},
{"title":"ヘルハウリング","description":"先制 ランダムで2色をお邪魔ドロップに変化"},
{"title":"デスバイト","description":"5,352ダメージ+ランダムでドロップ3個を毒ドロップに変化"},
{"title":"トリニティファング","description":"3連続攻撃 計32,109ダメージ（HP25%以下で必ず使用）"},
{"title":"ピュアスマイル","description":"先制 ランダムで1体が3ターンの間、行動不能"},
{"title":"ぐんぐにーるたまぁ！","description":"27,156ダメージ+ランダムで1色を光ドロップに変化"},
{"title":"まそうぐんぐにーるたまぁ！","description":"12,220ダメージ+ランダムで1色を闇ドロップに変換"},
{"title":"サイレントスマイル","description":"先制 5ターンの間、スキル使用不可（スキル封印状態でない場合使用）"},
{"title":"立チ去レたまぁ･･･","description":"甚麼都不做"},
{"title":"ソーラーレーザー","description":"7,777ダメージ"},
{"title":"ちぇんじ・ざ","description":"何もしない(わーるどたまぁ！と交互に使用)"},
{"title":"わーるどたまぁ！","description":"12連続攻撃 計144,000ダメージ(ちぇんじ・ざと交互に使用)"},
{"title":"いやすたまぁ！","description":"先制 HPを全回復"},
{"title":"くいっくたまぁ！","description":"12,000ダメージ+ランダムで1体が2ターンの間、行動不能"},
{"title":"大地のコア","description":"先制 5ターンの間、火属性攻撃吸収"},
{"title":"封印の巨石","description":"13,445ダメージ+ランダムで1体が2ターンの間、行動不能（HP30%以下で使用）"},
{"title":"グラウンド・リベンジ","description":"3連続攻撃 計21,510ダメージ（HP30%以下で使用）"},
{"title":"恵みの土塊","description":"17,926ダメージ+ランダムで1色を回復ドロップに変化"},
{"title":"アースグラビティ","description":"現HPの99%のダメージ"},
{"title":"ストーングレイブ","description":"2連続攻撃 計10,756ダメージ"},
{"title":"我こそは張益徳！","description":"先制 3ターンの間、ドロップ移動時間が1秒減少既に移動時間短縮状態の場合、代わりに先制で通常攻撃"},
{"title":"こいつで終わりだぁ！！","description":"甚麼都不做"},
{"title":"西方爆砕陣","description":"44,944ダメージ（HP50%以下で必ず使用）"},
{"title":"白虎蛇矛","description":"20,225ダメージ+ランダムで1色を闇ドロップに変化"},
{"title":"猛虎乱撃","description":"4連続攻撃 計26,968ダメージ"},
{"title":"関銀屏、行くぜっ！","description":"先制 999ターンの間、3コンボ以下の攻撃を吸収"},
{"title":"魔除けの翠真珠","description":"火属性モンスターが3ターンの間、行動不能(HP50%以下で必ず使用／一度のみ)"},
{"title":"いただきまーすっ！","description":"HPを50%回復(HP50%以下で必ず使用／一度のみ)(こちらのHPが通常攻撃値以下の場合、通常攻撃)"},
{"title":"風刃","description":"12,848ダメージ+ランダムで1色を木ドロップに変化(属性変化後に使用)"},
{"title":"南方華演陣","description":"3連続攻撃 計22,089ダメージ(属性変化後、HP30%以下で使用)"},
{"title":"青龍焔月刀","description":"12,848ダメージ+ランダムで1色を火ドロップに変化"},
{"title":"趙子龍、参る！","description":"先制 999ターンの間、状態異常無効化"},
{"title":"一騎当千の覇気","description":"99ターンの間、5コンボ以下の攻撃を吸収(初回行動時に使用 以降効果が切れる度に使用)"},
{"title":"忠義の勇槍","description":"14,001ダメージ+ランダムでドロップ1色を光ドロップに変化"},
{"title":"怒りの豪槍","description":"現HPの99%のダメージ"},
{"title":"龍翼猛襲","description":"14,001ダメージ+ドロップが真っ黒になる"},
{"title":"北方無双陣","description":"4連続攻撃 計44,804ダメージ(HP30%以下で必ず使用)"},
{"title":"守護龍の壁陣","description":"先制 5ターンの間、ダメージを50%減少"},
{"title":"この周公瑾の知略、お見せしよう！","description":"先制 ドロップが真っ黒になる"},
{"title":"結界陣","description":"999ターンの間、状態異常を無効化"},
{"title":"伏兵の奇襲","description":"5連続攻撃 計18,635ダメージ"},
{"title":"剣の舞","description":"3～5連続攻撃 計14,535～24,225ダメージ"},
{"title":"落石の計","description":"22,361ダメージ+ランダムで5個をお邪魔ドロップに変化"},
{"title":"守護龍の毒爪","description":"14,907ダメージ+ランダムで4個を毒ドロップに変化"},
{"title":"火攻めの包囲陣","description":"11,180ダメージ+上下端を火ドロップに変化"},
{"title":"君に突破できるかな？","description":"11,180ダメージ+左右端を火ドロップに変化"},
{"title":"星乱の天舞","description":"6連続攻撃 55,902ダメージ"},
{"title":"ダークネスアーマー","description":"先制 999ターンの間、状態異常無効"},
{"title":"黒縛","description":"光属性のモンスターが3ターンの間、行動不能(HP50％以下で一度だけ使用)"},
{"title":"破滅の大盾","description":"14,384ダメージ+ランダムでドロップ3つを毒ドロップに変換)"},
{"title":"魔炎","description":"23,973ダメージ+光ドロップを火ドロップに変換"},
{"title":"暗黒","description":"19,178ダメージ+ドロップが真っ暗になる"},
{"title":"ブラッディエクスキューション","description":"3連続攻撃 計43,152ダメージ(HP30%以下で使用)"},
{"title":"君のパズル力、見せてもらおう！","description":"先制 5ターンの間、5コンボ以下の攻撃を吸収"},
{"title":"紅蓮一閃","description":"12,121ダメージ+中央横一列を火ドロップに変換"},
{"title":"興醒めだな","description":"999ターンの間、攻撃力3倍(以降、獄天の焦熱のみを使用)"},
{"title":"獄天の焦熱","description":"攻撃力3倍時51,948ダメージ+闇ドロップを火ドロップに変換(闇ドロップがない場合、他の色を変換)"},
{"title":"獄天の焦熱","description":"攻撃力3倍時51,948ダメージ+闇ドロップを火ドロップに変換(闇ドロップがない場合、他の色を変換)"},
{"title":"我を打ち破って見せよ","description":"先制 4ターンの間、状態異常無効化"},
{"title":"ヘブンズシュトローム","description":"上方第1橫行轉毒、下方第1橫行轉心 ，並造成25%傷害"},
{"title":"ヘブンズシュトローム","description":"左方第1直行轉毒、右方第1直行轉心 ，並造成50%傷害"},
{"title":"ヘブンズシュトローム","description":"上方第1橫行轉心、下方第1橫行轉毒 ，並造成75%傷害"},
{"title":"ヘブンズシュトローム","description":"左方第1直行轉心、右方第1直行轉毒 ，並造成100%傷害"},
{"title":"アビスシュトローム","description":"30,150ダメージ+横上から1列目と5列目を毒ドロップに変換(次の攻撃は１回目のヘブンズシュトロームに戻る)"},
{"title":"私から逃れられるかしら？","description":"先制 5ターンの間、スキル使用不可(既にスキル封印状態の場合、代わりに先制で通常攻撃。その後封印が解け次第ソウルバースト？)"},
{"title":"ソウルバースト","description":"37,524ダメージ+全ドロップを木と回復ドロップに変換(6の倍数の行動時に使用)"},
{"title":"ソウルキュアー","description":"自分のHPを全回復(HP50%以下で必ず使用)(こちらのHPが通常攻撃以下だと令呪の呪縛、茨の檻、ウィップスラッシュのどれかを優先)"},
{"title":"霊樹の呪縛","description":"9,381ダメージ+リーダーが1～2ターンの間、行動不能"},
{"title":"茨の檻","description":"6,254ダメージ+ランダムでサブ3体が1～2ターンの間、行動不能"},
{"title":"ウィップラッシュ","description":"連擊3~4次，每次造成40%傷害"},
{"title":"･････････。","description":"先制 現HPの99%のダメージ"},
{"title":"デスサイズ","description":"547,560ダメージ+中央横一列を闇ドロップに変化"},
{"title":"クルーエルウォー","description":"6,443ダメージ+ドロップが真っ暗になる（先制で使用、HP50%以下でも使用）"},
{"title":"破壊の炎槍","description":"現HPの99%のダメージ（HP50%以上で使用）"},
{"title":"狂乱の闇槍","description":"12,885ダメージ+ランダムで1色をお邪魔ドロップに変化（HP50%以上で使用）"},
{"title":"ウォールブレイカー","description":"2連続攻撃 計19,328ダメージ（HP50%以下で「クルーエルウォー」と交互に使用）"},
{"title":"スピードスター","description":"先制 5,673ダメージ+ランダムでドロップ1色をお邪魔ドロップに変化"},
{"title":"トリックスター","description":"5ターンの間、お邪魔ドロップが落ちてくる"},
{"title":"ブラックレター","description":"8,509ダメージ+盤面を真っ暗にする"},
{"title":"ラヴレター","description":"17,018ダメージ+ランダムでドロップ1色を回復ドロップに変化"},
{"title":"ヒュプノスレター","description":"5,673ダメージ+ランダムで4体を1～2ターンの間行動不能にする"},
{"title":"タナトスレター","description":"11,345ダメージ+ランダムでドロップ1色をお邪魔ドロップに変化"},
{"title":"アルゲイポンテース","description":"連擊4次，造成200%傷害 "},
{"title":"狩猟の極意","description":"先制 10ターンの間、お邪魔ドロップが落ちてくる"},
{"title":"ヘッドスナイプ","description":"6,314ダメージ+リーダーが2ターンの間、行動不能その後も2ターンおきに使用"},
{"title":"バラージショット","description":"4～6連続攻撃 計10,104～15,156ダメージ（HP50%以上で使用）"},
{"title":"ジャッジメントアロー","description":"18,942ダメージ（HP50%以下で使用）"},
{"title":"焔の檻","description":"先制 木属性モンスターを3ターンの間行動不能にする(木属性モンスターがいる場合使用)"},
{"title":"ライトニングアロー","description":"先制攻撃 10,433ダメージ+ランダムでドロップ1色を光ドロップに変化"},
{"title":"光明のリュラー","description":"悪魔タイプのモンスターを3ターンの間行動不能にする(HP50%以下で使用)"},
{"title":"陽光の魔弾","description":"17,389ダメージ+ランダムでドロップ1色を火ドロップに変化"},
{"title":"灰塵と成り果てろ","description":"甚麼都不做"},
{"title":"グランド・サン","description":"139,110ダメージ(以後「グランド・サン」を繰り返す)"},
{"title":"フレイムシールド","description":"先制 10ターンの間、火属性の攻撃を吸収"},
{"title":"レッドタックル","description":"6,150ダメージ+ランダムで1色を火ドロップに変換"},
{"title":"シールドバッシュ","description":"8,200ダメージ"},
{"title":"アクアシールド","description":"先制 10ターンの間、水属性の攻撃を吸収"},
{"title":"ブルータックル","description":"6,150ダメージ+ランダムで1色を水ドロップに変換"},
{"title":"ウィンドシールド","description":"10回合內，將受到的木屬性傷害轉換成自己的生命值"},
{"title":"グリーンタックル","description":"6,150ダメージ+ランダムで1色を木ドロップに変換"},
{"title":"ライトシールド","description":"先制 10ターンの間、光属性の攻撃を吸収"},
{"title":"イエロータックル","description":"6,150ダメージ+ランダムで1色を光ドロップに変換"},
{"title":"シャドウシールド","description":"先制 10ターンの間、闇属性の攻撃を吸収"},
{"title":"パープルタックル","description":"6,150ダメージ+ランダムで1色を闇ドロップに変換"},
{"title":"封印の波動","description":"先制 5ターンの間、スキル使用不可（既にスキル封印状態の場合、代わりに先制で通常攻撃）"},
{"title":"南方七星陣","description":"7連続攻撃 計70,259ダメージ（HP20%以下で必ず使用）"},
{"title":"東方七星陣","description":"7連続攻撃 計61,474ダメージ（HP20%以下で必ず使用）"},
{"title":"北方七星陣","description":"7連続攻撃 計26,348ダメージ（HP20%以下で必ず使用）"},
{"title":"四源の舞","description":"4連続攻撃 計100,368ダメージ（HP20%以下で必ず使用）"},
{"title":"西方七星陣","description":"7連続攻撃 計61,474ダメージ（HP20%以下で必ず使用）"},
{"title":"龍星の輝き","description":"先制 5ターンの間、スキル使用不可（既にスキル封印状態の場合、代わりに先制で通常攻撃）"},
{"title":"真・双龍掌","description":"2連続攻撃 計41,990ダメージ(HP70%以下で使用)"},
{"title":"真・四神乱舞","description":"4連続攻撃 計251,940ダメージ(HP30%以下で必ず使用)"},
{"title":"畏怖の波動","description":"先制 5ターンの間、ドロップ移動時間が2秒減少（既に移動時間短縮状態の場合、代わりに先制で通常攻撃）"},
{"title":"冥龍波","description":"18,018ダメージ+ランダムで1色を闇ドロップに変化(HP70%以上では通常攻撃と交互に使用)(HP70%以下では絶・双龍掌と交互に使用)"},
{"title":"絶・双龍掌","description":"2連続攻撃 計24,024ダメージ(HP70%以下で冥龍波と交互に使用)"},
{"title":"絶・神滅冥龍波","description":"36,036ダメージ+ランダムで1色を闇ドロップに変化(HP30%以下で必ず使用)"},
{"title":"これ以上は行かせない！","description":"先制 99ターンの間、5コンボ以下の攻撃を吸収"},
{"title":"魔龍剣・流星","description":"20,208ダメージ+ランダムで1色を火ドロップに変化"},
{"title":"魔龍剣・雷光","description":"10,104ダメージ+ランダムで1体が2ターンの間、行動不能（HP75%以下で使用）"},
{"title":"魔龍剣・混沌","description":"15,156ダメージ+ドロップが真っ暗になる（HP50%以下で使用）"},
{"title":"継界召龍陣・双龍帝","description":"何もしない（HP30%以下で必ず使用／一度のみ）"},
{"title":"炎帝","description":"101,040ダメージ+ランダムで1色を火ドロップに変化（HP30%以下で必ず使用）"},
{"title":"侵入者を排除しますっ","description":"先制 1ターンの間、攻撃力3倍"},
{"title":"ブレイブスマッシュ","description":"17,642ダメージ（攻撃力3倍時52,926ダメージ）（最初の行動で必ず使用）"},
{"title":"古龍族の呪い","description":"5ターンの間、スキル使用不可（HP75%以下で必ず使用／一度のみ）"},
{"title":"ソイルバレット","description":"2～4連続攻撃 計14,114～28,228ダメージ"},
{"title":"継界召龍陣・岩砕龍","description":"何もしない（HP30%以下で必ず使用／一度のみ）"},
{"title":"ギガントクラッシャー","description":"2連続攻撃 計105,852ダメージ（HP30%以下で必ず使用）"},
{"title":"立チ去リナサイ","description":"先制 999ターンの間、状態異常無効化"},
{"title":"ブルースフィア","description":"15,845ダメージ+ランダムで1色を水ドロップに変化"},
{"title":"晶化の波動","description":"13,468ダメージ+ランダムで2体が1～3ターンの間、行動不能（HP75%以下で使用）"},
{"title":"継界召龍陣・結晶龍","description":"何もしない（HP30%以下で必ず使用／一度のみ）"},
{"title":"ハングリーアングリー","description":"先制 5ターンの間、攻撃力2倍(通常攻撃11,000ダメージ)"},
{"title":"ぺろりんちょ","description":"4,400ダメージ+ランダムで1色をお邪魔ドロップに変化(攻撃力2倍時8,800ダメージ)"},
{"title":"がぶりんちょ","description":"275,000ダメージ(6の倍数の行動時に使用)"},
{"title":"女神の舞踏","description":"先制 999ターンの間、状態異常無効化"},
{"title":"チャクラを解放した","description":"先制 1ターンの間、受けるダメージを半減"},
{"title":"ムーラーダーラ","description":"6連続攻撃 計121,836ダメージ(HP65%以上で必ず使用)"},
{"title":"スワーディシュターナ","description":"2連続攻撃 計18,276ダメージ"},
{"title":"マニプーラ","description":"封鎖隨機1隻寵物2回合"},
{"title":"アナーハタ","description":"隱藏全畫面的寶珠"},
{"title":"ヴィシュッダ","description":"隨機3粒寶珠轉毒"},
{"title":"アージュナー","description":"造成玩家目前HP99%的傷害"},
{"title":"カーラ・マー","description":"15,230ダメージ+10ターンの間スキル使用不能"},
{"title":"サハスラーラ","description":"152,295ダメージ(HP5%以下で必ず使用)"},
{"title":"マハースッカ・カマラ","description":"6連続攻撃 計124,500ダメージ(HP65%以上で必ず使用)"},
{"title":"ニルマーナ・カーヤ","description":"隱藏全畫面的寶珠，並造成90%傷害"},
{"title":"ダルマ・カーヤ","description":"所有寶珠變為火水木光暗，並造成90%傷害"},
{"title":"サンボガ・カーヤ","description":"當前所有技能的冷卻時間增加 0~1 回合，並造成90%傷害"},
{"title":"ウシュニーシャ・カマラ","description":"155,625ダメージ(HP5%以下で必ず使用)"},
{"title":"ブルーアウト・ネメシス","description":"5連続攻撃 計79,225ダメージ（HP30%以下で必ず使用）"},
{"title":"冥穣の王政","description":"先制 99ターンの間、木と闇ドロップが落ちやすくなる"},
{"title":"裁きの訊杖","description":"9,497ダメージ+中央横一列をお邪魔ドロップに変化"},
{"title":"恵みの賢杖","description":"18,993ダメージ+縦2列目と5列目を回復ドロップに変化"},
{"title":"不可視の援護","description":"2連続攻撃 計37,986ダメージ"},
{"title":"ナイルの加護","description":"先制 999ターンの間、20万以上のダメージを吸収"},
{"title":"3ターンだけ待ってあげる","description":"何もしない"},
{"title":"さよならー","description":"カウントダウン"},
{"title":"ヒエログリフの創造","description":"先制 スキル使用までのターン数が5ターン増加"},
{"title":"夜刻の守護者","description":"6,383ダメージ+ランダムで1色をお邪魔ドロップに変換"},
{"title":"イシェドの葉","description":"6,383ダメージ+ランダムで4つを毒ドロップに変換"},
{"title":"時の支配","description":"6,383ダメージ+ランダムでサブ1体が4ターンの間、行動不能"},
{"title":"創世の裁き","description":"4連続攻撃 計25,532ダメージ"},
{"title":"メジェリュージョン","description":"3ターンの間、ランダムでサブ1体とリーダーを交代"},
{"title":"うつろわざる霊魂","description":"99ターンの間、4コンボ以下の攻撃を吸収"},
{"title":"不可視の一瞥","description":"3,448ダメージ+回復ドロップをお邪魔ドロップに変化"},
{"title":"メジェビーム","description":"以下の効果がランダムで発動・13,792ダメージ+ランダムで1色を闇ドロップに変化・現HPの99%のダメージ・10,344ダメージ+ドロップが真っ黒になる"},
{"title":"メジェビーム","description":"以下の効果がランダムで発動・13,792ダメージ+ランダムで1色を闇ドロップに変化・現HPの99%のダメージ・10,344ダメージ+ドロップが真っ黒になる"},
{"title":"メジェビーム","description":"以下の効果がランダムで発動・13,792ダメージ+ランダムで1色を闇ドロップに変化・現HPの99%のダメージ・10,344ダメージ+ドロップが真っ黒になる"},
{"title":"メジェリュージョン","description":"3ターンの間、ランダムでサブ1体とリーダーを交代"},
{"title":"メジェ・ド・エンド","description":"3連続攻撃 計33,102ダメージ"},
{"title":"守護陣","description":"先制 5ターンの間、4コンボ以下の攻撃を吸収"},
{"title":"ファラオの意向","description":"2ターンの間、リーダーが交代"},
{"title":"王獣の眼光","description":"スキル使用までのターン数が2ターン増加HP80%以下で必ず使用／一度のみ)"},
{"title":"砂塵咆哮","description":"10,164ダメージ+ランダムで1色をお邪魔ドロップに変換"},
{"title":"憤怒の突進","description":"12連続攻撃 計121,968ダメージ"},
{"title":"双角の猛襲","description":"造成玩家目前HP99%的傷害"},
{"title":"ブレイズホーン","description":"31,445ダメージ+ランダムで1色を火ドロップに変化"},
{"title":"ギガントクロー","description":"2連続攻撃 計55,492ダメージ"},
{"title":"海蛇龍の大渦","description":"先制 10ターンの間、スキル使用不可"},
{"title":"しめつける","description":"3,140ダメージ"},
{"title":"しめつける","description":"3,140ダメージ"},
{"title":"しめつける","description":"3,140ダメージ"},
{"title":"しめつける","description":"3,140ダメージ"},
{"title":"かみ砕く","description":"重擊，造成1000%傷害"},
{"title":"呑み込む","description":"125,600ダメージ"},
{"title":"突進","description":"先制 現HPの80%のダメージ"},
{"title":"フレアクロー","description":"15,178ダメージ+縦2列目と5列目を火ドロップに変化"},
{"title":"突進","description":"先制 現HPの80%のダメージ"},
{"title":"ストームクロー","description":"15,178ダメージ+縦2列目と5列目を木ドロップに変化"},
{"title":"ユニオンクロー","description":"22,767ダメージ+縦左から1,2列目を火ドロップに、5,6列目を木ドロップに変化"},
{"title":"優しくしてくださいね♪","description":"先制 5ターンの間、ドロップ操作時間が2秒減少"},
{"title":"まだまだこれからです♪","description":"3ターンの間、ドロップ操作時間が3秒減少"},
{"title":"ビューティフル・ワールド","description":"11,499ダメージ+ランダムで2体が1～2ターン行動不能"},
{"title":"キューピッドアタック","description":"15,332ダメージ+お邪魔ドロップを3個生成"},
{"title":"ハイテンプテーション","description":"サブ全員が2～3ターンの間、行動不能"},
{"title":"ブリリアント・ワールド","description":"22,998ダメージ+ランダムで5体が1～2ターン行動不能"},
{"title":"黄泉の波動","description":"先制 全員のスキル使用までのターン数が0～4ターン増加"},
{"title":"恨みの咆哮","description":"全員のスキル使用までのターン数が99ターン増加"},
{"title":"呪いの蛇神眼","description":"全員が2ターンの間、行動不能"},
{"title":"狂獄の神火","description":"14,476ダメージ+ランダムでドロップ8個を火ドロップ4個、闇ドロップ4個に変化"},
{"title":"狂苛焔獄弾","description":"10,857ダメージ+ランダムで1色をお邪魔ドロップに変化"},
{"title":"蛇神の毒牙","description":"7,238ダメージ+闇ドロップを毒ドロップに変化"},
{"title":"蛇王滅殺獄龍破","description":"4連続攻撃 計579,040ダメージ"},
{"title":"第三の目","description":"スキル使用に必要なターン数が2ターン増加"},
{"title":"破壊神の天力","description":"99ターンの間、4コンボ以下の攻撃を吸収"},
{"title":"ダムルー","description":"現HPの75%ダメージ"},
{"title":"ニーラカンタ","description":"45550ダメージ+毒ドロップを回復ドロップに変化"},
{"title":"トリシューラ","description":"15,451ダメージ+左から縦1、3、5列目を火ドロップに変換"},
{"title":"ピナーカ","description":"3連続攻撃 計27,330ダメージ"},
{"title":"ハラーハラ","description":"50%ダメージ+ランダムで毒ドロップを7個生成"},
{"title":"マハーカーラ","description":"75%ダメージ+ドロップが真っ黒になる"},
{"title":"爆滅の三眼","description":"300%ダメージ+全ドロップを火ドロップに変換"},
{"title":"これより先は危険です","description":"先制 99ターンの間、30万以上のダメージを吸収"},
{"title":"心癒の山風","description":"15,451ダメージ+上から1,5列目を回復ドロップ、3列目を木ドロップに変換"},
{"title":"トリシューラ","description":"15,451ダメージ+左から縦1、3、5列目を火ドロップに変換"},
{"title":"タイガーラッシュ","description":"3～4連続攻撃 計13,905～18,540ダメージ"},
{"title":"ヒマラヤの怒り","description":"30,902ダメージ+一番上の横1列目をお邪魔ドロップに変換"},
{"title":"金色神の嘆き","description":"ランダムでお邪魔ドロップを10個生成"},
{"title":"愚かな…","description":"自滅する"},
{"title":"フフッ、いらっしゃい","description":"先制 こちらのHPを全回復"},
{"title":"北方七星陣","description":"7連続攻撃 計26,348ダメージ"},
{"title":"神水　星雫","description":"30,698ダメージ+上段1列目を回復ドロップに変化"},
{"title":"地刃乱舞","description":"5～7連続攻撃 計25,580～35,812ダメージ"},
{"title":"いきますよっ","description":"スキル使用までのターン数が1ターン増加"},
{"title":"玄武七星陣","description":"61,395ダメージ+全ドロップを木、光、闇ドロップに変化"},
{"title":"デッドギフト","description":"スキルの効果を打ち消す"},
{"title":"デッドギフト","description":"先制 ランダムで猛毒ドロップを2個生成"},
{"title":"死の宣告","description":"現HPの99%ダメージ"},
{"title":"3","description":"ランダムで猛毒ドロップを5個生成"},
{"title":"2","description":"ランダムで猛毒ドロップを5個生成"},
{"title":"1","description":"ランダムで猛毒ドロップを5個生成"},
{"title":"カタストロフ","description":"2連続攻撃 計308,660ダメージ"},
{"title":"神王の戒め","description":"先制 22,601ダメージ"},
{"title":"神々の守り","description":"先制 999ターンの間、状態異常無効化"},
{"title":"火消しの暴風","description":"13,908ダメージ+火ドロップをお邪魔ドロップに変化"},
{"title":"破邪の神光","description":"15,647ダメージ+闇ドロップをお邪魔ドロップに変化"},
{"title":"ジュピタージェネシス","description":"34,770ダメージ"},
{"title":"神の雷","description":"29,004ダメージ"},
{"title":"神王の眼光","description":"神タイプのモンスターが2～4ターンの間、行動不能"},
{"title":"スーパーノヴァ","description":"10連続攻撃 計48,340ダメージ"},
{"title":"ブラック・ディメンション","description":"999回合內，將 5COMBO 或以下時所造成的傷害全部吸收"},
{"title":"ブラックホール","description":"15,469ダメージ+ランダムで1色をお邪魔ドロップに変化"},
{"title":"神王の試練","description":"先制 999ターンの間、4コンボ以下の攻撃を吸収"},
{"title":"ドラゴニックブレード","description":"17,474ダメージ+水ドロップを火ドロップに変化"},
{"title":"マーズディライト","description":"3連続攻撃 計21,843ダメージ"},
{"title":"神々の守り","description":"先制 999ターンの間、状態異常無効化"},
{"title":"恵雨のネクタール","description":"99ターンの間、水ドロップが落ちやすくなる"},
{"title":"クリスタルブリット","description":"17,128ダメージ+ランダムでドロップ1色を水属性に変化"},
{"title":"デウカリオーン・フラッド","description":"12,846ダメージ+ランダムで3体を1～2ターンの間行動不能にする"},
{"title":"ディープ・アクエリアス","description":"1ターンの間、5コンボ以下の攻撃を吸収する"},
{"title":"ギャラクシースウォーム","description":"5連続攻撃 計29,975ダメージ"},
{"title":"光の龍鱗","description":"先制 4ターンの間、光属性の攻撃を吸収"},
{"title":"闇の龍鱗","description":"先制 4ターンの間、闇属性の攻撃を吸収"},
{"title":"ゼロ・ブラスト","description":"現HPの100%のダメージ"},
{"title":"グラビティブレス","description":"現HPの99%のダメージ"},
{"title":"真龍王の魔爪","description":"19,336ダメージ+ランダムでサブ1体が1～2ターンの間、行動不能"},
{"title":"ブラックディザスター","description":"29,004ダメージ+ランダムでドロップ1色をお邪魔ドロップに変化"},
{"title":"暴風結界","description":"先制 4ターンの間、状態異常無効化"},
{"title":"迅風烈哮","description":"火珠轉廢珠，並造成100%傷害"},
{"title":"迅風烈哮","description":"隨機1種寶珠轉廢珠，並造成100%傷害"},
{"title":"爪翼乱撃","description":"4連続攻撃 計25,464ダメージ"},
{"title":"龍巻旋封","description":"10,185ダメージ+サブ全員が1～2ターンの間、行動不能"},
{"title":"一時の凪","description":"何もしない"},
{"title":"天地崩嵐","description":"5連続攻撃 計318,275ダメージ"},
{"title":"星帝の煌き","description":"先制 99ターンの間、5コンボ以下の攻撃を吸収"},
{"title":"ネビュラインフェルノ","description":"129,870ダメージ+ドロップが真っ暗になる"},
{"title":"天雷","description":"10,390ダメージ+ランダムで1色を光ドロップに変化"},
{"title":"フォトンブレス","description":"3連続攻撃 計19,482ダメージ"},
{"title":"冥轟","description":"10,390ダメージ+ランダムで1色を闇ドロップに変化"},
{"title":"フォトンブレス","description":"3連続攻撃 計19,482ダメージ"},
{"title":"ディバインスター","description":"5連続攻撃 計32,470ダメージ"},
{"title":"フレイムボディ","description":"先制 5ターンの間、状態異常無効化"},
{"title":"クロスドロゥブレス","description":"先制 24,375ダメージ"},
{"title":"ブレイズオーラ","description":"5ターンの間、5コンボ以下の攻撃を吸収"},
{"title":"トリプルブレス","description":"3連続攻撃 計26,592ダメージ"},
{"title":"ファイヤーアーマー","description":"5ターンの間、50万以上のダメージを無効化"},
{"title":"ファニングブレス","description":"連擊6次，造成120%傷害"},
{"title":"インフェルノブレット","description":"33,239ダメージ+ランダムで5体が5ターンの間、行動不能"},
{"title":"バーストエンド","description":"5連続攻撃 計1,107,950ダメージ"},
{"title":"よく来たのう、勇ましき者よ","description":"999回合內異常狀態（如毒、威嚇、破防）無效化"},
{"title":"龍の雫","description":"自分のHPを全回復"},
{"title":"ドラりんのエンハンス！","description":"999ターンの間、攻撃力2.5倍"},
{"title":"継界召龍陣・屍霊龍","description":"何もしない"},
{"title":"ヘルポイズンブレス","description":"27,652ダメージ+ランダムでドロップ3個を毒ドロップに変換する"},
{"title":"継界召龍陣・星龍帝","description":"何もしない"},
{"title":"ディバインスター","description":"5連続攻撃 計32,470ダメージ"},
{"title":"継界召龍陣・真龍王","description":"何もしない"},
{"title":"ゼロ・ブラスト","description":"現HPの100%のダメージ"},
{"title":"神王妃の洗礼","description":"先制 38,910ダメージ"},
{"title":"ブラックナイトメア","description":"17,510ダメージ+光ドロップをお邪魔ドロップに変化"},
{"title":"神王妃の吐息","description":"神タイプのモンスターが5ターンの間、行動不能"},
{"title":"ギガグラビティ","description":"現HPの99%のダメージ"},
{"title":"ギガグラビトンボム","description":"97,275ダメージ"},
{"title":"情熱☆ヘラチューン","description":"先制 99ターンの間、火ドロップが落ちやすくなり、お邪魔ドロップが落ちてくる"},
{"title":"ダブリット☆ミラー","description":"999回合內，將 5COMBO 或以下時所造成的傷害全部吸收"},
{"title":"スイートデビル♪","description":"21,252ダメージ+水ドロップをお邪魔ドロップに変化"},
{"title":"ハートフルアロー","description":"21,252ダメージ+ランダムで1色を火ドロップに変化"},
{"title":"ウルズ↑↑フィーバー☆","description":"3連続攻撃 計31,878ダメージ"},
{"title":"スイートデビル♪","description":"21,252ダメージ+水ドロップをお邪魔ドロップに変化"},
{"title":"ハートフルアロー","description":"21,252ダメージ+ランダムで1色を火ドロップに変化"},
{"title":"澪王妃の世界","description":"先制 5ターンの間、スキル使用不可"},
{"title":"アイスコフィン","description":"4,992ダメージ+ランダムで5体が1～3ターンの間、行動不能"},
{"title":"ブルーブリザード","description":"19,969ダメージ+ランダムでドロップ1色を水ドロップに変化"},
{"title":"フリーズブラスト","description":"16,974ダメージ+ランダムで1体が2～4ターンの間、行動不能"},
{"title":"ブルーブリザード","description":"19,969ダメージ+ランダムでドロップ1色を水ドロップに変化"},
{"title":"アブソリュートゼロ","description":"現HPの100%のダメージ"},
{"title":"フリーズブラスト","description":"16,974ダメージ+ランダムで1体が2～4ターンの間、行動不能"},
{"title":"ブルーブリザード","description":"19,969ダメージ+ランダムでドロップ1色を水ドロップに変化"},
{"title":"よくぞここまで来ました！","description":"先制 味方のHPが全回復"},
{"title":"リザレクション","description":"自分のHPを全回復"},
{"title":"ニケの聖歌","description":"闇属性のモンスターが10ターンの間、行動不能"},
{"title":"アイギスの守り","description":"999ターンの間、状態異常無効"},
{"title":"シャイニングスピア","description":"19,055ダメージ+ランダムでドロップ1色を光ドロップに変化"},
{"title":"ストームパニッシャー","description":"6連続攻撃 計28,584ダメージ"},
{"title":"シケリアストライク","description":"現HPの99%のダメージ"},
{"title":"スターバースト","description":"10連続攻撃 計238,190ダメージ"},
{"title":"はなっから容赦しねぇ！！","description":"先制 2,510ダメージ+全ドロップを毒ドロップに変化"},
{"title":"ヘルズチャージ","description":"25,102ダメージ+ランダムでドロップ1色をお邪魔ドロップに変化"},
{"title":"オラオラオラオラオラァッ！！","description":"5連続攻撃 計37,655ダメージ"},
{"title":"もっぺん沈んどけぇ！！","description":"2,510ダメージ+全ドロップを毒ドロップに変化"},
{"title":"獄羅苦怒羅威武","description":"31,378ダメージ+ランダムでドロップ6個を毒ドロップに変化"},
{"title":"ここは通さん","description":"先制 ランダムでサブ1体が2～3ターンの間行動不能"},
{"title":"伝説の金角","description":"10,507ダメージ+左から2,4列目を光ドロップに変換"},
{"title":"ファーストエーデルワイス","description":"13,134ダメージ+ランダムで1体が1ターンの間行動不能"},
{"title":"ニャンでも壊す！","description":"先制 9,372ダメージ"},
{"title":"生得の災禍","description":"6,560ダメージ+盤面が真っ暗になる"},
{"title":"ダークサイドクロー","description":"14,058ダメージ+上から2列目を闇ドロップに変換"},
{"title":"我が地に何用じゃ","description":"先制 999ターンの間、状態異常無効"},
{"title":"火止扶ク黒犬","description":"22,978ダメージ+火ドロップをお邪魔ドロップに変化"},
{"title":"路尋承シ白犬","description":"22,978ダメージ+左側3列目と4列目をお邪魔ドロップに変化"},
{"title":"神変","description":"16,413ダメージ+ランダムで6個のドロップをロック"},
{"title":"花吹雪","description":"3連続攻撃 計17,235ダメージ"},
{"title":"天甜酒","description":"HP30%回復"},
{"title":"奇シ和多志ノ力","description":"26,261ダメージ+ランダムで1色を水ドロップに変化"},
{"title":"軻遇突智ノ御霊","description":"現HP100%の割合ダメージ"},
{"title":"武神の大力","description":"2連続攻撃 計52,522ダメージ"},
{"title":"流砂河の旋風","description":"先制 13,017ダメージ"},
{"title":"霊山の大将","description":"99ターンの間、4コンボ以下の攻撃を吸収"},
{"title":"九筋の陰風","description":"3ターンの間、スキル使用不能"},
{"title":"降妖宝杖","description":"14,753ダメージ+闇ドロップを5個生成"},
{"title":"喰らいつく","description":"2連続攻撃 計20,828ダメージ"},
{"title":"通常攻撃","description":""},
{"title":"妖仙の呪詛","description":"現HPの99%ダメージ"},
{"title":"喰らいつく","description":"2連続攻撃 計20,828ダメージ"},
{"title":"とっつげき～！","description":"先制 現HPの99%ダメージ"},
{"title":"天蓬元帥の秘策","description":"1ターンの間、受けるダメージを75%軽減"},
{"title":"猪突猛進","description":"現HPの100% ダメージ"},
{"title":"ぶったたく","description":"19,900ダメージ+縦1、3、5列目を火ドロップに変換"},
{"title":"通常攻撃","description":""},
{"title":"天心つまみ食い","description":"敵のHPが10%回復"},
{"title":"灼熱の蹄","description":"8,292ダメージ+横1列目を火ドロップに変換"},
{"title":"水戦の秘技","description":"12,437ダメージ+水属性のモンスターが2ターンの間、行動不能"},
{"title":"ばくれつミルキーウェイ！","description":"33,166 ダメージ+縦1、3、5列目を火ドロップに、縦2、4、6列目を光ドロップに変換"},
{"title":"アース神族の誇り","description":"先制 スキル使用に必要なターン数を2ターン遅延"},
{"title":"どこへも行かないでください","description":"ランダムで水ドロップを1個生成"},
{"title":"あら、意外と似合うじゃない","description":"こちらのHPを全回復"},
{"title":"暴れてばかりいてはダメよ","description":"全モンスターが1ターン行動不能"},
{"title":"大地神の怒り","description":"6連続攻撃 計 47,262 ダメージ"},
{"title":"ヴィーンゴールヴの聖域","description":"1ターンの間、受けるダメージを75%軽減"},
{"title":"地砕の雷槌","description":"14,179ダメージ+光ドロップをロック"},
{"title":"ライトニングパンチ","description":"15,754ダメージ+ランダムで光ドロップを1個生成"},
{"title":"ボルトインパクト","description":"18,905ダメージ+上から横4，5列目をランダムに木・光ドロップに変化"},
{"title":"ブロウスイング","description":"23,631ダメージ+左側の縦2，3列目を木・お邪魔ドロップに変化"},
{"title":"ラグナロクビクター","description":"先制 999ターンの間、状態異常無効"},
{"title":"そんな物で私に勝てると思っているのか","description":"19,772ダメージ"},
{"title":"ムスペルの軍勢","description":"スキル使用までのターン数を0～2ターン増加"},
{"title":"オーバーヒート","description":"99ターンの間、火ドロップが落ちやすくなる"},
{"title":"体がさらに燃え上がっている","description":"自分の属性を火属性に変化"},
{"title":"コロナ","description":"22,757ダメージ+全ドロップを火ドロップに変化"},
{"title":"黒の炎","description":"18,205ダメージ+火ドロップをお邪魔ドロップに変換"},
{"title":"レーヴァテイン","description":"19,722ダメージ+ランダムで火ドロップを6個生成"},
{"title":"ラストフレイム","description":"4連続攻撃 計 42,480 ダメージ"},
{"title":"角笛ギャラルホルン","description":"先制 5ターンの間、闇属性の攻撃を吸収"},
{"title":"おぬしはワシが止めよう","description":"闇属性のモンスターが、1ターン行動不能"},
{"title":"守神の五感","description":"999ターンの間、状態異常無効"},
{"title":"まだまだじゃのう","description":"17,994ダメージ＋ドロップが見えなくなる"},
{"title":"頭突き","description":"14,395ダメージ+スキル使用に必要なターン数を1ターン遅延"},
{"title":"ホルンアックス","description":"19,793ダメージ"},
{"title":"暁光の大盾","description":"2ターンの間、受けるダメージを50%減らす"},
{"title":"叩きつける","description":"23,392ダメージ+左から3番目の縦1列を光ドロップに変化"},
{"title":"ホーリー","description":"4連続攻撃 計 86,372 ダメージ"},
{"title":"地獄の掟","description":"先制 23,547 ダメージ+ランダムで毒ドロップを4個生成"},
{"title":"魔の半身","description":"999ターンの間、状態異常無効"},
{"title":"あなたを許しはしない","description":"神タイプのモンスターが5ターンの間行動不能（神タイプがいない場合は通常攻撃）"},
{"title":"ガルムの眼光","description":"神タイプのモンスターが5ターンの間行動不能（神タイプがいない場合は通常攻撃）"},
{"title":"腐敗","description":"ランダムで毒ドロップを4個生成"},
{"title":"ナグルファル","description":"1ターンの間、受けるダメージを半減"},
{"title":"死者の軍勢","description":"10ターンの間、毒ドロップが降ってくる"},
{"title":"ナイトメア","description":"スキル使用までのターン数を1～2ターン増加"},
{"title":"イートハートストライク","description":"47,094 ダメージ+回復ドロップを闇ドロップに変換"},
{"title":"デッドジャッジメント","description":"18,838ダメージ+毒、猛毒ドロップをロック"},
{"title":"ポイズンネイル","description":"18,838ダメージ+ランダムで猛毒ドロップを2個生成"},
{"title":"バーンコア","description":"先制 5ターンの間、火属性の攻撃を吸収"},
{"title":"フォローリペア","description":"倒されたモンスターをHP45%の状態で復活させる"},
{"title":"アブソープション","description":"スキル使用に必要なターン数を1ターン増加"},
{"title":"火炎放射","description":"8,752ダメージ+ランダムで1色を火ドロップに変換"},
{"title":"フレアミサイル","description":"連続攻撃 計10,941ダメージ"},
{"title":"ファイアトラップ","description":"8,752ダメージ+火ドロップを毒ドロップに変換"},
{"title":"リミットバースト","description":"連続攻撃 計72,930ダメージ"},
{"title":"ハイドロコア","description":"先制 5ターンの間、水属性の攻撃を吸収"},
{"title":"超水波動","description":"8,316ダメージ+ランダムで水ドロップを4個生成"},
{"title":"アクアガン","description":"8,316ダメージ+左から3列目を水ドロップに変換"},
{"title":"ブルーチャージャー","description":"5,544ダメージ+水ドロップをお邪魔ドロップに変換"},
{"title":"パラライズブレス","description":"先制 4,613ダメージ+リーダーが2ターンの間、行動不能"},
{"title":"ピーキーライトニング","description":"9,227ダメージ+光ドロップをロック"},
{"title":"ゴールドバルス","description":"7,689ダメージ+ランダムで光ドロップを5個生成"},
{"title":"サンダーポイズン","description":"6,151ダメージ+光ドロップを毒ドロップに変換"},
{"title":"プラントコア","description":"先制 5ターンの間、木属性の攻撃を吸収"},
{"title":"グリーンエナジー","description":"99ターンの間、木ドロップが落ちやすくなる"},
{"title":"リーフウィンド","description":"6,930ダメージ+下から2列目を木ドロップに変換"},
{"title":"エアロブラスト","description":"2連続攻撃 計8,316ダメージ"},
{"title":"フラッシュバリア","description":"先制 999ターンの間、状態異常無効"},
{"title":"ライトビーム","description":"6,237ダメージ+盤面が真っ暗になる"},
{"title":"ホーリーバインド","description":"6,237ダメージ+ランダムで1体が4ターンの間行動不能"},
{"title":"エナジーボール","description":"7,484ダメージ+光ドロップをお邪魔ドロップに変換"},
{"title":"ヘヴィシールド","description":"先制 3ターンの間、受けるダメージを30%軽減"},
{"title":"フォッグボム","description":"6,996ダメージ+盤面が真っ暗になる"},
{"title":"ポイズンオルタネーター","description":"ランダムで毒ドロップを4個生成"},
{"title":"グラヴィティブラスト","description":"現HP75%の割合ダメージ"},
{"title":"レッドブリリアント","description":"26,400 ダメージ+火ドロップを5個生成"},
{"title":"ブルーブリリアント","description":"26,400 ダメージ+水ドロップを5個生成"},
{"title":"グリーンブリリアント","description":"26,400 ダメージ+木ドロップを5個生成"},
{"title":"イエローブリリアント","description":"26,400 ダメージ+光ドロップを5個生成"},
{"title":"パープルブリリアント","description":"26,400 ダメージ+闇ドロップを5個生成"},
{"title":"よくぞここまで参った","description":"2ターンの間、状態異常無効化"},
{"title":"いっぱい楽しみましょう♪","description":"先制 999ターンの間、4コンボ以下の攻撃を吸収"},
{"title":"神の雷","description":"8,280ダメージ+左縦3列目と4列目を光ドロップに変換"},
{"title":"ゼウスブレード","description":"10,350ダメージ+上から4列目を光ドロップに変換"},
{"title":"神王の眼光","description":"神タイプのモンスターが2～4ターンの間、行動不能"},
{"title":"髪を整えている","description":"2ターンの間、状態異常無効化"},
{"title":"往復ビンタ","description":"3連続攻撃 計12,420ダメージ"},
{"title":"神の悪戯","description":"5,175ダメージ+光ドロップをお邪魔ドロップに変換"},
{"title":"魔性の抱擁","description":"6,900ダメージ+サブ1体が1～2ターンの間、行動不能"},
{"title":"ギガグラビティ","description":"現HPの99%のダメージ"},
{"title":"とどめ、いっちゃうよ～！","description":"何もしない"},
{"title":"スーパーノヴァ","description":"10連続攻撃 計31,050ダメージ"},
{"title":"グラビトンボム","description":"55,200ダメージ"},
{"title":"ラース・オブ・ゴッド","description":"現HPの95%のダメージ"},
{"title":"神々の祝福","description":"自分のHPを最大HPの50%回復"},
{"title":"いっしょに あーそぼ！","description":"6ターンの間、覚醒スキル無効化"},
{"title":"パズルで勝負だよっ！","description":"6ターンの間、スキル使用不可"},
{"title":"ブッブー！　はいダメー！！","description":"1,099,990 ダメージ+お邪魔ドロップを水ドロップに変換"},
{"title":"おじゃまドロップ けせるかな〜？","description":"ランダムでお邪魔ドロップを5個生成"},
{"title":"どんどんいくよ〜！","description":"ランダムでお邪魔ドロップを6個生成"},
{"title":"むむっ！　やるな〜","description":"ランダムでお邪魔ドロップを10個生成"},
{"title":"でも これは...","description":"ドロップが見えなくなる"},
{"title":"けせるかなっ！？","description":"ランダムでお邪魔ドロップを15個生成"},
{"title":"キミ　すごいねっ！","description":"持ち時間が1秒減る"},
{"title":"これでさいごだよっ！","description":"ランダムでお邪魔ドロップを9個生成"},
{"title":"たのしかったよ！　まったね〜♪","description":"自滅する"},
{"title":"三神一体「繁栄」","description":"先制 99ターンの間、回復・お邪魔ドロップが落ちやすくなる"},
{"title":"ガルダの防風","description":"先制 999ターンの間、100万以上のダメージを吸収"},
{"title":"...っ！","description":"何もしない"},
{"title":"瞑想","description":"999ターンの間、状態異常無効"},
{"title":"パンチャジャナ","description":"19,924ダメージ+ランダムで5体が2ターン行動不能"},
{"title":"アヴァターラ","description":"2,846ダメージ+敵のHPが10%回復"},
{"title":"創界の錫杖","description":"22,770 ダメージ+回復ドロップをお邪魔ドロップに変化"},
{"title":"秩序のチャクラム","description":"4連続攻撃 計 39,848 ダメージ"},
{"title":"繁栄の蓮華","description":"34,156 ダメージ+最上列を回復ドロップに、最下列を木ドロップに変化"},
{"title":"巨大化","description":"ドロップが見えなくなる"},
{"title":"三足踏破","description":"3連続攻撃計 853,890 ダメージ"},
{"title":"剛氷の鎧","description":"先制 999ターンの間、状態異常無効化"},
{"title":"フリージングゾーン","description":"24,078 ダメージ&HPを50%回復"},
{"title":"ハイプレスクロー","description":"現在HPの99%のダメージ"},
{"title":"アイスエッジハンマー","description":"36,116 ダメージ"},
{"title":"デストラクションブリザード","description":"2連続攻撃 計 42,136 ダメージ"},
{"title":"暴れ狂う","description":"30,097 ダメージ&全ドロップを水、回復、お邪魔ドロップに変化"},
{"title":"憤怒の眼光","description":"お邪魔ドロップをロック"},
{"title":"アビステンペスト","description":"5連続攻撃 計 150,485 ダメージ"},
{"title":"聖樹の防壁","description":"先制 999ターンの間、状態異常無効"},
{"title":"毛尾壁","description":"1ターンの間、受けるダメージを半減"},
{"title":"天翼掌","description":"22,700ダメージ+闇ドロップを回復ドロップに変換"},
{"title":"天翼蹴","description":"22,700ダメージ+横4列目と5列目を木と光ドロップにランダム変換"},
{"title":"聖樹の蔓","description":"30,266 ダメージ+ランダムで2体が1～3ターンの間、行動不能"}
]