[{"title":"Mwaha!","description":"Pre-emptive Strike. Increases cooldown of active skills by 1-4 turns.."},
{"title":"Axe of Madness","description":"Player -80% current HP.."},
{"title":"Fire Swing","description":"Deal 150% damage. Change 2nd column from the left into Fire orbs.."},
{"title":"Out of the way!","description":"Pre-emptive Strike. Deal 50% damage. Randomly spawn 10 Jammer orbs from non Jammer orbs.."},
{"title":"Yusui Dish  +15%","description":"Increases skyfall chance of Water orbs by 15% for 99 turns.."},
{"title":"Salmon Sword","description":"Deal 150% damage. Change 3rd column from the right into Water orbs.."},
{"title":"Riding the Winds","description":"Pre-emptive Strike. Absorbs 100% of the damage you cause for combos 4 and under for 5 turns.."},
{"title":"Begging for Life","description":"50% damage reduction for 1 turn.."},
{"title":"Mysterious Twig","description":"Deal 160% damage ( 2 hits, 80% per hit ).."},
{"title":"Request for Peace","description":"Pre-emptive Strike. Disable active skills for 10 turns"},
{"title":"Young Holy Dragon's Breath","description":"Deal 90% damage and converts all Wood orbs into Fire orbs"},
{"title":"Exalted Light","description":"Deal 100% damage and converts all Dark orbs into Light orbs"},
{"title":"Mother Ocean","description":"Deal 110% damage and converts all Fire orbs into Water orbs"},
{"title":"Fragile Fantasy ","description":"Converts 3 Random orbs into Jammer orbs"},
{"title":"Creation","description":"Deal 250% damage ( 5 hits, 50% per hit )"},
{"title":"Ocean Vestments","description":"Pre-emptive Strike. Absorbs 100% of the damage you cause for combos 4 and under for 999 turns"},
{"title":"Ocean Blade","description":"Deal 100% damage and converts all Wood orbs into Water orbs"},
{"title":"Blessing & Curse of the Sacred Waters","description":"Deal 150% damage and converts all Water orbs into Heart orbs"},
{"title":"Father Sea's Curse","description":"Converts 3 Random orbs into Jammer orbs"},
{"title":"Sea God's Strike","description":"Deal 400% damage"},
{"title":"I'll purify you!","description":"Pre-emptive Strike. Recovers Player 100% of maximum HP"},
{"title":"Elixir of Life","description":"Recovers enemy 100% of maximum HP"},
{"title":"Jeweled Branch of Horai","description":"Binds all Devil type cards for 2-3 turns. This will also disable leader skills and awoken skills"},
{"title":"Swallow's Cowry Shell","description":"Deal 125% damage and converts all Dark orbs into Heart orbs"},
{"title":"Dragon Neck Jewel","description":"Deal 75% damage. Change all orbs to Fire, Water, Wood, Light & Dark orbs"},
{"title":"Fire Rat Fur Robe","description":"Deal 75% damage and converts all Heart orbs into Fire orbs"},
{"title":"Buddha's Stone Bowl","description":"Player -99% current HP"},
{"title":"Ascension","description":"Deal 200% damage. Change 3rd column from the left into Light orbs. Change 3rd column from the right into Light orbs"},
{"title":"Attack Signal","description":"Pre-emptive Strike. Reduces orb movement timer by 1 sec for 3 turns"},
{"title":"","description":""},
{"title":"First Strike","description":"Deal 80% damage"},
{"title":"Second Strike","description":"Deal 160% damage ( 2 hits, 80% per hit )"},
{"title":"Third Strike","description":"Deal 240% damage ( 3 hits, 80% per hit )"},
{"title":"Fourth Strike","description":"Deal 320% damage ( 4 hits, 80% per hit )"},
{"title":"Final Strike","description":"Deal 2000% damage ( 4 hits, 500% per hit )"},
{"title":"Cloak of Confusion","description":"Pre-emptive Strike. Absorbs 100% Dark damage for 3 turns"},
{"title":"Black Storm","description":"Deal 200% damage and converts all Jammer orbs into Dark orbs"},
{"title":"Chaos Scythe","description":"Deal 100% damage and converts 1 Random orb into Jammer orbs"},
{"title":"Amon is here!!!","description":"Pre-emptive Strike. Player -99% current HP"},
{"title":"All for me!","description":"Increases damage to 300% for the next 999 turns"},
{"title":"Super Devil Hook","description":"Deal 80% damage and converts 1 Random orb into Jammer orbs"},
{"title":"Ho! Ho! Ho!!","description":"Deal 150% damage ( 3 hits, 50% per hit )"},
{"title":"Corpse Dragon's Curse  +5%","description":"Pre-emptive Strike. Increases skyfall chance of Poison orbs by 5% for 10 turns"},
{"title":"Acid Breath","description":"Deal 100% damage and converts 1 Random orb into Jammer orbs"},
{"title":"Corpse Dragon's Grudge","description":"Binds all Dragon type cards for 3 turns. This will also disable leader skills and awoken skills"},
{"title":"Hell Poison Breath","description":"Deal 100% damage and converts 3 Random orbs into Poison orbs"},
{"title":"Mirthless Smile","description":"Pre-emptive Strike. Reduces orb movement timer by 2 secs for 10 turns"},
{"title":"An Invitation to Corruption","description":"Converts 8 Random orbs into Poison orbs"},
{"title":"Despairing Lament","description":"Deal 100% damage and converts 1 Random orb into Jammer orbs"},
{"title":"Fires of Deicide","description":"Deal 150% damage ( 5 hits, 30% per hit )"},
{"title":"Divine Wrath","description":"Binds all God type cards for 1-3 turns. This will also disable leader skills and awoken skills"},
{"title":"Evil Slash","description":"Deal 180% damage ( 6 hits, 30% per hit )"},
{"title":"Water Bind","description":"Binds all Water attribute cards for 2-4 turns. This will also disable leader skills and awoken skills"},
{"title":"Leaf Bind","description":"Binds all Wood attribute cards for 2-4 turns. This will also disable leader skills and awoken skills"},
{"title":"Fire Bind","description":"Binds all Fire attribute cards for 2-4 turns. This will also disable leader skills and awoken skills"},
{"title":"Dark Bind","description":"Binds all Dark attribute cards for 2-4 turns. This will also disable leader skills and awoken skills"},
{"title":"Flash Bind","description":"Binds all Light attribute cards for 2-4 turns. This will also disable leader skills and awoken skills"},
{"title":"Gleam of the Phoenix","description":"Pre-emptive Strike. Recovers Player 100% of maximum HP"},
{"title":"Immortal Flame","description":"Deal 75% damage and converts all Water orbs into Heart orbs"},
{"title":"Flames of Reincarnation","description":"Recovers enemy 100% of maximum HP"},
{"title":"Gleam of the Phoenix","description":"Pre-emptive Strike. Recovers Player 100% of maximum HP"},
{"title":"Eternal Flare","description":"Deal 400% damage ( 5 hits, 80% per hit )"},
{"title":"Creeping Hand of Evil","description":"Pre-emptive Strike. Binds all Wood attribute cards for 3 turns. This will also disable leader skills and awoken skills"},
{"title":"Blackout","description":"Pre-emptive Strike. Deal 25% damage and hide all orbs on the board. Moving the orb will reveal it"},
{"title":"Creeping Hand of Evil","description":"Pre-emptive Strike. Binds all Wood attribute cards for 3 turns. This will also disable leader skills and awoken skills"},
{"title":"Hard Tentacle","description":"Deal 150% damage ( 3 hits, 50% per hit )"},
{"title":"Down Burst","description":"Pre-emptive Strike. Player -99% current HP"},
{"title":"Sniper Eye","description":"Binds 1 Random card for 2-3 turns. This will also disable leader skill and awoken skills"},
{"title":"Hunting Gale","description":"Deal 100% damage ( 5 hits, 20% per hit )"},
{"title":"Blessing of the Goddess","description":"Pre-emptive Strike. Absorbs single hit damage over 200,000 for 3 turns"},
{"title":"Prayer of the Goddess","description":"Binds all Dark attribute cards for 3 turns. This will also disable leader skills and awoken skills"},
{"title":"Sacred Assault","description":"Deal 100% damage. Randomly spawn 4 Light orbs from non Light orbs"},
{"title":"Rainbow Road","description":"Deal 125% damage. Change all orbs to Fire, Water, Wood, Light, Dark & Heart orbs"},
{"title":"Hell Howl","description":"Pre-emptive Strike. Converts 2 Random orbs into Jammer orbs"},
{"title":"Death Bite","description":"Deal 25% damage and converts 3 Random orbs into Poison orbs"},
{"title":"Trinity Fang","description":"Deal 150% damage ( 3 hits, 50% per hit )"},
{"title":"Pure Smile","description":"Pre-emptive Strike. Binds 1 Random card for 3 turns. This will also disable leader skill and awoken skills"},
{"title":"Gungnir TAMA!","description":"Deal 200% damage and converts 1 Random orb into Light orbs"},
{"title":"Magic Spear Gungnir-TAMA!","description":"Deal 90% damage and converts 1 Random orb into Dark orbs"},
{"title":"Silent Smile","description":"Pre-emptive Strike. Disable active skills for 5 turns"},
{"title":"Go Away-TAMA!","description":"Pre-emptive Strike. Skip turn"},
{"title":"Soler Lazer","description":"Deal 100% damage"},
{"title":"Change the","description":"Skip turn"},
{"title":"World-TAMA!","description":"Deal 1200% damage ( 12 hits, 100% per hit )"},
{"title":"Heal-TAMA!","description":"Pre-emptive Strike. Recovers Player 100% of maximum HP"},
{"title":"Quick-TAMA!","description":"Deal 100% damage and binds 1 Random card for 2 turns. This will also disable leader skill and awoken skills"},
{"title":"Earth's Core","description":"Pre-emptive Strike. Absorbs 100% Fire damage for 5 turns"},
{"title":"Stone Grave","description":"Deal 60% damage ( 2 hits, 30% per hit )"},
{"title":"Ground Revenge","description":"Deal 120% damage ( 3 hits, 40% per hit )"},
{"title":"Clod of Blessing","description":"Deal 100% damage and converts 1 Random orb into Heart orbs"},
{"title":"Earth Gravity","description":"Player -99% current HP"},
{"title":"Stone Grave","description":"Deal 60% damage ( 2 hits, 30% per hit )"},
{"title":"I'm Zhang Yide!","description":"Pre-emptive Strike. Reduces orb movement timer by 1 sec for 3 turns"},
{"title":"This will finish it!!","description":"Skip turn"},
{"title":"Western Blasting Formation","description":"Deal 200% damage"},
{"title":"White Tiger Lance","description":"Deal 90% damage and converts 1 Random orb into Dark orbs"},
{"title":"Fierce Tiger Barrage","description":"Deal 120% damage ( 4 hits, 30% per hit )"},
{"title":"Here I come!","description":"Pre-emptive Strike. Absorbs 100% of the damage you cause for combos 3 and under for 999 turns"},
{"title":"Anti-Magic Jade Pearl","description":"Binds all Fire attribute cards for 3 turns. This will also disable leader skills and awoken skills"},
{"title":"Time for a snack!","description":"Recovers enemy 50% of maximum HP"},
{"title":"Wind Blade","description":"Deal 90% damage and converts 1 Random orb into Wood orbs"},
{"title":"Southern Blossom Dance Formation","description":"Deal 150% damage ( 3 hits, 50% per hit )"},
{"title":"Blue Dragon Flame Moon Blade","description":"Deal 90% damage and converts 1 Random orb into Fire orbs"},
{"title":"Zhao Zilong attacks!","description":"Pre-emptive Strike. Immunity against status effects such as delay, poison, defense reduction for 999 turns"},
{"title":"Strength of a Thousand","description":"Absorbs 100% of the damage you cause for combos 5 and under for 99 turns"},
{"title":"Spear of Loyalty","description":"Deal 75% damage and converts 1 Random orb into Light orbs"},
{"title":"Spear of Wrath","description":"Player -99% current HP"},
{"title":"Dragon Wing Strike","description":"Deal 75% damage and hide all orbs on the board. Moving the orb will reveal it"},
{"title":"Unbeatable Northern Formation","description":"Deal 240% damage ( 4 hits, 60% per hit )"},
{"title":"Guardian Dragon Barrier","description":"Pre-emptive Strike. 50% damage reduction for 5 turns"},
{"title":"Behold, Zhou Yu's ingenuity!","description":"Pre-emptive Strike. Hide all orbs on the board. Moving the orb will reveal it"},
{"title":"Barrier","description":"Immunity against status effects such as delay, poison, defense reduction for 999 turns"},
{"title":"Ambush","description":"Deal 100% damage ( 5 hits, 20% per hit )"},
{"title":"Sword Dance","description":"Deal 78%-130% damage ( 3-5 hits, 26% per hit )"},
{"title":"Falling Rock Trap","description":"Deal 120% damage. Randomly spawn 5 Jammer orbs from non Jammer orbs"},
{"title":"Guardian Dragon's Venomous Talons","description":"Deal 80% damage and converts 4 Random orbs into Poison orbs"},
{"title":"Besieged by Fire","description":"Deal 60% damage. Change top-most row into Fire orbs. Change bottom-most row into Fire orbs"},
{"title":"Can you prevail?","description":"Deal 60% damage. Change left-most column into Fire orbs. Change right-most column into Fire orbs"},
{"title":"Celestial Dance","description":"Deal 300% damage ( 6 hits, 50% per hit )"},
{"title":"Armor of Darkness","description":"Pre-emptive Strike. Immunity against status effects such as delay, poison, defense reduction for 999 turns"},
{"title":"Black Binding","description":"Binds all Light attribute cards for 3 turns. This will also disable leader skills and awoken skills"},
{"title":"Shield of Destruction","description":"Deal 60% damage and converts 3 Random orbs into Poison orbs"},
{"title":"Magic Flame","description":"Deal 100% damage and converts all Light orbs into Fire orbs"},
{"title":"Darkness","description":"Deal 80% damage and hide all orbs on the board. Moving the orb will reveal it"},
{"title":"Bloody Execution","description":"Deal 180% damage ( 3 hits, 60% per hit )"},
{"title":"Show me your puzzle skill!","description":"Pre-emptive Strike. Absorbs 100% of the damage you cause for combos 5 and under for 5 turns"},
{"title":"Crimson Gleam","description":"Deal 140% damage. Change middle row into Fire orbs"},
{"title":"How boring","description":"Increases damage to 300% for the next 999 turns"},
{"title":"Divine Prison's Searing Heat","description":"Deal 200% damage and converts all Dark orbs into Fire orbs"},
{"title":"Divine Prison's Searing Heat","description":"Deal 200% damage and converts 1 Random orb into Fire orbs"},
{"title":"Strike me down!","description":"Pre-emptive Strike. Immunity against status effects such as delay, poison, defense reduction for 4 turns"},
{"title":"Heavenstrom","description":"Deal 25% damage. Change top-most row into Poison orbs. Change bottom-most row into Heart orbs"},
{"title":"Heavenstrom","description":"Deal 50% damage. Change left-most column into Poison orbs. Change right-most column into Heart orbs"},
{"title":"Heavenstrom","description":"Deal 75% damage. Change top-most row into Heart orbs. Change bottom-most row into Poison orbs"},
{"title":"Heavenstrom","description":"Deal 100% damage. Change left-most column into Heart orbs. Change right-most column into Poison orbs"},
{"title":"Abysstrom","description":"Deal 200% damage. Change top-most row into Poison orbs. Change bottom-most row into Poison orbs"},
{"title":"Can you escape me?","description":"Pre-emptive Strike. Disable active skills for 5 turns"},
{"title":"Soul Burst","description":"Deal 300% damage. Change all orbs to Wood & Heart orbs"},
{"title":"Soul Cure","description":"Recovers enemy 100% of maximum HP"},
{"title":"Bonds of the Sacred Tree","description":"Deal 75% damage and binds Player's Leader for 1-2 turns. This will also disable leader skill and awoken skills"},
{"title":"Cage of Thorns","description":"Deal 50% damage and binds 3 Random subs for 1-2 turns. This will also disable awoken skills"},
{"title":"Whiplash","description":"Deal 120%-160% damage ( 3-4 hits, 40% per hit )"},
{"title":"..........","description":"Pre-emptive Strike. Player -99% current HP"},
{"title":"Death Scythe","description":"Deal 1000% damage. Change middle row into Dark orbs"},
{"title":"Cruel War","description":"Pre-emptive Strike. Deal 50% damage and hide all orbs on the board. Moving the orb will reveal it"},
{"title":"Fiery Spear of Destruction","description":"Player -99% current HP"},
{"title":"Dark Spear of Insanity","description":"Deal 100% damage and converts 1 Random orb into Jammer orbs"},
{"title":"Wallbreaker","description":"Deal 150% damage ( 2 hits, 75% per hit )"},
{"title":"Speedster","description":"Pre-emptive Strike. Deal 50% damage and converts 1 Random orb into Jammer orbs"},
{"title":"Trickster%","description":"Increases skyfall chance of Jammer orbs by 25% for 5 turns"},
{"title":"Black Letter","description":"Deal 75% damage and hide all orbs on the board. Moving the orb will reveal it"},
{"title":"Love Letter","description":"Deal 150% damage and converts 1 Random orb into Heart orbs"},
{"title":"Hypnos Letter","description":"Deal 50% damage and binds 4 Random cards for 1-2 turns. This will also disable leader skills and awoken skills"},
{"title":"Thanatos Letter","description":"Deal 100% damage and converts 1 Random orb into Jammer orbs"},
{"title":"Argeiphontes","description":"Deal 200% damage ( 4 hits, 50% per hit )"},
{"title":"Hunting Mastery","description":"Pre-emptive Strike. Increases skyfall chance of Jammer orbs by 10% for 10 turns"},
{"title":"Head Snipe","description":"Deal 50% damage and binds Player's Leader for 2 turns. This will also disable leader skill and awoken skills"},
{"title":"Barrage Shot","description":"Deal 80%-120% damage ( 4-6 hits, 20% per hit )"},
{"title":"Arrow of Judgement","description":"Deal 150% damage"},
{"title":"Flame Cage","description":"Pre-emptive Strike. Binds all Wood attribute cards for 3 turns. This will also disable leader skills and awoken skills"},
{"title":"Lightning Arrow","description":"Pre-emptive Strike. Deal 75% damage and converts 1 Random orb into Light orbs"},
{"title":"Shining Lyre","description":"Binds all Devil type cards for 3 turns. This will also disable leader skills and awoken skills"},
{"title":"Sunlight Bullet","description":"Deal 125% damage and converts 1 Random orb into Fire orbs"},
{"title":"Burn to ashes","description":"Skip turn"},
{"title":"Grand Sun","description":"Deal 1000% damage"},
{"title":"Flame Shield","description":"Pre-emptive Strike. Absorbs 100% Fire damage for 10 turns"},
{"title":"Red Tackle","description":"Deal 75% damage and converts 1 Random orb into Fire orbs"},
{"title":"Shield Bash","description":"Deal 100% damage"},
{"title":"Aqua Shield","description":"Pre-emptive Strike. Absorbs 100% Water damage for 10 turns"},
{"title":"Blue Tackle","description":"Deal 75% damage and converts 1 Random orb into Water orbs"},
{"title":"Wind Shield","description":"Pre-emptive Strike. Absorbs 100% Wood damage for 10 turns"},
{"title":"Green Tackle","description":"Deal 75% damage and converts 1 Random orb into Wood orbs"},
{"title":"Light Shield","description":"Pre-emptive Strike. Absorbs 100% Light damage for 10 turns"},
{"title":"Yellow Tackle","description":"Deal 75% damage and converts 1 Random orb into Light orbs."},
{"title":"Shadow Shield","description":"Pre-emptive Strike. Absorbs 100% Dark damage for 10 turns"},
{"title":"Purple Tackle","description":"Deal 75% damage and converts 1 Random orb into Dark orbs"},
{"title":"Binding Wave","description":"Pre-emptive Strike. Disable active skills for 5 turns"},
{"title":"Southern Seven-Star Formation","description":"Deal 560% damage ( 7 hits, 80% per hit )"},
{"title":"Eastern Seven-Star Formation","description":"Deal 490% damage ( 7 hits, 70% per hit )"},
{"title":"Northern Seven-Star Formation","description":"Deal 210% damage ( 7 hits, 30% per hit )"},
{"title":"Dance of the Four Sources","description":"Deal 800% damage ( 4 hits, 200% per hit )"},
{"title":"Western Seven-Star Formation","description":"Deal 490% damage ( 7 hits, 70% per hit )"},
{"title":"Gleam of the Dragon Star","description":"Pre-emptive Strike. Disable active skills for 5 turns"},
{"title":"True Twin Dragon Palms","description":"Deal 200% damage ( 2 hits, 100% per hit )"},
{"title":"True Boisterous Dance","description":"Deal 1200% damage ( 4 hits, 300% per hit )"},
{"title":"Wave of Awe","description":"Pre-emptive Strike. Reduces orb movement timer by 2 secs for 5 turns"},
{"title":"Dark Dragon Wave","description":"Deal 150% damage and converts 1 Random orb into Dark orbs"},
{"title":"Extreme Twin Dragon Palms","description":"Deal 200% damage ( 2 hits, 100% per hit )"},
{"title":"Extreme Dark Dragon Wave","description":"Deal 300% damage and converts 1 Random orb into Dark orbs"},
{"title":"You will go no further!","description":"Pre-emptive Strike. Absorbs 100% of the damage you cause for combos 5 and under for 99 turns"},
{"title":"Magic Dragon Sword - Shooting Star","description":"Deal 100% damage and converts 1 Random orb into Fire orbs"},
{"title":"Magic Dragon Sword - Lightning","description":"Deal 50% damage and binds 1 Random card for 2 turns. This will also disable leader skill and awoken skills"},
{"title":"Magic Dragon Sword - Chaos","description":"Deal 75% damage and hide all orbs on the board. Moving the orb will reveal it"},
{"title":"Draco Summon-Twin Dragon King","description":"Skip turn"},
{"title":"Flame Emperor","description":"Deal 500% damage and converts 1 Random orb into Fire orbs"},
{"title":"I will eliminate the intruders!","description":"Pre-emptive Strike. Increases damage to 300% for the next 1 turn"},
{"title":"Brave Smash","description":"Deal 100% damage"},
{"title":"Ancient Dragon Tribe's Curse","description":"Disable active skills for 5 turns"},
{"title":"Soil Bullet","description":"Deal 80%-160% damage ( 2-4 hits, 40% per hit )"},
{"title":"Draco Summon-Stone-Breaking Dragon","description":"Skip turn"},
{"title":"Gigantic Crusher","description":"Deal 600% damage ( 2 hits, 300% per hit )"},
{"title":"Begone!","description":"Pre-emptive Strike. Immunity against status effects such as delay, poison, defense reduction for 999 turns"},
{"title":"Blue Sphere","description":"Deal 100% damage and converts 1 Random orb into Water orbs"},
{"title":"Crystallizing Wave","description":"Deal 85% damage and binds 2 Random cards for 1-3 turns. This will also disable leader skills and awoken skills"},
{"title":"Draco Summon-Crystal Dragon","description":"Skip turn"},
{"title":"Hangry!","description":"Pre-emptive Strike. Increases damage to 200% for the next 5 turns"},
{"title":"Lick!","description":"Deal 80% damage and converts 1 Random orb into Jammer orbs"},
{"title":"Chomp!","description":"Deal 5000% damage"},
{"title":"Dance of the Goddess","description":"Pre-emptive Strike. Immunity against status effects such as delay, poison, defense reduction for 999 turns"},
{"title":"Released Chakra","description":"Pre-emptive Strike. 50% damage reduction for 1 turn"},
{"title":"Muladhara","description":"Deal 1200% damage ( 6 hits, 200% per hit )"},
{"title":"Svadhishthana","description":"Deal 180% damage ( 2 hits, 90% per hit )"},
{"title":"Manipura","description":"Binds 1 Random card for 2 turns. This will also disable leader skill and awoken skills"},
{"title":"Anahata","description":"Hide all orbs on the board. Moving the orb will reveal it"},
{"title":"Vishuddha","description":"Converts 3 Random orbs into Poison orbs"},
{"title":"Ajna","description":"Player -99% current HP"},
{"title":"Kalam","description":"Disable active skills for 10 turns"},
{"title":"Sahasrara","description":"Deal 1500% damage"},
{"title":"Mahasukha-Kamala","description":"Deal 1200% damage ( 6 hits, 200% per hit )"},
{"title":"Nirmanakaya","description":"Deal 90% damage and hide all orbs on the board. Moving the orb will reveal it"},
{"title":"Dharmakaya","description":"Deal 90% damage. Change all orbs to Fire, Water, Wood, Light, Dark & Heart orbs"},
{"title":"Sambhogakaya","description":"Deal 90% damage and increases cooldown of active skills by 0-1 turns"},
{"title":"Ushnisha-Kamala","description":"Deal 1500% damage"},
{"title":"Blue-Out Nemesis","description":"Deal 500% damage ( 5 hits, 100% per hit )"},
{"title":"Monarchy of Dark Riches  +25%","description":"Pre-emptive Strike. Increases skyfall chance of Wood & Dark orbs by 25% for 99 turns"},
{"title":"Switch of Judgement","description":"Deal 50% damage. Change middle row into Jammer orbs"},
{"title":"Firm Staff of Blessing","description":"Deal 100% damage. Change 2nd column from the left into Heart orbs. Change 2nd column from the right into Heart orbs"},
{"title":"Invisible Protection","description":"Deal 200% damage ( 2 hits, 100% per hit )"},
{"title":"Protection of the Nile","description":"Pre-emptive Strike. Absorbs single hit damage over 200,000 for 999 turns"},
{"title":"I'll wait three turns for you","description":"Skip turn"},
{"title":"Goodbye","description":"Deal 1400% damage ( 7 hits, 200% per hit )"},
{"title":"Creation of the Hieroglyphs","description":"Pre-emptive Strike. Increases cooldown of active skills by 5 turns"},
{"title":"Protector of the Night","description":"Deal 50% damage and converts 1 Random orb into Jammer orbs"},
{"title":"Leaf of the Ished Tree","description":"Deal 50% damage and converts 4 Random orbs into Poison orbs"},
{"title":"Time Mastery","description":"Deal 50% damage and binds 1 Random sub for 4 turns. This will also disable awoken skills"},
{"title":"Creation's Judgement","description":"Deal 200% damage ( 4 hits, 50% per hit )"},
{"title":"Medjellusion","description":"Pre-emptive Strike. Changes Random sub as Player's Leader for 3 turns"},
{"title":"Unmoving Soul","description":"Absorbs 100% of the damage you cause for combos 4 and under for 99 turns"},
{"title":"Invisible Glimpse","description":"Deal 25% damage and converts all Heart orbs into Jammer orbs"},
{"title":"Medjebeam","description":"Deal 100% damage and converts 1 Random orb into Dark orbs"},
{"title":"Medjebeam","description":"Player -99% current HP"},
{"title":"Medjebeam","description":"Deal 75% damage and hide all orbs on the board. Moving the orb will reveal it"},
{"title":"Medjellusion","description":"Changes Random sub as Player's Leader for 3 turns"},
{"title":"Medje The End","description":"Deal 240% damage ( 3 hits, 80% per hit )"},
{"title":"Protective Formation","description":"Pre-emptive Strike. Absorbs 100% of the damage you cause for combos 4 and under for 5 turns"},
{"title":"The Pharaoh's Wish","description":"Changes Random sub as Player's Leader for 2 turns"},
{"title":"Beast-King's Gaze","description":"Increases cooldown of active skills by 2 turns"},
{"title":"Sandstorm Howl","description":"Deal 100% damage and converts 1 Random orb into Jammer orbs"},
{"title":"Wrathful Charge","description":"Deal 1200% damage ( 12 hits, 100% per hit )"},
{"title":"Twin Horn Charge","description":"Pre-emptive Strike. Player -99% current HP"},
{"title":"Blaze Horn","description":"Deal 85% damage and converts 1 Random orb into Fire orbs"},
{"title":"Gigantic Claw","description":"Deal 150% damage ( 2 hits, 75% per hit )"},
{"title":"Sea Serpent's Whirlwind","description":"Pre-emptive Strike. Disable active skills for 10 turns"},
{"title":"Constrict","description":"Deal 25% damage"},
{"title":"Constrict","description":"Deal 50% damage"},
{"title":"Constrict","description":"Deal 100% damage"},
{"title":"Constrict","description":"Deal 200% damage"},
{"title":"Crunch","description":"Deal 1000% damage"},
{"title":"Engulf","description":"Deal 1000% damage"},
{"title":"Dash","description":"Pre-emptive Strike. Player -80% current HP"},
{"title":"Flare Claw","description":"Deal 100% damage. Change 2nd column from the left into Fire orbs. Change 2nd column from the right into Fire orbs"},
{"title":"Dash","description":"Pre-emptive Strike. Player -80% current HP"},
{"title":"Storm Claw","description":"Deal 100% damage. Change 2nd column from the left into Wood orbs. Change 2nd column from the right into Wood orbs"},
{"title":"Union Claw","description":"Deal 150% damage. Change 1 & 2 columns from the left into Fire orbs. Change 5 & 6 columns from the left into Wood orbs"},
{"title":"Be gentle with me","description":"Pre-emptive Strike. Reduces orb movement timer by 2 secs for 5 turns"},
{"title":"This is just the beginning","description":"Reduces orb movement timer by 3 secs for 3 turns"},
{"title":"Beautiful World","description":"Deal 75% damage and binds 2 Random cards for 1-2 turns. This will also disable leader skills and awoken skills"},
{"title":"Cupid Attack","description":"Deal 100% damage. Randomly spawn 3 Jammer orbs from non Jammer orbs"},
{"title":"High Temptation","description":"Binds 4 Random subs for 2-3 turns. This will also disable awoken skills"},
{"title":"Brilliant World","description":"Deal 150% damage and binds 5 Random cards for 1-2 turns. This will also disable leader skills and awoken skills"},
{"title":"Yomi Wave","description":"Pre-emptive Strike. Increases cooldown of active skills by 0-4 turns"},
{"title":"Grudge Howl","description":"Increases cooldown of active skills by 99 turns"},
{"title":"Snake Eye Curse","description":"Binds 6 Random cards for 2 turns. This will also disable leader skills and awoken skills"},
{"title":"Divine Hellfire","description":"Deal 100% damage. Randomly spawn 4 Fire & Dark orbs from non Fire & Dark orbs"},
{"title":"Hell Bolt","description":"Deal 75% damage and converts all Fire orbs into Jammer orbs"},
{"title":"Snake God's Venomous Fangs","description":"Converts all Dark orbs into Poison orbs"},
{"title":"Serpent King's Annihilating Strike","description":"Deal 4000% damage ( 4 hits, 1000% per hit )"},
{"title":"The Third Eye","description":"Pre-emptive Strike. Increases cooldown of active skills by 2 turns.."},
{"title":"The Destroyer's Divine Power","description":"Pre-emptive Strike. Absorbs 100% of the damage you cause for combos 4 and under for 99 turns.."},
{"title":"Damaru","description":"Player -75% current HP.."},
{"title":"Nilakantha","description":"Deal 200% damage and converts all Poison orbs into Heart orbs.."},
{"title":"Trishula","description":"Deal 100% damage. Change 2nd column from the left into Fire orbs. Change 3rd column from the right into Fire orbs. Change right-most column into Fire orbs.."},
{"title":"Pinaka","description":"Deal 120% damage ( 3 hits, 40% per hit ).."},
{"title":"Halahala","description":"Deal 50% damage and converts 7 Random orbs into Poison orbs.."},
{"title":"Mahakala","description":"Deal 75% damage and hide all orbs on the board. Moving the orb will reveal it.."},
{"title":"Destructive Third Eye","description":"Deal 300% damage. Change all orbs to Fire orbs.."},
{"title":"It's about to get more dangerous","description":"Pre-emptive Strike. Absorbs single hit damage over 300,000 for 99 turns"},
{"title":"Calming Mountain Wind","description":"Deal 100% damage. Change top-most row into Heart orbs. Change middle row into Wood orbs"},
{"title":"Trishula","description":"Deal 100% damage. Change left-most column into Fire orbs. Change 3rd column from the left into Fire orbs. Change 2nd column from the right into Fire orbs"},
{"title":"Tiger Rush","description":"Deal 90%-120% damage ( 3-4 hits, 30% per hit )"},
{"title":"Himalayan Anger","description":"Deal 200% damage. Change top-most row into Jammer orbs"},
{"title":"Grief of the Golden God","description":"Randomly spawn 10 Jammer orbs from non Heart & Jammer orbs"},
{"title":"Foolishness...","description":"Self-Destruct ( Reduce self HP to 0 )"},
{"title":"Huhu, welcome!","description":"Pre-emptive Strike. Recovers Player 100% of maximum HP"},
{"title":"Northern Seven-Star Formation","description":"Deal 100% damage. Change all orbs to Wood, Light & Dark orbs"},
{"title":"Holy Water - Star Drop","description":"Deal 150% damage. Change top-most row into Heart orbs"},
{"title":"Blade Dance","description":"Deal 125%-175% damage ( 5-7 hits, 25% per hit )"},
{"title":"Here I go!","description":"Increases cooldown of active skills by 1 turn"},
{"title":"Seven Star Formation - Genbu","description":"Deal 300% damage. Change all orbs to Wood, Light & Dark orbs"},
{"title":"Fatal Gift","description":"Pre-emptive Strike. Dispel player buffs"},
{"title":"Fatal Gift","description":"Pre-emptive Strike. Converts 2 Random orb into Mortal Poison orbs"},
{"title":"Fatal Condemnation","description":"Player -99% current HP"},
{"title":"3","description":"Converts 5 Random orb into Mortal Poison orbs"},
{"title":"2","description":"Converts 5 Random orb into Mortal Poison orbs"},
{"title":"1","description":"Converts 5 Random orb into Mortal Poison orbs"},
{"title":"Catastrophe","description":"Deal 2000% damage ( 2 hits, 1000% per hit )"},
{"title":"Divine King's Warning","description":"Pre-emptive Strike. Deal 130% damage"},
{"title":"Protection of the Gods","description":"Immunity against status effects such as delay, poison, defense reduction for 999 turns"},
{"title":"Flame-Extinguishing Gale","description":"Deal 80% damage and converts all Fire orbs into Jammer orbs"},
{"title":"Evil Vanquishing Divine Light","description":"Deal 90% damage and converts all Dark orbs into Jammer orbs"},
{"title":"Jupiter Genesis","description":"Deal 200% damage"},
{"title":"Lightning of God","description":"Deal 150% damage"},
{"title":"Glare of Zeus","description":"Binds all God type cards for 2-4 turns. This will also disable leader skills and awoken skills"},
{"title":"Super Nova","description":"Deal 250% damage ( 10 hits, 25% per hit )"},
{"title":"Black Dimension","description":"Pre-emptive Strike. Absorbs 100% of the damage you cause for combos 5 and under for 999 turns"},
{"title":"Black Hole","description":"Deal 80% damage and converts 1 Random orb into Jammer orbs"},
{"title":"God-King's Test","description":"Pre-emptive Strike. Absorbs 100% of the damage you cause for combos 4 and under for 999 turns"},
{"title":"Draconic Blade","description":"Deal 120% damage and converts all Water orbs into Fire orbs"},
{"title":"Mars Daylight","description":"Deal 150% damage ( 3 hits, 50% per hit )"},
{"title":"Protection of the Gods","description":"Pre-emptive Strike. Immunity against status effects such as delay, poison, defense reduction for 999 turns"},
{"title":"The Nectar of Welcome Rains  +25%","description":"Increases skyfall chance of Water orbs by 25% for 99 turns"},
{"title":"Crystal Bullet","description":"Deal 100% damage and converts 1 Random orb into Water orbs"},
{"title":"Deucalion Flood","description":"Deal 75% damage and binds 3 Random subs for 1-2 turns. This will also disable awoken skills"},
{"title":"Deep Aquarius","description":"Absorbs 100% of the damage you cause for combos 5 and under for 1 turn"},
{"title":"Galaxy Swarm","description":"Deal 175% damage ( 5 hits, 35% per hit )"},
{"title":"Light Dragon Scale","description":"Pre-emptive Strike. Absorbs 100% Light damage for 4 turns"},
{"title":"Dark Dragon Scale","description":"Pre-emptive Strike. Absorbs 100% Dark damage for 4 turns"},
{"title":"Zero Blast","description":"Player -100% current HP"},
{"title":"Gravity Breath","description":"Player -99% current HP"},
{"title":"Dragon Lord's Claw","description":"Deal 100% damage and binds 1 Random sub for 1-2 turns. This will also disable awoken skills"},
{"title":"Black Disaster","description":"Deal 150% damage and converts 1 Random orb into Jammer orbs"},
{"title":"Gale Barrier","description":"Pre-emptive Strike. Immunity against status effects such as delay, poison, defense reduction for 4 turns"},
{"title":"Howling Gust","description":"Deal 100% damage and converts all Fire orbs into Jammer orbs"},
{"title":"Howling Gust","description":"Deal 100% damage and converts 1 Random orb into Jammer orbs"},
{"title":"Wild Talon Rake","description":"Deal 200% damage ( 4 hits, 50% per hit )"},
{"title":"Tornado Seal","description":"Deal 80% damage and binds 4 Random subs for 1-2 turns. This will also disable awoken skills"},
{"title":"Temporary Calm","description":"Skip turn"},
{"title":"World-Wrecking Windstorm","description":"Deal 2500% damage ( 5 hits, 500% per hit )"},
{"title":"Star Emperor's Gleam","description":"Pre-emptive Strike. Absorbs 100% of the damage you cause for combos 5 and under for 99 turns"},
{"title":"Nebula Inferno","description":"Deal 1000% damage and hide all orbs on the board. Moving the orb will reveal it"},
{"title":"Heavenly Lightning","description":"Deal 80% damage and converts 1 Random orb into Light orbs"},
{"title":"Photon Breath","description":"Deal 150% damage ( 3 hits, 50% per hit )"},
{"title":"Dark Rumble","description":"Deal 80% damage and converts 1 Random orb into Dark orbs"},
{"title":"Photon Breath","description":"Deal 150% damage ( 3 hits, 50% per hit )"},
{"title":"Divine Star","description":"Deal 250% damage ( 5 hits, 50% per hit )"},
{"title":"Flame Body","description":"Pre-emptive Strike. Immunity against status effects such as delay, poison, defense reduction for 5 turns"},
{"title":"Crossdraw Breath","description":"Pre-emptive Strike. Deal 110% damage"},
{"title":"Blaze Aura","description":"Absorbs 100% of the damage you cause for combos 5 and under for 5 turns"},
{"title":"Triple Press","description":"Deal 120% damage ( 3 hits, 40% per hit )"},
{"title":"Fire Armor","description":"Immune single hit damage over 500,000 for 5 turns"},
{"title":"Fanning Breath","description":"Deal 120% damage ( 6 hits, 20% per hit )"},
{"title":"Inferno Bullet","description":"Deal 150% damage and binds 5 Random cards for 5 turns. This will also disable leader skills and awoken skills"},
{"title":"Burst End","description":"Deal 5000% damage ( 5 hits, 1000% per hit )"},
{"title":"You've come far, brave one!","description":"Pre-emptive Strike. Immunity against status effects such as delay, poison, defense reduction for 999 turns"},
{"title":"Dragon Dew","description":"Recovers enemy 100% of maximum HP"},
{"title":"Draggie's Dragon Enhancement","description":"Increases damage to 250% for the next 999 turns"},
{"title":"Draco Summon-Corpse Wyrm","description":"Skip turn"},
{"title":"Hell Poison Breath","description":"Deal 100% damage and converts 9 Random orbs into Poison orbs"},
{"title":"Draco Summon-Star Dragon Emperor","description":"Skip turn"},
{"title":"Divine Star","description":"Deal 250% damage ( 5 hits, 50% per hit )"},
{"title":"Draco Summon-Dragon Lord","description":"Skip turn"},
{"title":"Zero Blast","description":"Player -100% current HP"},
{"title":"Divine Queen's Rite","description":"Pre-emptive Strike. Deal 200% damage"},
{"title":"Black Nightmare","description":"Deal 90% damage and converts all Light orbs into Jammer orbs"},
{"title":"Divine Queen's Breath","description":"Binds all God type cards for 5 turns. This will also disable leader skills and awoken skills"},
{"title":"Ultra Gravity","description":"Player -99% current HP"},
{"title":"Ultra Graviton Bomb","description":"Deal 500% damage"},
{"title":"HOT Hera Tunes","description":"Pre-emptive Strike. Increases skyfall chance of Fire & Jammer orbs by 10% for 99 turns"},
{"title":"Dublit Mirror","description":"Absorbs 100% of the damage you cause for combos 5 and under for 999 turns"},
{"title":"Sweet Devil!","description":"Deal 100% damage and converts all Water orbs into Jammer orbs"},
{"title":"Heartful Arrow","description":"Deal 100% damage and converts 1 Random orb into Fire orbs"},
{"title":"Ur Fever!!","description":"Deal 150% damage ( 3 hits, 50% per hit )"},
{"title":"Sweet Devil!","description":"Deal 100% damage and converts all Water orbs into Jammer orbs"},
{"title":"Heartful Arrow","description":"Deal 100% damage and converts 1 Random orb into Fire orbs"},
{"title":"World of the Permafrost Queen","description":"Pre-emptive Strike. Disable active skills for 5 turns"},
{"title":"Ice Coffin","description":"Deal 25% damage and binds 5 Random cards for 1-3 turns. This will also disable leader skills and awoken skills"},
{"title":"Blue Blizzard","description":"Deal 100% damage and converts 1 Random orb into Water orbs"},
{"title":"Freezing Blast","description":"Deal 85% damage and binds 1 Random card for 2-4 turns. This will also disable leader skill and awoken skills"},
{"title":"Blue Blizzard","description":"Deal 100% damage and converts 1 Random orb into Water orbs"},
{"title":"Absolute Zero","description":"Player -100% current HP"},
{"title":"Freezing Blast","description":"Deal 85% damage and binds 1 Random card for 2-4 turns. This will also disable leader skill and awoken skills"},
{"title":"Blue Blizzard","description":"Deal 100% damage and converts 1 Random orb into Water orbs"},
{"title":"You've done well to make it here.","description":"Pre-emptive Strike. Recovers Player 100% of maximum HP"},
{"title":"Resurrection","description":"Recovers enemy 100% of maximum HP"},
{"title":"Hymn of Nike","description":"Binds all Dark attribute cards for 10 turns. This will also disable leader skills and awoken skills"},
{"title":"Aegis Defense","description":"Immunity against status effects such as delay, poison, defense reduction for 999 turns"},
{"title":"Shining Spear","description":"Deal 80% damage and converts 1 Random orb into Light orbs"},
{"title":"Storm Punisher","description":"Deal 120% damage ( 6 hits, 20% per hit )"},
{"title":"Siculus Strike","description":"Player -99% current HP"},
{"title":"Starburst","description":"Deal 1000% damage ( 10 hits, 100% per hit )"},
{"title":"You get no mercy!!","description":"Pre-emptive Strike. Deal 10% damage. Randomly spawn 42 Poison orbs from non orbs"},
{"title":"Hell's Charge","description":"Deal 100% damage and converts 1 Random orb into Jammer orbs"},
{"title":"Ora ora ora oraah!!","description":"Deal 150% damage ( 5 hits, 30% per hit )"},
{"title":"You're going down!!","description":"Deal 10% damage. Randomly spawn 42 Poison orbs from non orbs"},
{"title":"Infernal Drive","description":"Deal 125% damage and converts 6 Random orbs into Poison orbs"},
{"title":"You're not getting through.","description":"Pre-emptive Strike. Binds 1 Random sub for 2-3 turns. This will also disable awoken skills.."},
{"title":"Legendary Golden Horn","description":"Deal 80% damage. Change 2 & 4 columns from the left into Light orbs.."},
{"title":"First Edelweiss","description":"Deal 100% damage and binds 1 Random card for 1 turn. This will also disable leader skill and awoken skills.."},
{"title":"Even my meow will destroy!","description":"Pre-emptive Strike. Deal 100% damage.."},
{"title":"Innate Catastrophe","description":"Deal 70% damage and hide all orbs on the board. Moving the orb will reveal it.."},
{"title":"Darkside Claw","description":"Deal 150% damage. Change 2nd row from the top into Dark orbs.."},
{"title":"What are you doing on my grounds!","description":"Pre-emptive Strike. Immunity against status effects such as delay, poison, defense reduction for 999 turns.."},
{"title":"Fire Fighting Black Dog","description":"Deal 140% damage and converts all Fire orbs into Jammer orbs.."},
{"title":"Guiding White Dog","description":"Deal 140% damage. Change 3 & 4 columns from the left into Jammer orbs.."},
{"title":"Miracle","description":"Randomly change 6 Fire, Water, Wood, Light & Dark orbs into locked orbs.."},
{"title":"Shower of Blossoms","description":"Deal 105% damage ( 3 hits, 35% per hit ).."},
{"title":"Amenotamu-zake","description":"Recovers enemy 30% of maximum HP.."},
{"title":"Behold my Magnificent Strength!","description":"Deal 160% damage and converts 1 Random orb into Water orbs.."},
{"title":"Spirit of Kagutsuchi","description":"Player -100% current HP.."},
{"title":"God of War's Great Strength","description":"Deal 320% damage ( 2 hits, 160% per hit ).."},
{"title":"Liushahe Whirlwind","description":"Pre-emptive Strike. Deal 75% damage.."},
{"title":"General of the Sacred Mountain","description":"Absorbs 100% of the damage you cause for combos 4 and under for 99 turns.."},
{"title":"Nine Ill Winds","description":"Disable active skills for 3 turns.."},
{"title":"Crescent Moon Staff","description":"Deal 85% damage. Randomly spawn 5 Dark orbs from non Dark orbs.."},
{"title":"Chomp","description":"Deal 120% damage ( 2 hits, 60% per hit ).."},
{"title":"Normal Attack","description":"Deal 100% damage.."},
{"title":"Mystic Curse","description":"Player -99% current HP.."},
{"title":"Chomp","description":"Deal 120% damage ( 2 hits, 60% per hit ).."},
{"title":"Charge!!","description":"Pre-emptive Strike. Player -99% current HP.."},
{"title":"Marshal Canopy`s Secret Plan","description":"75% damage reduction for 1 turn.."},
{"title":"Wild Boar Charge","description":"Player -100% current HP.."},
{"title":"Smack","description":"Deal 120% damage. Change 1, 3 & 5 columns from the left into Fire orbs.."},
{"title":"Normal Attack","description":"Deal 100% damage.."},
{"title":"Dim Sum Snack","description":"Recovers enemy 10% of maximum HP.."},
{"title":"Burning Hoof","description":"Deal 50% damage. Change bottom-most row into Fire orbs.."},
{"title":"Water Battle Strategy","description":"Deal 75% damage and binds all Water attribute cards for 2 turns. This will also disable leader skills and awoken skills.."},
{"title":"Bursting Milky Way!","description":"Deal 200% damage. Change 1, 3 & 5 columns from the left into Fire orbs. Change 2, 4 & 6 columns from the left into Light orbs.."},
{"title":"Pride of the Aesir","description":"Pre-emptive Strike. Increases cooldown of active skills by 2 turns.."},
{"title":"Don't go anywhere!","description":"Randomly spawn 1 Water orbs from non Water orbs.."},
{"title":"That look suits you!","description":"Recovers Player 100% of maximum HP.. "},
{"title":"Enough struggling! ","description":"Binds 6 Random cards for 1 turn. This will also disable leader skills and awoken skills.. "},
{"title":"Earth God's Rage","description":"Deal 300% damage ( 2 hits, 150% per hit ).."},
{"title":"Sacred Realm of Vingolf","description":"75% damage reduction for 1 turn.."},
{"title":"Earth-Shattering Thunder Hammer","description":"Change Light orbs into locked orbs.."},
{"title":"Lightning Punch","description":"Deal 100% damage. Randomly spawn 1 Light orbs from non Light orbs.."},
{"title":"Bolt Impact","description":"Deal 120% damage. Change 4 & 5 rows from the top into Wood & Light orbs.."},
{"title":"Swing","description":"Deal 150% damage. Change 2 & 3 columns from the left into Wood & Jammer orbs.."},
{"title":"Ragnarok Victor","description":"Pre-emptive Strike. Immunity against status effects such as delay, poison, defense reduction for 999 turns.."},
{"title":"You think you can beat me with that?","description":"Deal 130% damage.. "},
{"title":"Muspell's Army","description":"Increases cooldown of active skills by 0-2 turns.."},
{"title":"Overheat  +25%","description":"Increases skyfall chance of Fire orbs by 25% for 99 turns.."},
{"title":"Body burns up even more","description":"Change own attribute to Fire.."},
{"title":"Corona","description":"Deal 150% damage. Randomly spawn 30 Fire orbs from non Fire orbs.."},
{"title":"Black Flame","description":"Deal 120% damage and converts all Fire orbs into Jammer orbs.."},
{"title":"Laevateinn","description":"Deal 130% damage. Randomly spawn 6 Fire orbs from non Fire orbs.."},
{"title":"Last Flame","description":"Deal 280% damage ( 4 hits, 70% per hit ).."},
{"title":"Gjallarhorn Horn","description":"Pre-emptive Strike. Absorbs 100% Dark damage for 5 turns.."},
{"title":"I'll stop you","description":"Binds all Dark attribute cards for 1 turn. This will also disable leader skills and awoken skills."},
{"title":"Guardian God's Five Senses","description":"Immunity against status effects such as delay, poison, defense reduction for 999 turns.."},
{"title":"Not quite yet!!","description":"Deal 100% damage and hide all orbs on the board. Moving the orb will reveal it.."},
{"title":"Headbutt","description":"Deal 80% damage and increases cooldown of active skills by 1 turn.."},
{"title":"Horn Axe","description":"Deal 110% damage.."},
{"title":"Shield of First Light","description":"50% damage reduction for 2 turns.."},
{"title":"Slam","description":"Deal 130% damage. Change 3rd column from the left into Light orbs.."},
{"title":"Holy","description":"Deal 480% damage ( 4 hits, 120% per hit ).."},
{"title":"Law of Hell","description":"Pre-emptive Strike. Deal 150% damage. Randomly spawn 4 Poison orbs from non Poison orbs.."},
{"title":"Demon Half","description":"Immunity against status effects such as delay, poison, defense reduction for 999 turns.."},
{"title":"I won't forgive you","description":"Binds all God type cards for 5 turns. This will also disable leader skills and awoken skills.. "},
{"title":"Glare of Garm","description":"Binds all God type cards for 5 turns. This will also disable leader skills and awoken skills.."},
{"title":"Decay","description":"Randomly spawn 4 Poison orbs from non Poison orbs.."},
{"title":"Naglfar","description":"50% damage reduction for 1 turn.."},
{"title":"Army of the Dead","description":"Increases skyfall chance of Poison orbs by 10% for 10 turns.."},
{"title":"Nightmare","description":"Increases cooldown of active skills by 1-2 turns.."},
{"title":"Eat Heart Strike","description":"Deal 300% damage and converts all Heart orbs into Dark orbs"},
{"title":"Dead Judgment","description":"Change Poison & Mortal Poison orbs into locked orbs.."},
{"title":"Poison Nail","description":"Deal 120% damage. Randomly spawn 2 Mortal Poison orbs from non Mortal Poison orbs.."},
{"title":"Burn Core","description":"Pre-emptive Strike. Absorbs 100% Fire damage for 5 turns.."},
{"title":"Follow Repair","description":"Revives an enemy and recovers 45% of maximum HP.."},
{"title":"Absorption","description":"Increases cooldown of active skills by 1 turn.."},
{"title":"Blaze Emission","description":"Deal 120% damage and converts 1 Random orb into Fire orbs.."},
{"title":"Flare Missile","description":"Deal 150% damage ( 3 hits, 50% per hit ).."},
{"title":"Fire Trap","description":"Deal 120% damage and converts all Fire orbs into Poison orbs.."},
{"title":"Limit Burst","description":"Deal 1000% damage ( 2 hits, 500% per hit ).."},
{"title":"Hydro Core","description":"Pre-emptive Strike. Absorbs 100% Water damage for 5 turns.."},
{"title":"Super Water Surge","description":"Deal 120% damage. Randomly spawn 4 Water orbs from non Water orbs.."},
{"title":"Aqua Gun","description":"Deal 120% damage. Change 3rd column from the left into Water orbs.."},
{"title":"Blue Charger","description":"Deal 80% damage and converts all Water orbs into Jammer orbs.."},
{"title":"Paralyze Breath","description":"Pre-emptive Strike. Deal 60% damage and binds Player's Leader for 2 turns. This will also disable leader skill and awoken skills.."},
{"title":"Peaky Lightning","description":"Change Light orbs into locked orbs.."},
{"title":"Gold Pulse","description":"Deal 100% damage. Randomly spawn 5 Light orbs from non Light orbs.."},
{"title":"Thunder Poison","description":"Deal 80% damage and converts all Light orbs into Poison orbs.."},
{"title":"Plant Core","description":"Pre-emptive Strike. Absorbs 100% Wood damage for 5 turns.."},
{"title":"Green Energy","description":"Increases skyfall chance of Wood orbs by 20% for 99 turns.."},
{"title":"Leaf Wind","description":"Deal 100% damage. Change bottom-most row into Wood orbs"},
{"title":"Aero Blast","description":"Deal 120% damage ( 2 hits, 60% per hit ).."},
{"title":"Flash Barrier","description":"Pre-emptive Strike. Immunity against status effects such as delay, poison, defense reduction for 999 turns.."},
{"title":"Light Beam","description":"Deal 100% damage and hide all orbs on the board. Moving the orb will reveal it.."},
{"title":"Holy Bind","description":"Deal 100% damage and binds 1 Random card for 4 turns. This will also disable leader skill and awoken skills.."},
{"title":"Energy Ball","description":"Deal 120% damage and converts all Light orbs into Jammer orbs.."},
{"title":"Heavy Shield","description":"Pre-emptive Strike. 30% damage reduction for 3 turns.."},
{"title":"Fog Bomb","description":"Deal 100% damage and hide all orbs on the board. Moving the orb will reveal it.."},
{"title":"Poison Alternator","description":"Randomly spawn 4 Poison orbs from non Poison orbs.."},
{"title":"Gravity Blast","description":"Player -75% current HP.."},
{"title":"Brilliant Red","description":"Deal 300% damage. Randomly spawn 5 Fire orbs from non Fire orbs.."},
{"title":"Brilliant Blue","description":"Deal 300% damage. Randomly spawn 5 Water orbs from non Water orbs.."},
{"title":"Brilliant Green","description":"Deal 300% damage. Randomly spawn 5 Wood orbs from non Wood orbs.."},
{"title":"Brilliant Yellow","description":"Deal 300% damage. Randomly spawn 5 Light orbs from non Light orbs.."},
{"title":"Brilliant Purple","description":"Deal 300% damage. Randomly spawn 5 Dark orbs from non Dark orbs.."},
{"title":"You've done well to come this far","description":"Pre-emptive Strike. Immunity against status effects such as delay, poison, defense reduction for 2 turns.."},
{"title":"Let's have some fun!","description":"Pre-emptive Strike. Absorbs 100% of the damage you cause for combos 4 and under for 999 turns.."},
{"title":"Lightning of God","description":"Deal 12000% damage. Change 3rd column from the left into Light orbs. Change 3rd column from the right into Light orbs.."},
{"title":"Zeus Blade","description":"Deal 15000% damage. Change 2nd row from the bottom into Light orbs.."},
{"title":"Glare of Zeus","description":"Binds all God type cards for 2-4 turns. This will also disable leader skills and awoken skills.."},
{"title":"Preening","description":"Immunity against status effects such as delay, poison, defense reduction for 2 turns.."},
{"title":"Double Slap","description":"Deal 18000% damage ( 3 hits, 6000% per hit ).."},
{"title":"Mischief by God","description":"Deal 7500% damage and converts all Light orbs into Jammer orbs.."},
{"title":"Diabolic Embrace","description":"Deal 10000% damage and binds 1 Random sub for 1-2 turns. This will also disable awoken skills.."},
{"title":"Ultra Gravity","description":"Player -99% current HP.."},
{"title":"Time to finish you off!","description":"Skip turn.."},
{"title":"Super Nova","description":"Deal 45000% damage ( 10 hits, 4500% per hit ).."},
{"title":"Graviton Bomb","description":"Deal 80000% damage.."},
{"title":"Wrath of God","description":"Player -95% current HP.."},
{"title":"Blessing of the Gods","description":"Recovers enemy 50% of maximum HP.."},
{"title":"Let's plaaay!","description":"Pre-emptive Strike. Disable awoken skills for 6 turns.."},
{"title":"It's Puzzle Fight Time!","description":"Pre-emptive Strike. Disable active skills for 6 turns.."},
{"title":"Nope! Wroong!","description":"Deal 1000% damage and converts all Jammer orbs into Water orbs.."},
{"title":"Can you erase my Jammers?","description":"Randomly spawn 5 Jammer orbs from non Jammer orbs.."},
{"title":"Here I gooo!","description":"Randomly spawn 6 Jammer orbs from non Jammer orbs.."},
{"title":"My…you're not bad","description":"Randomly spawn 10 Jammer orbs from non Jammer orbs.."},
{"title":"However, this here...","description":"Hide all orbs on the board. Moving the orb will reveal it.."},
{"title":"Can you erase these!?","description":"Randomly spawn 15 Jammer orbs from non Jammer orbs.."},
{"title":"You're impressive!","description":"Reduces orb movement timer by 1 sec for 1 turn.."},
{"title":"This will finish it!","description":"Randomly spawn 9 Jammer orbs from non Jammer orbs.."},
{"title":"That was fun! See ya!","description":"Self-Destruct ( Reduce self HP to 0 ).."},
{"title":"Trimurti [Prosperity]  +15%","description":"Pre-emptive Strike. Increases skyfall chance of Heart & Jammer orbs by 15% for 99 turns.."},
{"title":"Garuda's Wind Guard","description":"Pre-emptive Strike. Absorbs single hit damage over 1,000,000 for 999 turns.."},
{"title":"hng...!  **","description":"Skip turn.."},
{"title":"Meditation","description":"Immunity against status effects such as delay, poison, defense reduction for 999 turns.."},
{"title":"Shankha","description":"Deal 70% damage and binds 5 Random cards for 2 turns. This will also disable leader skills and awoken skills.."},
{"title":"Avatar","description":"Deal 10% damage and recovers enemy 10% of maximum HP.."},
{"title":"Khakkhara of the Creation","description":"Deal 80% damage and converts all Heart orbs into Jammer orbs.."},
{"title":"Chakram of Order","description":"Deal 140% damage ( 4 hits, 35% per hit ).."},
{"title":"Lotus Flower of Prosperity","description":"Deal 120% damage. Change top-most row into Heart orbs. Change bottom-most row into Wood orbs.."},
{"title":"Giant Form","description":"Hide all orbs on the board. Moving the orb will reveal it.."},
{"title":"Trivikrama","description":"Deal 3000% damage ( 3 hits, 1000% per hit ).."},
{"title":"Ice Armor","description":"Pre-emptive Strike. Immunity against status effects such as delay, poison, defense reduction for 999 turns.."},
{"title":"Freezing Zone","description":"Deal 80% damage and recovers enemy 50% of maximum HP.."},
{"title":"Powerful Claws","description":"Player -99% current HP.."},
{"title":"Ice Edge Hammer","description":"Deal 120% damage.."},
{"title":"Blizzard of Destruction","description":"Deal 140% damage ( 2 hits, 70% per hit ).."},
{"title":"Frenzy","description":"Deal 100% damage. Change all orbs to Water, Heart & Jammer orbs.."},
{"title":"Enraged Glare","description":"Change Jammer orbs into locked orbs.."},
{"title":"Abyssal Tempest","description":"Deal 500% damage ( 5 hits, 100% per hit ).."},
{"title":"Holy Tree Defense","description":"Pre-emptive Strike. Immunity against status effects such as delay, poison, defense reduction for 999 turns.."},
{"title":"Tail Wall","description":"50% damage reduction for 1 turn.."},
{"title":"Heavenly Wing Palm","description":"Deal 150% damage and converts all Dark orbs into Heart orbs.."},
{"title":"Heavenly Wing Kick","description":"Deal 150% damage. Change 4 & 5 rows from the top into Wood & Light orbs.."},
{"title":"Holy Tree Vine","description":"Deal 200% damage and binds 2 Random cards for 1-3 turns. This will also disable leader skills and awoken skills.."},
]