[
    {"title":"ストライクドラゴン","description":"重擊，造成1000%傷害"},
    {"title":"怖い顔","description":"1回合內，寶珠移動時間減少2秒"},
    {"title":"ガブガブ！","description":"連擊2次，造成160%傷害"},
    {"title":"封印之鞭","description":"封鎖隨機3隻寵物1~2回合"},
    {"title":"予兆の花粉","description":"重擊，造成10%傷害"},
    {"title":"フラワービーム","description":"連擊3次，造成1500%傷害"},
    {"title":"純真的微笑","description":"封鎖隨機1隻寵物3回合"},
    {"title":"豊穣の護り","description":"999回合內異常狀態（如毒、威嚇、破防）無效化"},
    {"title":"紅色果實","description":"隨機1種寶珠轉火珠，並造成100%傷害"},
    {"title":"藍色果實","description":"隨機1種寶珠轉水珠，並造成100%傷害"},
    {"title":"技能封印之鞭","description":"5回合內，無法發動任何主動技能"},
    {"title":"ぐうぐう眠っている","description":"甚麼都不做"},
    {"title":"似乎醒過來了","description":"甚麼都不做"},
    {"title":"超・ガブガブ！","description":"連擊2次，造成500%傷害"},
    ]