[
    {"title":"ストライクドラゴン","description":"単発 1000% ダメージ"},
    {"title":"怖い顔","description":"先制 1ターンの間ドロップ操作時間が2秒減少"},
    {"title":"ガブガブ！","description":"2連続攻撃 計 160% ダメージ"},
    {"title":"バインドウィップ","description":"ランダムで3体が1～2ターンの間行動不能"},
    {"title":"予兆の花粉","description":"先制 8,411ダメージ"},
    {"title":"フラワービーム","description":"3連続攻撃 計 1,261,695 ダメージ"},
    {"title":"ピュアスマイル","description":"ランダムで1体が3ターン行動不能"},
    {"title":"豊穣の護り","description":"先制 999ターンの間状態異常無効"},
    {"title":"レッドフルーツ","description":"8,486ダメージ+ランダムで1色を火ドロップに変換"},
    {"title":"ブルーフルーツ","description":"6,611ダメージ+ランダムで1色を水ドロップに変換"},
    {"title":"スキルバインドウィップ","description":"5ターンの間、スキル使用不可"},
    {"title":"ぐうぐう眠っている","description":"何もしない"},
    {"title":"目を覚ましたようだ","description":"何もしない"},
    {"title":"超・ガブガブ！","description":"2連続攻撃 計 26,806 ダメージ"},
    ]