[
    {"title":"Strike Dragon","description":"1000% damage"},
    {"title":"Scary Face","description":"Orb time reduced by 2 secs for 1 turn"},
    {"title":"Gulp!","description":"Multi-Hit (2) 160% damage"},
    {"title":"Bind Whip","description":"Bind 3 for 1–2 turn."},
    {"title":"Pollen Omen","description":"8,411 damage"},
    {"title":"Flower Beam","description":"Multi-Hit (3) 1,261,695 damage"},
    {"title":"Pure Smile","description":"Bind 1 for 3 turns."},
    {"title":"Fertile Guard","description":"Status effect null for 999 turns."},
    {"title":"Red Fruit","description":"Random orb becomes fire and hit for 8,486."},
    {"title":"Blue Fruit","description":"Random orb becomes water and hit for 6,611."},
    {"title":"Skill Bind Whip","description":"Bind Active Skills for 5 turns."},
    {"title":"Snoring Peacefully","description":"Do nothing."},
    {"title":"Looks Like It's Awake","description":"Do nothing."},
    {"title":"Super Gulp!!","description":"Multi-Hit (2) 26,806 damage"},
    ]