[{"title":"0","description":""},{"title":"Black Body","description":"Immunity against status effects such as delay, poison, defense reduction for 999 turns"},
{"title":"Dark Ball","description":"Absorbs single hit damage over 2,000,000 for 999 turns"},
{"title":"Darkdragon's Baptism","description":"Deal 400% damage ( 4 hits, 100% per hit )"},
{"title":"Summon Vinus","description":"Skip turn"},
{"title":"Breath of Compassion","description":"Recovers Player 100% of maximum HP"},
{"title":"Brilliant World","description":"Deal 1000% damage ( 2 hits, 500% per hit )"},
{"title":"Celestial Prison's Scorching Heat","description":"Deal 1250% damage ( 5 hits, 250% per hit )"},
{"title":"Soul Burst","description":"Deal 1500% damage ( 3 hits, 500% per hit )"},
{"title":"Abysstrom","description":"Deal 1760% damage ( 4 hits, 440% per hit )"},
{"title":"Death Scythe","description":"Deal 2100% damage ( 6 hits, 350% per hit )"},
{"title":"Gathering Magical Power","description":"Skip turn"},
{"title":"Dark Eyes","description":"Dispel player buffs"},
{"title":"Ultra Graviton Breath","description":"Deal 3000% damage ( 10 hits, 300% per hit )"}]