[{"title":"0","description":""},{"title":"Dark Melancholy","description":"Absorbs 100% of the damage you cause for combos 6 and under for 999 turns"},
{"title":"Divine Protection of the Good Harvest","description":"Immunity against status effects such as delay, poison, defense reduction for 999 turns"},
{"title":"Healing Wind","description":"Recovers enemy 50% of maximum HP"},
{"title":"Evil Eye","description":"Player -500% current HP"},
{"title":"Sephiroth Anger","description":"Deal 240% damage. Change all orbs to Fire, Water, Wood, Light, Dark & Heart orbs"},
{"title":"Light Fascination","description":"Absorbs 100% Light damage for 1 turn"},
{"title":"Lucent Blessing","description":"Increases skyfall chance of Light orbs by 20% for 5 turns"},
{"title":"Sephiroth Rage","description":"Deal 340% damage. Change all orbs to Fire, Water, Wood, Light, Dark & Heart orbs"},
{"title":"Sephiroth Rage","description":"Deal 340% damage. Change all orbs to Fire, Water, Wood, Light, Dark & Heart orbs"},
{"title":"God Tree's Basket","description":"Immune single hit damage over 500,000 for 99 turns"},
{"title":"Plant Fascination","description":"Absorbs 100% Wood damage for 1 turn"},
{"title":"Flame Fascination","description":"Absorbs 100% Fire damage for 1 turn"},
{"title":"Ice Fascination","description":"Absorbs 100% Water damage for 1 turn"},
{"title":"Plant Fascination","description":"Absorbs 100% Wood damage for 1 turn"},
{"title":"Dark Fascination","description":"Absorbs 100% Dark damage for 1 turn"},
{"title":"Natural Disaster","description":"Deal 1000% damage. Change bottom-most row into Heart orbs"}]