[{"title":"0","description":""},{"title":"Sanction","description":"Binds all Dark attribute cards for 10 turns. This will also disable leader skills and awoken skills"},
{"title":"Penalty","description":"Increases cooldown of active skills by 3 turns"},
{"title":"Saint Barrier","description":"Absorbs 100% Dark damage for 5 turns"},
{"title":"Celestial Armor","description":"Immune single hit damage over 1,000,000 for 99 turns.."},
{"title":"Conviction","description":"Deal 220% damage and converts all Jammer orbs into Light orbs"},
{"title":"Justice Spear","description":"Deal 110% damage and converts all Dark orbs into Jammer orbs"},
{"title":"Force Lightning","description":"Deal 90% damage. Randomly spawn Light orbs from non 4 Light orbs"}]