[{"title":"0","description":""},{"title":"ブラックボディ","description":"999ターン状態異常無効"},
{"title":"冥玉","description":"999ターン単体200万以上吸収"},
{"title":"暗黒龍の洗礼","description":"43,940ダメージ(連続攻撃)"},
{"title":"サモンウェヌス","description":"何もしない"},
{"title":"慈悲の息吹","description":"こちらのHPを100％回復"},
{"title":"ブリリアント・ワールド","description":"109,850ダメージ(連続攻撃)"},
{"title":"獄天の焦熱","description":"137,315ダメージ(連続攻撃)"},
{"title":"ソウルバースト","description":"164,775ダメージ(連続攻撃)"},
{"title":"アビスシュトローム","description":"193,336ダメージ(連続攻撃)"},
{"title":"デスサイズ","description":"230,688ダメージ(連続攻撃)"},
{"title":"魔力を溜めている","description":"何もしない"},
{"title":"冥眼","description":"補助スキル効果を解除"},
{"title":"ギガグラビトンブレス","description":"329,550ダメージ(連続攻撃)"}]