[{"title":"0","description":""},{"title":"ダークメランコリー","description":"999ターン6コンボ以下吸収"},
{"title":"豊穣の加護","description":"999ターン状態異常無効"},
{"title":"癒しの風","description":"自分のHPを50％回復"},
{"title":"イービルアイ","description":"現HPの500％割合ダメージ"},
{"title":"ゼフィロスアンガー","description":"25,704ダメージ+全ドロップを火/水/木/光/闇/回復に変換"},
{"title":"ライトファシネイション","description":"1ターン光属性吸収"},
{"title":"ルーセントブレシング","description":"5ターン光の目覚め"},
{"title":"ゼフィロスレイジ","description":"36,414ダメージ+全ドロップを火/水/木/光/闇/回復に変換"},
{"title":"ゼフィロスレイジ","description":"36,414ダメージ+全ドロップを火/水/木/光/闇/回復に変換"},
{"title":"神樹の籠","description":"99ターン単体50万以上無効化"},
{"title":"プラントファシネイション","description":"1ターン木属性吸収"},
{"title":"フレイムファシネイション","description":"1ターン火属性を吸収"},
{"title":"フレイムファシネイション","description":"1ターン水属性を吸収"},
{"title":"フレイムファシネイション","description":"1ターン木属性を吸収"},
{"title":"フレイムファシネイション","description":"1ターン闇属性を吸収"},
{"title":"ナチュラルディザスター","description":"107,100ダメージ+下から1段目を回復に変換"}]