[{"title":"0","description":""},{"title":"サンクション","description":"10ターン闇属性バインド"},
{"title":"ペナルティ","description":"3ターンスキル遅延"},
{"title":"セイントバリア","description":"5ターン闇属性を吸収"},
{"title":"天空の鎧","description":"99ターン単体100万以上無効化"},
{"title":"コンビクション","description":"92,400ダメージ+お邪魔を光に変換"},
{"title":"ジャスティススピア","description":"46,200ダメージ+闇をお邪魔に変換"},
{"title":"フォースライトニング","description":"37,800ダメージ+光を4個生成"}]