[{"title":"0","description":""},{"title":"ブラックボディ","description":"999回合內異常狀態（如毒、威嚇、破防）無效化"},
{"title":"冥玉","description":"999回合內，將單一傷害值在 2,000,000 點以上的傷害吸收"},
{"title":"暗黒龍の洗礼","description":"連擊4次，造成400%傷害"},
{"title":"サモンウェヌス","description":"甚麼都不做"},
{"title":"慈悲の息吹","description":"回復玩家100%HP"},
{"title":"ブリリアント・ワールド","description":"連擊2次，造成1000%傷害"},
{"title":"獄天の焦熱","description":"連擊5次，造成1250%傷害"},
{"title":"ソウルバースト","description":"連擊3次，造成1500%傷害"},
{"title":"アビスシュトローム","description":"連擊4次，造成1760%傷害"},
{"title":"デスサイズ","description":"連擊6次，造成2100%傷害"},
{"title":"魔力を溜めている","description":"甚麼都不做"},
{"title":"冥眼","description":"消除玩家所有BUFF技能效果（如盾、攻擊增幅技能）"},
{"title":"ギガグラビトンブレス","description":"連擊10次，造成3000%傷害"}]