[{"title":"0","description":""},{"title":"ダークメランコリー","description":"999回合內，將 6COMBO 或以下時所造成的傷害全部吸收"},
{"title":"豊穣の加護","description":"999回合內異常狀態（如毒、威嚇、破防）無效化"},
{"title":"癒しの風","description":"回復50%HP"},
{"title":"イービルアイ","description":"造成玩家目前HP500%的傷害"},
{"title":"ゼフィロスアンガー","description":"所有寶珠變為火水木光暗心，並造成240%傷害"},
{"title":"ライトファシネイション","description":"1回合內，將受到的光屬性傷害轉換成自己的生命值"},
{"title":"ルーセントブレシング","description":"5回合內，光珠的掉落機率提升20%"},
{"title":"ゼフィロスレイジ","description":"所有寶珠變為火水木光暗心，並造成340%傷害"},
{"title":"ゼフィロスレイジ","description":"所有寶珠變為火水木光暗心，並造成340%傷害"},
{"title":"神樹の籠","description":"99回合內，單一傷害值在 500,000 點以上的傷害無效化"},
{"title":"プラントファシネイション","description":"1回合內，將受到的木屬性傷害轉換成自己的生命值"},
{"title":"フレイムファシネイション","description":"1回合內，將受到的火屬性傷害轉換成自己的生命值"},
{"title":"フレイムファシネイション","description":"1回合內，將受到的水屬性傷害轉換成自己的生命值"},
{"title":"フレイムファシネイション","description":"1回合內，將受到的木屬性傷害轉換成自己的生命值"},
{"title":"フレイムファシネイション","description":"1回合內，將受到的暗屬性傷害轉換成自己的生命值"},
{"title":"ナチュラルディザスター","description":"最下方一橫行轉心珠  ，並造成1000%傷害"}]