[{"title":"0","description":""},{"title":"サンクション","description":"封鎖暗屬性寵物10回合"},
{"title":"ペナルティ","description":"當前所有技能的冷卻時間增加 3 回合"},
{"title":"セイントバリア","description":"5回合內，將受到的暗屬性傷害轉換成自己的生命值"},
{"title":"天空の鎧","description":"99回合內，單一傷害值在 1,000,000 點以上的傷害無效化"},
{"title":"コンビクション","description":"邪魔珠轉光珠，並造成220%傷害"},
{"title":"ジャスティススピア","description":"暗珠轉邪魔珠，並造成110%傷害"},
{"title":"フォースライトニング","description":"隨機生成光寶珠4粒，並造成90%傷害"}]