[
    {"title":"Fire Bind","description":"Bind fire monsters for 2-4 turns"},
    {"title":"Water Bind","description":"Bind water monsters for 2-4 turns"},
    {"title":"Leaf Bind","description":"Bind wood monsters for 2-4 turns"},
    {"title":"Flash Bind","description":"Bind light monsters for 2-4 turns"},
    {"title":"Dark Bind","description":"Bind dark monsters for 2-4 turns"},
    {"title":"Quick Punch","description":"Preemptive. 10% damage"},
    {"title":"Pure Smile","description":"Bind 1 for 3 turns."},
    {"title":"Angelic Mercy","description":"Heal 100% of player HP."},
    {"title":"Angrilit","description":"ATK 300% for 999 turns"},
    {"title":"Hell & Heaven","description":"Multi-Hit (4), total 200% damage"},
    {"title":"Angelit Halo","description":"Bind Leader & Friend\'s Monster for 4 turns."},
    {"title":"Heart Attack","description":"?→Heart and hit for 100% damage"},
    {"title":"Devilit Poison","description":"6x? → poison"},
    {"title":"Heart Break","description":"Heart→ and hit for 100% damage"}
    ]