[
    {"title":"ファイアバインド","description":"火属性モンスターが2～4ターンの間、行動不能"},
    {"title":"ウォーターバインド","description":"水属性モンスターが2～4ターンの間、行動不能"},
    {"title":"リーフバインド","description":"木属性モンスターが2～4ターンの間、行動不能"},
    {"title":"フラッシュバインド","description":"光属性モンスターが2～4ターンの間、行動不能"},
    {"title":"ダークバインド","description":"闇属性モンスターが2～4ターンの間、行動不能"},
    {"title":"クイックパンチ","description":"先制 6,012ダメージ"},
    {"title":"ピュアスマイル","description":"ランダムで1体が3ターン行動不能"},
    {"title":"天使の慈悲","description":"先制 こちらのHPを全回復"},
    {"title":"怒リット！","description":"999ターンの間攻撃力3倍"},
    {"title":"ヘル＆ヘブン","description":"4連続攻撃 計19,084ダメージ"},
    {"title":"エンジェリットハイロウ","description":"リーダーとフレンドが4ターンの間行動不能"},
    {"title":"ハートアタック","description":"9,542ダメージ+ランダムで1色を回復ドロップに変換"},
    {"title":"デビリットポイズン","description":"ランダムでドロップ6個を毒ドロップに変換"},
    {"title":"ハートブレイク","description":"18,917ダメージ+回復ドロップをお邪魔ドロップに変換"}
    ]