[
    {"title":"ファイアバインド","description":"封鎖火寵物2~4回合"},
    {"title":"ウォーターバインド","description":"封鎖水寵物2~4回合"},
    {"title":"リーフバインド","description":"封鎖木寵物2~4回合"},
    {"title":"フラッシュバインド","description":"封鎖光寵物2~4回合"},
    {"title":"ダークバインド","description":"封鎖暗寵物2~4回合"},
    {"title":"クイックパンチ","description":"先制攻擊，造成10%傷害"},
    {"title":"ピュアスマイル","description":"封鎖隨機1隻寵物3回合"},
    {"title":"天使の慈悲","description":"回復玩家100%HP"},
    {"title":"怒リット！","description":"999回合內攻擊力提升至300%"},
    {"title":"ヘル＆ヘブン","description":"連擊4次，造成200%傷害"},
    {"title":"エンジェリットハイロウ","description":"封鎖隊長及戰友寵物4回合"},
    {"title":"ハートアタック","description":"隨機1種寶珠變心珠，並造成100%傷害"},
    {"title":"デビリットポイズン","description":"隨機6粒寶珠變為毒珠"},
    {"title":"ハートブレイク","description":"心轉廢, 並造成100%傷害"}
    ]