[{"title":"Wisdom from Very Ancient Times","description":"Deal 70% damage and disable awoken skills for 3 turns"},
{"title":"Lost Technology","description":"Reduces orb movement timer by 2 secs for 5 turns"},
{"title":"Cattle Mutilation","description":"Deal 200% damage and hide all orbs on the board. Moving the orb will reveal it"},
{"title":"Full Element","description":"Change own attribute to Fire, Water, Wood, Light, Dark"},
{"title":"Weight of the Trilithon","description":"Player -99% current HP"},
{"title":"Glyph of Plunder, Monkey","description":"Deal 80% damage and converts 1 Random orb into Jammer orbs"},
{"title":"Crystal Fang","description":"Deal 120% damage ( 2 hits, 60% per hit )"},
{"title":"Annihilating Light of the Pleiades","description":"Deal 140% damage ( 7 hits, 20% per hit )"},
{"title":"Gear Tempest","description":"Deal 300% damage ( 3 hits, 100% per hit )"}
]