[{"title":"Sangen Mechanism","description":"Absorbs 100% Light & Dark damage for 5 turns"},
{"title":"Heal-to-Green Twist Puppetry","description":"Deal 90% damage and converts all Heart orbs into Wood orbs"},
{"title":"Elemental Flip","description":"Change own attribute to Water, Wood, Water, Wood, Water"},
{"title":"Red-to-Blue Twist Puppetry","description":"Deal 110% damage and converts all Fire orbs into Water orbs"},
{"title":"Heal-to-Green Twist Puppetry","description":"Deal 90% damage and converts all Heart orbs into Wood orbs"},
{"title":"Blue Line Stitch Puppetry","description":"Deal 100% damage. Change middle row into Water orbs"},
{"title":"Impassive","description":"Immunity against status effects such as delay, poison, defense reduction for 1 turn"},
{"title":"Marionette Operation","description":"Reduces orb movement timer by 3 secs for 1 turn"},
{"title":"Green-to-Blue Stitch Puppetry","description":"1, 3 & 5 rows -> Wood , 2 & 4 rows -> Water"}
]