[{"title":"Old Dragon Knight's Soul","description":"Immune single hit damage over 100 for 10 turns"},
{"title":"Rock Sword","description":"Deal 105% damage ( 3 hits, 35% per hit )"},
{"title":"Power Released","description":"Increases damage to 200% for the next 999 turns"},
{"title":"Mind Breaking Hell Guidance","description":"Deal 70% damage. Randomly spawn Jammer orbs from all Heart orbs"},
{"title":"Celestial Wicked Exorcism","description":"Deal 300% damage. Randomly spawn Wood orbs from all Jammer orbs"},
{"title":"Nothingness Light","description":"Deal 30% damage. Randomly spawn Heart orbs from all Jammer orbs"}
]