[{"title":"Emerald Coating","description":"Immunity against status effects such as delay, poison, defense reduction for 999 turns.."},
{"title":"Storm Wall","description":"Absorbs 100% of the damage you cause for combos 6 and under for 4 turns.."},
{"title":"Wind Charge","description":"Deal 150% damage. Change top-most row into Wood orbs.."},
{"title":"Wind Pulse","description":"Deal 150% damage. Randomly spawn Wood orbs from all Heart orbs.."},
{"title":"Wind Pulse","description":"Deal 150% damage. Randomly spawn Wood orbs from non 6 Wood orbs.."},
{"title":"Tempest Ball","description":"Deal 1200% damage ( 4 hits, 300% per hit ).."}
]