[{"title":"Grand Core","description":"Increases skyfall chance of Jammer orbs by 15% for 10 turns"},
    {"title":"Absorption","description":"Increases cooldown of active skills by 1 turn"},
    {"title":"Root Chain","description":"Deal 90% damage and binds 1 Random card for 3 turns. This will also disable leader skill and awoken skills"},
    {"title":"Splash Hell Gale","description":"Deal 100% damage. Change 3 & 4 columns from the left into Water & Wood orbs"},
    {"title":"Limit Burst","description":"Deal 1000% damage ( 2 hits, 500% per hit )"},
    {"title":"Mechanical Toxin","description":"Randomly spawn Mortal Poison orbs from non 6 Mortal Poison orbs"}
]