[{"title":"Fury Horn","description":"Deal 240% damage ( 2 hits, 120% per hit )"},
{"title":"Gear Charge","description":"Increases damage to 200% for the next 999 turns"},
{"title":"Absorption","description":"Increases cooldown of active skills by 1 turn"},
{"title":"Clean Nap","description":"Deal 150% damage and converts all Poison orbs into Wood orbs"},
{"title":"Aero Burn","description":"Deal 130% damage. Change top-most row into Fire orbs. Change bottom-most row into Wood orbs"},
{"title":"Limit Burst","description":"Deal 1000% damage ( 2 hits, 500% per hit )"}
]