[{"title":"Mode-Ground Armor","description":"Immunity against status effects such as delay, poison, defense reduction for 999 turns"},
{"title":"Justice Aura","description":"Increases cooldown of active skills by 4 turns"},
{"title":"Justice Booster","description":"Increases damage to 200% for the next 999 turns"},
{"title":"Justice Ultimate Storm","description":"Deal 800% damage ( 8 hits, 100% per hit )"},
{"title":"Justice Barrier","description":"50% damage reduction for 6 turns"},
{"title":"Justice Tornado","description":"Deal 100% damage and increases skyfall chance of Wood, Jammer & Poison orbs by 10% for 5 turns"},
{"title":"Justice Eye","description":"Dispel player buffs"},
{"title":"Justice Blade","description":"Deal 100% damage. Change 2nd row from the top into Wood orbs"},
{"title":"Justice Punch","description":"Player -99% current HP"},
{"title":"Justice Star Boomerang","description":"Deal 120% damage ( 3 hits, 40% per hit )"}
]