[{"title":"Why do you fight?","description":"Increases cooldown of active skills by 4-6 turns"},
{"title":"I won't go easy on you ","description":" Immunity against status effects such as delay, poison, defense reduction for 999 turns"},
{"title":"Iron DEF of Aegis","description":"Absorbs single hit damage over 4,000,000 for 99 turns"},
{"title":"AS-Complete Protection","description":"99% damage reduction for 2 turns"},
{"title":"Storm Punisher FPE","description":"Deal 1200% damage ( 6 hits, 200% per hit )"},
{"title":"LB-Siculus Strike","description":"Player -150% current HP"},
{"title":"Color Delete","description":"Hide the following orbs on the board for 3 turns, Row 1 Col 4, Row 2 Col 3-6, Row 3 Col 2-5, Row 4 Col 1-4, Row 5 Col 3. Moving the orb will not reveal it"},
{"title":"CFM-Pulse","description":"Deal 420% damage and binds 1 Random card for 3 turns. "},
{"title":"C-Shining Spear","description":"Deal 380% damage. Change 2nd column from the left into Wood orbs. Change 2nd column from the right into Light orbs"},
{"title":"EB & Self Convert","description":"Deal 380% damage and change own attribute to Wood, Light"},
{"title":"AS-Overhaul","description":"Recovers enemy 50% of maximum HP"},
{"title":"Starburst SSE","description":"Deal 10000% damage ( 10 hits, 1000% per hit )"}
]