[{"title":"超古代の英知","description":"70%ダメージ＋3ターンの間、覚醒無効"},
{"title":"ロストテクノロジー","description":"5ターンの間、操作時間を2秒減少"},
{"title":"キャトルミューティレーション","description":"200%ダメージ＋盤面を暗闇状態にする"},
{"title":"フルエレメント","description":"ランダムで自身の属性を変化"},
{"title":"トリリトンの重圧","description":"現HPの99%の割合ダメージ"},
{"title":"強奪の地上絵・モンキー","description":"80%ダメージ＋ランダムで1色をお邪魔ドロップに変換"},
{"title":"クリスタルファング","description":"120%ダメージ（連続攻撃）"},
{"title":"プレアデスの殲光","description":"140%ダメージ（連続攻撃）"},
{"title":"ギア・テンペスト","description":"300%ダメージ（連続攻撃）"}
]