[{"title":"三元の絡繰","description":"5ターンの間、光/闇属性の攻撃を吸収"},
{"title":"癒転翠の機操術","description":"90%ダメージ＋回復ドロップを木ドロップに変換"},
{"title":"エレメンタルフリップ","description":"自身の属性を木または水に変える"},
{"title":"紅転蒼の機操術","description":"110%ダメージ＋火ドロップを水ドロップに変換"},
{"title":"癒転翠の機操術","description":"90%ダメージ＋回復ドロップを木ドロップに変換"},
{"title":"蒼縫線の機操術","description":"100%ダメージ＋上から3段目を水ドロップに変換"},
{"title":"インパッシビティ","description":"1ターンの間、状態異常無効"},
{"title":"マリオネットオペレーション","description":"1ターンの間、ドロップ操作時間3秒減少"},
{"title":"翠縫蒼の機操術","description":"220%ダメージ＋上から1/3/5段目を木ドロップに、2/4段目を水ドロップに変換"}
]