[{"title":"モード＝ボーデンパンツァー","description":"999ターンの間、状態異常無効"},
{"title":"ジャスティスオーラ","description":"4ターンスキル遅延"},
{"title":"ジャスティスブースター","description":"999ターンの間、攻撃力2倍"},
{"title":"ジャスティスアルティメットストーム","description":"800%ダメージ(連続攻撃)"},
{"title":"ジャスティスバリア","description":"6ターンの間、受けるダメージを50％軽減"},
{"title":"ジャスティストルネード","description":"100%ダメージ+5ターンの間、木/お邪魔/毒が落ちてくる確率が10％上がる。"},
{"title":"ジャスティスアイ","description":"発動しているスキル効果を解除する"},
{"title":"ジャスティスブレード","description":"100%ダメージ+上から2段目を木に変換"},
{"title":"ジャスティスパンチ","description":"現HP99%の割合ダメージ"},
{"title":"ジャスティススターブーメラン","description":"120%ダメージ(連続攻撃)"}
]