[{"title":"エメラルドコーティング","description":"999ターンの間、状態異常無効"},
{"title":"ストームウォール","description":"4ターンの間、6コンボ以下吸収"},
{"title":"ウィンドチャージ","description":"150%ダメージ+上から1段目を木ドロップに変換"},
{"title":"ウィンドパルス","description":"150%ダメージ+回復ドロップを木ドロップに変換"},
{"title":"ウィンドパルス","description":"150%ダメージ+木ドロップを6個生成"},
{"title":"テンペストボール","description":"1200%ダメージ（連続攻撃）"}
]