[{"title":"フューリーホーン","description":"240%ダメージ(連続攻撃)"},
{"title":"ギアチャージ","description":"999ターンの間、攻撃力が2倍"},
{"title":"アブソープション","description":"スキル発動に必要なターンを1ターン延ばす"},
{"title":"クリーンナップ","description":"150%ダメージ+毒を木ドロップに変換"},
{"title":"エアロバーン","description":"130%ダメージ+上から1段目を火ドロップ/5段目を木ドロップに変換"},
{"title":"リミットバースト","description":"1000%ダメージ（連続攻撃）"}
]