[{"title":"古龍騎士の魂","description":"10ターンの間100以上のダメージを無効化"},
{"title":"岩の剣","description":"105%ダメージ(連続攻撃)"},
{"title":"力の解放","description":"999ターンの間、攻撃力が2倍"},
{"title":"心砕獄導","description":"70%ダメージ+回復ドロップをお邪魔ドロップに変換"},
{"title":"邪祓天葬","description":"300%ダメージ+お邪魔ドロップを木ドロップに変換"},
{"title":"光与無還","description":"30%ダメージ+お邪魔ドロップを回復ドロップに変換"}
]