[{"title":"グランドコア","description":"10ターンの間お邪魔ドロップが落ちる"},
    {"title":"アブソープション","description":"1ターンスキル遅延"},
    {"title":"ルートチェイン","description":"90%ダメージ＋ランダムで1体を3ターンの間バインド"},
    {"title":"スプラッシュヘルゲイル","description":"100%ダメージ＋左から3/4列目を木/水ドロップに変換"},
    {"title":"リミットバースト","description":"1000%ダメージ"},
    {"title":"メカニカルトキシン","description":"ランダムで猛毒ドロップを6個生成"}
]