[{"title":"ナゼ、戦ウノデスカ？","description":"4~6ターンスキル遅延"},
{"title":"手加減ハシマセンヨ","description":"999ターンの間、状態異常無効"},
{"title":"アイアンDEF of アイギス","description":"99ターンの間、400万ダメージ以上吸収"},
{"title":"AS-コンプリートプロテクション","description":"2ターンの間、受けるダメージを99%軽減"},
{"title":"ストームパニッシャーFPE","description":"1200%ダメージ(連続攻撃)"},
{"title":"LB-シケリアストライク","description":"現HP150%の割合ダメージ"},
{"title":"カラーデリート","description":"8個のドロップを3ターン超暗闇状態にする"},
{"title":"CFM-パルス","description":"420%ダメージ+ランダムで1体を3ターンの間バインド"},
{"title":"C-シャイニングスピア","description":"380%ダメージ+左から2列目を木、5列目を光に変換"},
{"title":"EB&セルフコンバート","description":"380%ダメージ+自身の属性を木または光に変化"},
{"title":"AS-オーバーホール","description":"敵のHPが50%回復"},
{"title":"スターバーストSSE","description":"10000%ダメージ(連続攻撃)"}
]