[{"title":"超古代の英知","description":"3回合內，覺醒技能無效化，並造成70%傷害"},
{"title":"ロストテクノロジー","description":"5回合內，寶珠移動時間減少2秒"},
{"title":"キャトルミューティレーション","description":"隱藏全畫面的寶珠，並造成200%傷害"},
{"title":"フルエレメント","description":"隨機轉換自身的屬性"},
{"title":"トリリトンの重圧","description":"造成玩家目前HP99%的傷害"},
{"title":"強奪の地上絵・モンキー","description":"隨機1種寶珠轉邪魔珠，並造成80%傷害"},
{"title":"クリスタルファング","description":"連擊2次，造成120%傷害"},
{"title":"プレアデスの殲光","description":"連擊7次，造成140%傷害"},
{"title":"ギア・テンペスト","description":"連擊3次，造成300%傷害"}
]