[{"title":"三元の絡繰","description":"5回合內，將受到的光、暗屬性傷害轉換成自己的生命值"},
{"title":"癒転翠の機操術","description":"心轉木，並造成90%傷害"},
{"title":"エレメンタルフリップ","description":"隨機轉換自身的屬性為木或水"},
{"title":"紅転蒼の機操術","description":"火轉水，並造成110%傷害"},
{"title":"癒転翠の機操術","description":"心轉木，並造成90%傷害"},
{"title":"蒼縫線の機操術","description":"上方起第3橫行轉水，並造成100%傷害"},
{"title":"インパッシビティ","description":"1回合內異常狀態（如毒、威嚇、破防）無效化"},
{"title":"マリオネットオペレーション","description":"1回合內，寶珠移動時間減少3秒"},
{"title":"翠縫蒼の機操術","description":"上方起第1,3,5橫行轉木、第2,4橫行轉水，並造成220%傷害"}
]