[{"title":"フューリーホーン","description":"連擊2次，造成240%傷害"},
{"title":"ギアチャージ","description":"999回合內攻擊力提升至200%"},
{"title":"アブソープション","description":"當前所有技能的冷卻時間增加 1 回合"},
{"title":"クリーンナップ","description":"毒轉木，並造成150%傷害"},
{"title":"エアロバーン","description":"上方起第1橫行轉火、第5橫行轉木，並造成130%傷害"},
{"title":"リミットバースト","description":"連擊2次，造成1000%傷害"}
]