[{"title":"エメラルドコーティング","description":"999回合內異常狀態（如毒、威嚇、破防）無效化"},
{"title":"ストームウォール","description":"4回合內，將 6COMBO 或以下時所造成的傷害全部吸收"},
{"title":"ウィンドチャージ","description":"上方起第1橫行轉木，並造成150%傷害"},
{"title":"ウィンドパルス","description":"心轉木，並造成150%傷害"},
{"title":"ウィンドパルス","description":"隨機生成木寶珠6粒，並造成150%傷害"},
{"title":"テンペストボール","description":"連擊4次，造成1200%傷害"}
]