[{"title":"モード＝ボーデンパンツァー","description":"999回合內異常狀態（如毒、威嚇、破防）無效化"},
{"title":"ジャスティスオーラ","description":"當前所有技能的冷卻時間增加 4 回合"},
{"title":"ジャスティスブースター","description":"999回合內攻擊力提升至200%"},
{"title":"ジャスティスアルティメットストーム","description":"連擊8次，造成800%傷害"},
{"title":"ジャスティスバリア","description":"6回合內，受到的所有傷害減少50%"},
{"title":"ジャスティストルネード","description":"5回合內，木邪魔毒珠的掉落機率提升10%，並造成100%傷害"},
{"title":"ジャスティスアイ","description":"消除玩家所有BUFF技能效果（如盾、攻擊增幅技能）"},
{"title":"ジャスティスブレード","description":"上方起第2橫行轉木，並造成100%傷害"},
{"title":"ジャスティスパンチ","description":"造成玩家目前HP99%的傷害"},
{"title":"ジャスティススターブーメラン","description":"連擊3次，造成120%傷害"}
]