[{"title":"グランドコア","description":"10回合內，邪魔珠的掉落機率提升15%"},
    {"title":"アブソープション","description":"當前所有技能的冷卻時間增加 1 回合"},
    {"title":"ルートチェイン","description":"封鎖隨機1隻寵物3回合，並造成90%傷害"},
    {"title":"スプラッシュヘルゲイル","description":"左方起第3,4直行轉水木珠  ，並造成100%傷害"},
    {"title":"リミットバースト","description":"連擊2次，造成1000%傷害"},
    {"title":"メカニカルトキシン","description":"隨機生成猛毒珠6粒"}
]