[
    {"title":"ドロップ変化・火","description":"水珠轉火珠"},
    {"title":"フレイムグラッジ","description":"封鎖水屬性寵物2~4回合"},
    {"title":"ドロップ変化・水","description":"木珠轉水珠"},
    {"title":"アイスグラッジ","description":"封鎖木屬性寵物2~4回合"},
    {"title":"ドロップ変化・木","description":"火珠轉木珠"},
    {"title":"グランドグラッジ","description":"封鎖火屬性寵物2~4回合"},
    {"title":"ドロップ変化・光","description":"暗珠轉光珠"},
    {"title":"ホーリーグラッジ","description":"封鎖暗屬性寵物2~4回合"},
    {"title":"ドロップ変化・闇","description":"光珠轉暗珠"},
    {"title":"ダークグラッジ","description":"封鎖光屬性寵物2~4回合"},
    {"title":"怒り","description":"3回合內攻擊力提升至130%"},
    {"title":"ウォーターバインド","description":"封鎖水寵物2~4回合"},
    {"title":"リーフバインド","description":"封鎖木寵物2~4回合"},
    {"title":"ファイアバインド","description":"封鎖火寵物2~4回合"},
    {"title":"ダークバインド","description":"封鎖暗寵物2~4回合"},
    {"title":"フラッシュバインド","description":"封鎖光寵物2~4回合"},
    {"title":"優しくしてくださいね♪","description":"5回合內，寶珠移動時間減少2秒"},
    {"title":"まだまだこれからです♪","description":"3回合內，寶珠移動時間減少3秒"},
    {"title":"ビューティフル・ワールド","description":"封鎖隨機2隻寵物1~2回合，並造成75%傷害"},
    {"title":"キューピッドアタック","description":"隨機將3粒邪魔珠以外的寶珠變成邪魔珠，並造成100%傷害"},
    {"title":"ハイテンプテーション","description":"封鎖所有隊員寵物2~3回合"},
    {"title":"ブリリアント・ワールド","description":"封鎖隨機5隻寵物1~2回合，並造成150%傷害"},
    {"title":"君のパズル力、見せてもらおう！","description":"5回合內，將 5COMBO 下時所造成的傷害全部吸收"},
    {"title":"紅蓮一閃","description":"上方起第3橫行轉火珠，並造成140%傷害"},
    {"title":"興醒めだな","description":"999回合內攻擊力提升至300%"},
    {"title":"獄天の焦熱","description":"暗珠轉火珠，並造成200%傷害"},
    {"title":"獄天の焦熱","description":"隨機1種寶珠轉火珠，並造成200%傷害"},
    {"title":"私から逃れられるかしら？","description":"5回合內，無法發動任何主動技能"},
    {"title":"ソウルバースト","description":"所有寶珠變為木心，並造成300%傷害"},
    {"title":"ソウルキュアー","description":"回復100%HP"},
    {"title":"霊樹の呪縛","description":"封鎖隨機自己隊長1~2回合，並造成75%傷害"},
    {"title":"茨の檻","description":"封鎖隨機3隻隊員寵物1~2回合，並造成50%傷害"},
    {"title":"ウィップラッシュ","description":"連擊3~4次，每次造成40%傷害"},
    {"title":"我を打ち破って見せよ","description":"4回合內異常狀態（如毒、威嚇、破防）無效化"},
    {"title":"ヘブンズシュトローム","description":"上方第1橫行轉毒珠、下方第1橫行轉心珠 ，並造成25%傷害"},
    {"title":"ヘブンズシュトローム","description":"左方第1直行轉毒珠、右方第1直行轉心珠 ，並造成50%傷害"},
    {"title":"ヘブンズシュトローム","description":"上方第1橫行轉心珠、下方第1橫行轉毒珠 ，並造成75%傷害"},
    {"title":"ヘブンズシュトローム","description":"左方第1直行轉心珠、右方第1直行轉毒珠 ，並造成100%傷害"},
    {"title":"ヘブンズシュトローム","description":"上方第1橫行轉毒珠、下方第1橫行轉毒珠 ，並造成200%傷害"},
    {"title":"･････････。","description":"造成玩家目前HP99%的傷害"},
    {"title":"デスサイズ","description":"上方起第3橫行轉暗珠，並造成1000%傷害"},
    {"title":"ダークマター","description":"99回合內，將 6COMBO 或以下時所造成的傷害全部吸收"},
    {"title":"神の洗礼","description":"重擊，造成100%傷害"},
    {"title":"神の悪戯","description":"隨機2種寶珠轉邪魔珠"},
    {"title":"往復ビンタ","description":"連擊3次，造成120%傷害"},
    {"title":"魔力を溜めている","description":"1回合內，覺醒技能無效化"},
    {"title":"グラビトンボム","description":"重擊，造成600%傷害"}
    ]