[
    {"title":"ドロップ変化・火","description":"水ドロップを火ドロップに変換"},
    {"title":"フレイムグラッジ","description":"水属性を2~4ターンの間バインド"},
    {"title":"ドロップ変化・水","description":"木ドロップを水ドロップに変換"},
    {"title":"アイスグラッジ","description":"木属性を2~4ターンの間バインド"},
    {"title":"ドロップ変化・木","description":"火ドロップを木ドロップに変換"},
    {"title":"グランドグラッジ","description":"火属性を2~4ターンの間バインド"},
    {"title":"ドロップ変化・光","description":"闇ドロップを光ドロップに変換"},
    {"title":"ホーリーグラッジ","description":"闇属性を2~4ターンの間バインド"},
    {"title":"ドロップ変化・闇","description":"光ドロップを闇ドロップに変換"},
    {"title":"ダークグラッジ","description":"光属性を2~4ターンの間バインド"},
    {"title":"怒り","description":"3ターンの間、攻撃力が1.3倍"},
    {"title":"ウォーターバインド","description":"水属性を2~4ターンの間バインド"},
    {"title":"リーフバインド","description":"木属性を2~4ターンの間バインド"},
    {"title":"ファイアバインド","description":"火属性を2~4ターンの間バインド"},
    {"title":"ダークバインド","description":"闇属性を2~4ターンの間バインド"},
    {"title":"フラッシュバインド","description":"光属性を2~4ターンの間バインド"},
    {"title":"優しくしてくださいね♪","description":"5ターンの間、操作時間を2秒減少"},
    {"title":"まだまだこれからです♪","description":"3ターンの間、操作時間を3秒減少"},
    {"title":"ビューティフル・ワールド","description":"5,735ダメージ+ランダムで2体を1~2ターンの間バインド"},
    {"title":"キューピッドアタック","description":"7,646ダメージ+ドロップ3個をお邪魔ドロップに変換"},
    {"title":"ハイテンプテーション","description":"サブモンスター全員を2~3ターンの間バインド"},
    {"title":"ブリリアント・ワールド","description":"11,469ダメージ+ランダムで5体を1~2ターンの間バインド"},
    {"title":"君のパズル力、見せてもらおう！","description":"5ターンの間、5コンボ以下の攻撃を吸収"},
    {"title":"紅蓮一閃","description":"7,871ダメージ+上から3段目を火ドロップに変換"},
    {"title":"興醒めだな","description":"999ターンの間、攻撃力が3倍"},
    {"title":"獄天の焦熱","description":"33,732ダメージ+闇ドロップを火ドロップに変換"},
    {"title":"獄天の焦熱","description":"33,732ダメージ+ランダムで1色を火ドロップに変換"},
    {"title":"私から逃れられるかしら？","description":"5ターンの間スキル封印"},
    {"title":"ソウルバースト","description":"24,366ダメージ+全ドロップを木/回復ドロップに変換"},
    {"title":"ソウルキュアー","description":"敵のHPが100%回復"},
    {"title":"霊樹の呪縛","description":"6,092ダメージ+リーダーを1~2ターンの間バインド"},
    {"title":"茨の檻","description":"4,061ダメージ+ランダムでサブ3体を1~2ターンの間バインド"},
    {"title":"ウィップラッシュ","description":"9,746~12,996ダメージ"},
    {"title":"我を打ち破って見せよ","description":"4ターンの間、状態異常無効"},
    {"title":"ヘブンズシュトローム","description":"2,447ダメージ+上から1段目を毒ドロップ、5段目を回復ドロップに変換"},
    {"title":"ヘブンズシュトローム","description":"4,895ダメージ+左から1列目を毒ドロップ、6列目を回復ドロップに変換"},
    {"title":"ヘブンズシュトローム","description":"7,342ダメージ+上から1段目を回復ドロップ、5段目を毒ドロップに変換"},
    {"title":"ヘブンズシュトローム","description":"9,789ダメージ+左から1列目を回復ドロップ、6列目を毒ドロップに変換"},
    {"title":"ヘブンズシュトローム","description":"19,578ダメージ+上から1/5段目を毒ドロップに変換"},
    {"title":"･････････。","description":"現HP99%の割合ダメージ"},
    {"title":"デスサイズ","description":"355,550ダメージ+上から3段目を闇ドロップに変換"},
    {"title":"ダークマター","description":"99ターンの間、6コンボ以下の攻撃を吸収"},
    {"title":"神の洗礼","description":"45,246ダメージ"},
    {"title":"神の悪戯","description":"ランダムで2色をお邪魔ドロップに変換"},
    {"title":"往復ビンタ","description":"54,296ダメージ(連続攻撃)"},
    {"title":"魔力を溜めている","description":"1ターンの間、覚醒スキル無効"},
    {"title":"グラビトンボム","description":"271,476ダメージ"}
    ]