[{"title":"0","description":"0"},{"title":"エナジーフォール","description":"當前所有技能的冷卻時間增加 1 回合"}
,{"title":"レイガトリング","description":"連擊3次，造成60%傷害"}
,{"title":"デッドスラッシュ","description":"重擊，造成60%傷害"}
,{"title":"スリープモード","description":"當前所有技能的冷卻時間增加 1 回合"}
,{"title":"起動した","description":"999回合內攻擊力提升至200%"}
,{"title":"フレイムパルス","description":"隨機將3粒火珠以外的寶珠變成火珠，並造成280%傷害"}
,{"title":"アクアパルス","description":"隨機將3粒水珠以外的寶珠變成水珠，並造成280%傷害"}
,{"title":"ウィンドパルス","description":"隨機將3粒木珠以外的寶珠變成木珠，並造成280%傷害"}
,{"title":"ショックパルス","description":"封鎖隨機1隻寵物2回合，並造成200%傷害"}
,{"title":"ポイズンパルス","description":"隨機將3粒毒珠以外的寶珠變成毒珠，並造成140%傷害"}
,{"title":"フレイムブレード","description":"連擊2次，造成100%傷害"}
,{"title":"レッドヒート","description":"隨機1種寶珠轉火珠，並造成80%傷害"}
,{"title":"チェイスモード","description":"5回合內攻擊力提升至200%"}
,{"title":"オーバーヒート","description":"隨機1種寶珠轉火珠，並造成160%傷害"}
,{"title":"ハイドロレーザー","description":"隨機1種寶珠轉水珠，並造成80%傷害"}
,{"title":"アクアランス","description":"連擊4次，造成100%傷害"}
,{"title":"ハイドロバースト","description":"隨機1種寶珠轉水珠，並造成160%傷害"}
,{"title":"エアスラッシュ","description":"隨機1種寶珠轉木珠，並造成80%傷害"}
,{"title":"ウィンドエッジ","description":"連擊5次，造成100%傷害"}
,{"title":"エアロストリーム","description":"隨機1種寶珠轉木珠，並造成160%傷害"}
,{"title":"ボルトアックス","description":"重擊，造成110%傷害"}
,{"title":"放電","description":"隨機1種寶珠轉光珠，並造成80%傷害"}
,{"title":"サンダーウェポン","description":"隨機1種寶珠轉光珠，並造成160%傷害"}
,{"title":"クアッドサイズ","description":"連擊4次，造成100%傷害"}
,{"title":"フィアーアタック","description":"隨機1種寶珠轉闇珠，並造成80%傷害"}
,{"title":"シャドウミスト","description":"隨機1種寶珠轉闇珠，並造成160%傷害"}
,{"title":"ハイドロチャージャー","description":"10回合內，將單一傷害值在 1000000 點以上的傷害吸收"}
,{"title":"ウルトラソニック","description":"將隨機15粒寶珠鎖定，並造成100%傷害"}
,{"title":"ハイドロサイクロンビーム","description":"上方起第1,2,3,4,5橫行轉水邪魔毒珠，並造成360%傷害"}
,{"title":"水龍式徹甲弾","description":"當前所有技能的冷卻時間增加 2~5 回合"}
,{"title":"フルアヘッド","description":"造成玩家目前HP70%的傷害"}
,{"title":"スタビライザー","description":"1回合內，受到的所有傷害減少50%"}
,{"title":"百十四式魚雷","description":"連擊2次，造成140%傷害"}
,{"title":"シャークビットの攻撃","description":"連擊2次，造成60%傷害"}
,{"title":"防衛システム起動","description":"3回合內，無法發動任何主動技能"}
,{"title":"排除スル","description":"甚麼都不做"}
,{"title":"ロケットパンチ","description":"重擊，造成100%傷害"}
,{"title":"ロケットパンチ","description":"重擊，造成110%傷害"}
,{"title":"突進スル","description":"甚麼都不做"}
,{"title":"バーンタックル","description":"重擊，造成600%傷害"}
,{"title":"防衛システム起動","description":"10回合內，水珠的掉落機率提升15%"}
,{"title":"敵影ヲ補足","description":"甚麼都不做"}
,{"title":"牽制射撃","description":"重擊，造成100%傷害"}
,{"title":"敵ノ行動ヲ制限","description":"封鎖隨機1隻隊員寵物2~3回合"}
,{"title":"ロックオン","description":"甚麼都不做"}
,{"title":"ヘイルストームシュート","description":"連擊5次，造成500%傷害"}
,{"title":"防衛システム起動","description":"999回合內異常狀態（如毒、威嚇、破防）無效化"}
,{"title":"敵ノ妨害ヲ始メル","description":"甚麼都不做"}
,{"title":"レッドレイン","description":"5回合內，邪魔珠的掉落機率提升20%"}
,{"title":"ジャミングロック","description":"將邪魔珠鎖定"}
,{"title":"ブースト展開","description":"甚麼都不做"}
,{"title":"ダブルハンマーサイクロン","description":"連擊4次，造成400%傷害"}
,{"title":"ハイドロコア","description":"5回合內，將受到的水屬性傷害轉換成自己的生命值"}
,{"title":"フォローリペア","description":"復活自己的同伴，並回復該同伴45%的HP"}
,{"title":"アブソープション","description":"當前所有技能的冷卻時間增加 1 回合"}
,{"title":"超水波動","description":"隨機將4粒以外的寶珠變成水珠，並造成120%傷害"}
,{"title":"アクアガン","description":"左方起第3直行水珠，並造成120%傷害"}
,{"title":"ブルーチャージャー","description":"水珠轉邪魔，並造成80%傷害"}
,{"title":"リミットバースト","description":"連擊2次，造成1000%傷害"}
,{"title":"フラッシュバリア","description":"999回合內異常狀態（如毒、威嚇、破防）無效化"}
,{"title":"ライトビーム","description":"隱藏全畫面的寶珠，並造成100%傷害"}
,{"title":"ホーリーバインド","description":"封鎖隨機1隻寵物4回合，並造成100%傷害"}
,{"title":"エナジーボール","description":"光珠轉邪魔珠，並造成120%傷害"}
,{"title":"ゴッドドラゴンズフィールド","description":"999回合內異常狀態（如毒、威嚇、破防）無效化"}
,{"title":"スーパーハダルミサイル","description":"隨機1種寶珠轉邪魔珠，並造成125%傷害"}
,{"title":"ライトニングレグルスクロー","description":"連擊5次，造成175%傷害"}
,{"title":"カノープストルネードカッター","description":"封鎖隨機1隻隊員寵物2~3回合，並造成100%傷害"}
,{"title":"ベテルギウスボム","description":"隨機1種寶珠轉火珠，並造成150%傷害"}
,{"title":"アルデバランクラッシャー","description":"造成玩家目前HP99%的傷害"}
,{"title":"ゴッドモード起動！！","description":"999回合內攻擊力提升至200%"}
,{"title":"ファイナルゴッドカノン","description":"重擊，造成200%傷害"}
,{"title":"バリアフィールド","description":"999回合內異常狀態（如毒、威嚇、破防）無效化"}
,{"title":"ジェノサイドミサイル・零式","description":"隨機6粒寶珠轉毒珠，並造成100%傷害"}
,{"title":"皇爪連牙・改","description":"連擊6~7次，每次造成25%傷害"}
,{"title":"ダークサイクロンブラスト","description":"隱藏全畫面的寶珠，並造成125%傷害"}
,{"title":"ハイメギドキャノン","description":"連擊2次，造成200%傷害"}
,{"title":"フリーズクラッシャー","description":"封鎖所有隊員寵物2回合，並造成75%傷害"}
,{"title":"リミッター解除","description":"甚麼都不做"}
,{"title":"アルティメット・ストリーム","description":"連擊3次，造成900%傷害"}
,{"title":"イービルコア","description":"15回合內，邪魔珠的掉落機率提升10%"}
,{"title":"マインドイート","description":"7回合內，寶珠移動時間減少3秒"}
,{"title":"エンヴィポイズン","description":"隨機將5粒毒珠以外的寶珠變成毒珠"}
,{"title":"デモンズフレア","description":"隱藏全畫面的寶珠，並造成140%傷害"}
,{"title":"フューリーホーン","description":"連擊2次，造成240%傷害"}
,{"title":"ギアチャージ","description":"999回合內攻擊力提升至200%"}
,{"title":"クリーンナップ","description":"毒珠轉木珠，並造成150%傷害"}
,{"title":"エアロバーン","description":"上方起第1橫行轉火珠、第5橫行轉木珠，並造成130%傷害"}
,{"title":"インヴィンシブルボディ","description":"5回合內，受到的所有傷害減少50%"}
,{"title":"イグニスソウ","description":"隨機1種寶珠轉火珠，並造成150%傷害"}
,{"title":"デストロイアーム","description":"封鎖隨機2隻隊員寵物5回合，並造成180%傷害"}
,{"title":"デスペリアレイ","description":"左方起第3直行轉毒珠、第4直行轉毒珠，並造成500%傷害"}
,{"title":"シンギュラリティ","description":"2回合內，將受到的光、暗屬性傷害轉換成自己的生命值"}
,{"title":"マシナリーボディ","description":"999回合內異常狀態（如毒、威嚇、破防）無效化"}
,{"title":"ダークレールガン","description":"造成玩家目前HP1000%的傷害"}
,{"title":"ブラックウェポン","description":"當前所有技能的冷卻時間增加 3 回合，並造成130%傷害"}
,{"title":"ブラックウェポン","description":"隨機將3粒以外的寶珠變成猛毒珠，並造成130%傷害"}
,{"title":"ブラックウェポン","description":"將隨機8粒寶珠鎖定，並造成130%傷害"}
,{"title":"エレメンタルアブソーバー","description":"2回合內，將受到的火屬性傷害轉換成自己的生命值"}
,{"title":"フレアコンバート","description":"隨機1種寶珠轉火珠，並造成130%傷害"}
,{"title":"エレメンタルアブソーバー","description":"2回合內，將受到的水屬性傷害轉換成自己的生命值"}
,{"title":"アクアコンバート","description":"隨機1種寶珠轉水珠，並造成130%傷害"}
,{"title":"エレメンタルアブソーバー","description":"2回合內，將受到的木屬性傷害轉換成自己的生命值"}
,{"title":"アースコンバート","description":"隨機1種寶珠轉木珠，並造成130%傷害"}
,{"title":"エレメンタルアブソーバー","description":"2回合內，將受到的光屬性傷害轉換成自己的生命值"}
,{"title":"ライトコンバート","description":"隨機1種寶珠轉光珠，並造成130%傷害"}
,{"title":"エレメンタルアブソーバー","description":"2回合內，將受到的暗屬性傷害轉換成自己的生命值"}
,{"title":"ダークコンバート","description":"隨機1種寶珠轉暗珠，並造成130%傷害"}
,{"title":"ハーフリペア","description":"回復50%HP"}
,{"title":"ルストジェネレート","description":"隨機將12粒以外的寶珠變成邪魔珠"}
,{"title":"リミットシグナル","description":"2回合內，覺醒技能無效化"}
,{"title":"ナムシグナル","description":"封鎖隨機4隻寵物3回合"}
,{"title":"パワースティール","description":"1回合內攻擊力提升至200%"}
,{"title":"ミリアドソードウィング","description":"連擊5~8次，每次造成30%傷害"}]