[{"title":"0","description":"0"},{"title":"Energy Fall","description":" Increases cooldown of active skills by 1 turn"}
,{"title":"Ray Gatling","description":"Deal 60% damage ( 3 hits, 20% per hit )"}
,{"title":"Dead Slash","description":"Deal 60% damage"}
,{"title":"Sleep Mode","description":"Increases cooldown of active skills by 1 turn"}
,{"title":"Activated","description":"Increases damage to 200% for the next 999 turns"}
,{"title":"Flame Pulse","description":"Deal 280% damage. Randomly spawn 3 Fire orbs from non Fire orbs"}
,{"title":"Aqua Pulse","description":"Deal 280% damage. Randomly spawn 3 Water orbs from non Water orbs"}
,{"title":"Wind Pulse","description":"Deal 280% damage. Randomly spawn 3 Wood orbs from non Wood orbs"}
,{"title":"Shock Pulse","description":"Deal 200% damage and binds 1 Random card for 2 turns. This will also disable leader skill and awoken skills"}
,{"title":"Poison Pulse","description":"Deal 140% damage. Randomly spawn 3 Poison orbs from non Poison orbs"}
,{"title":"Flame Blade","description":"Deal 100% damage ( 2 hits, 50% per hit )"}
,{"title":"Red Heat","description":"Deal 80% damage and converts 1 Random orb into Fire orbs"}
,{"title":"Chase Mode","description":"Increases damage to 200% for the next 5 turns"}
,{"title":"Overheat","description":"Deal 160% damage and converts 1 Random orb into Fire orbs"}
,{"title":"Hydro Laser","description":"Deal 80% damage and converts 1 Random orb into Water orbs"}
,{"title":"Aqua Lance","description":"Deal 100% damage ( 4 hits, 25% per hit )"}
,{"title":"Hydro Burst","description":"Deal 160% damage and converts 1 Random orb into Water orbs"}
,{"title":"Air Slash","description":"Deal 80% damage and converts 1 Random orb into Wood orbs"}
,{"title":"Wind Edge","description":"Deal 100% damage ( 5 hits, 20% per hit )"}
,{"title":"Aero Stream","description":"Deal 160% damage and converts 1 Random orb into Wood orbs"}
,{"title":"Volt Axe","description":"Deal 110% damage"}
,{"title":"Discharge","description":"Deal 80% damage and converts 1 Random orb into Light orbs"}
,{"title":"Thunder Weapon","description":"Deal 160% damage and converts 1 Random orb into Light orbs"}
,{"title":"Quad Size","description":"Deal 100% damage ( 4 hits, 25% per hit )"}
,{"title":"Fear Attack","description":"Deal 80% damage and converts 1 Random orb into Dark orbs"}
,{"title":"Shadow Mist","description":"Deal 160% damage and converts 1 Random orb into Dark orbs"}
,{"title":"Hydro Charger","description":"Absorbs single hit damage over 1,000,000 for 10 turns"}
,{"title":"Ultra Sonic","description":"Randomly change 15 Fire, Water, Wood, Light, Dark, Heart & Jammer orbs into locked orbs"}
,{"title":"Hydro Cyclone Beam","description":"Deal 360% damage. Change 1, 2, 3, 4 & 5 rows from the top into Water, Jammer & Poison orbs"}
,{"title":"Water Dragon Armor Piercing Bullet","description":"Increases cooldown of active skills by 2-5 turns"}
,{"title":"Full Ahead ","description":"Player -70% current HP"}
,{"title":"Stabilizer","description":"50% damage reduction for 1 turn"}
,{"title":"114 Type Torpedo","description":"Deal 140% damage ( 2 hits, 70% per hit )"}
,{"title":"Shark Bit Attack","description":"Deal 60% damage ( 2 hits, 30% per hit )"}
,{"title":"Defense System Activated","description":"Disable active skills for 3 turns"}
,{"title":"Elimination","description":"Skip turn"}
,{"title":"Rocket Punch","description":"Deal 100% damage"}
,{"title":"Rocket Punch","description":"Deal 110% damage"}
,{"title":"Charge","description":"Skip turn"}
,{"title":"Burn Tackle","description":"Deal 600% damage"}
,{"title":"Defense System Activated","description":"Increases skyfall chance of Water orbs by 15% for 10 turns"}
,{"title":"Target Acquired","description":"Skip turn"}
,{"title":"Diversionary Attack","description":"Deal 100% damage"}
,{"title":"Restrict the enemy's actions","description":"Binds 1 Random sub for 2-3 turns. This will also disable awoken skills"}
,{"title":"Lock On","description":"Skip turn"}
,{"title":"Hailstorm Shot","description":"Deal 500% damage ( 5 hits, 100% per hit )"}
,{"title":"Defense System Activated","description":"Immunity against status effects such as delay, poison, defense reduction for 999 turns"}
,{"title":"Obstructing the Enemy","description":"Skip turn"}
,{"title":"Red Rain","description":"Increases skyfall chance of Jammer orbs by 20% for 5 turns"}
,{"title":"Jamming Lock","description":"Change Jammer orbs into locked orbs"}
,{"title":"Boost Deployment","description":"Skip turn"}
,{"title":"Double Hammer Cyclone","description":"Deal 400% damage ( 4 hits, 100% per hit )"}
,{"title":"Hydro Core","description":"Absorbs 100% Water damage for 5 turns"}
,{"title":"Follow Repair","description":"Revives an enemy and recovers 45% of maximum HP"}
,{"title":"Absorption","description":"Increases cooldown of active skills by 1 turn"}
,{"title":"Super Water Surge","description":"Deal 120% damage. Randomly spawn 4 Water orbs from non Water orbs"}
,{"title":"Aqua Gun","description":"Deal 120% damage. Change 3rd column from the left into Water orbs"}
,{"title":"Blue Charger","description":"Deal 80% damage and converts all Water orbs into Jammer orbs"}
,{"title":"Limit Burst","description":"Deal 1000% damage ( 2 hits, 500% per hit )"}
,{"title":"Flash Barrier","description":"Immunity against status effects such as delay, poison, defense reduction for 999 turns"}
,{"title":"Light Beam","description":"Deal 100% damage and hide all orbs on the board. Moving the orb will reveal it"}
,{"title":"Holy Bind","description":"Deal 100% damage and binds 1 Random card for 4 turns. This will also disable leader skill and awoken skills"}
,{"title":"Energy Ball","description":"Deal 120% damage and converts all Light orbs into Jammer orbs"}
,{"title":"God Dragons' Field","description":"Immunity against status effects such as delay, poison, defense reduction for 999 turns"}
,{"title":"Super Hadar Missile","description":"Deal 125% damage and converts 1 Random orb into Jammer orbs"}
,{"title":"Lightning Regulus Claw","description":"Deal 175% damage ( 5 hits, 35% per hit )"}
,{"title":"Canopus Tornado Cutter","description":"Deal 100% damage and binds 1 Random sub for 2-3 turns. This will also disable awoken skills"}
,{"title":"Betelgeuse Bomb","description":"Deal 150% damage and converts 1 Random orb into Fire orbs"}
,{"title":"Aldebaran Crusher","description":"Player -99% current HP"}
,{"title":"God Mode Activated!!","description":"Increases damage to 200% for the next 999 turns"}
,{"title":"Final God Cannon","description":"Deal 200% damage"}
,{"title":"Barrier Field","description":"Immunity against status effects such as delay, poison, defense reduction for 999 turns"}
,{"title":"Genocide Missile Type 0","description":"Deal 100% damage and converts 6 Random orbs into Poison orbs"}
,{"title":"Improved Endless Noble Claws","description":"Deal 150%-175% damage ( 6-7 hits, 25% per hit )"}
,{"title":"Dark Cyclone Blast","description":"Deal 125% damage and hide all orbs on the board. Moving the orb will reveal it"}
,{"title":"High Megiddo Cannon","description":"Deal 200% damage ( 2 hits, 100% per hit )"}
,{"title":"Freezing Crusher","description":"Deal 75% damage and binds 4 Random subs for 2 turns. This will also disable awoken skills"}
,{"title":"リミッター解除","description":"Skip turn"}
,{"title":"Ultimate Stream","description":"Deal 900% damage ( 3 hits, 300% per hit )"}
,{"title":"Evil Core","description":"Increases skyfall chance of Jammer orbs by 10% for 15 turns"}
,{"title":"Mind Eater","description":"Reduces orb movement timer by 3 secs for 7 turns"}
,{"title":"Envy Poison","description":"Randomly spawn 5 Poison orbs from non Poison orbs"}
,{"title":"Demon's Flare","description":"Deal 140% damage and hide all orbs on the board. Moving the orb will reveal it"}
,{"title":"Fury Horn","description":"Deal 240% damage ( 2 hits, 120% per hit )"}
,{"title":"Gear Charge","description":"Increases damage to 200% for the next 999 turns"}
,{"title":"Clean Nap","description":"Deal 150% damage and converts all Poison orbs into Wood orbs"}
,{"title":"Aero Burn","description":"Deal 130% damage. Change top-most row into Fire orbs. Change bottom-most row into Wood orbs"}
,{"title":"Invincible Body","description":"50% damage reduction for 5 turns"}
,{"title":"Ignis Saw","description":"Deal 150% damage and converts 1 Random orb into Fire orbs"}
,{"title":"Destroy Arm","description":"Binds 2 Random subs for 5 turns. This will also disable awoken skills"}
,{"title":"Desperia Ray","description":"Deal 500% damage. Change 3rd column from the left into Mortal Poison orbs. Change 3rd column from the right into Poison orbs"}
,{"title":"Singularity","description":"Absorbs 100% Light & Dark damage for 2 turns"}
,{"title":"Machinery Body","description":"Immunity against status effects such as delay, poison, defense reduction for 999 turns"}
,{"title":"Dark Railgun","description":"Player -1000% current HP"}
,{"title":"Black Weapon","description":"Deal 130% damage and increases cooldown of active skills by 3 turns"}
,{"title":"Black Weapon","description":"Deal 130% damage. Randomly spawn 3 Mortal Poison orbs from non Mortal Poison orbs"}
,{"title":"Black Weapon","description":"Randomly change 8 Fire, Water, Wood, Light, Dark, Heart & Jammer orbs into locked orbs"}
,{"title":"Elemental Absorber","description":"Absorbs 100% Fire damage for 2 turns"}
,{"title":"Flare Combat","description":"Deal 130% damage and converts 1 Random orb into Fire orbs"}
,{"title":"Elemental Absorber","description":"Absorbs 100% Water damage for 2 turns"}
,{"title":"Aqua Combat","description":"Deal 130% damage and converts 1 Random orb into Water orbs"}
,{"title":"Elemental Absorber","description":"Absorbs 100% Wood damage for 2 turns"}
,{"title":"Earth Combat","description":"Deal 130% damage and converts 1 Random orb into Wood orbs"}
,{"title":"Elemental Absorber","description":"Absorbs 100% Light damage for 2 turns"}
,{"title":"Light Combat","description":"Deal 130% damage and converts 1 Random orb into Light orbs"}
,{"title":"Elemental Absorber","description":"Absorbs 100% Dark damage for 2 turns"}
,{"title":"Dark Combat","description":"Deal 130% damage and converts 1 Random orb into Dark orbs"}
,{"title":"Half Repair","description":"Recovers enemy 50% of maximum HP"}
,{"title":"Rust Generate","description":"Randomly spawn 12 Jammer orbs from non Jammer orbs"}
,{"title":"Limit Signal","description":"Disable awoken skills for 2 turns"}
,{"title":"Namu Signal","description":"Binds 4 Random cards for 3 turns. This will also disable leader skills and awoken skills"}
,{"title":"Power Steel","description":"Increases damage to 200% for the next 1 turn"}
,{"title":"Myriad Swords Wings","description":"Deal 150%-240% damage ( 5-8 hits, 30% per hit )"}]