[{"title":"0","description":"0"},{"title":"エナジーフォール","description":"スキル発動に必要なターンを1ターン延ばす"}
,{"title":"レイガトリング","description":"56,502ダメージ"}
,{"title":"デッドスラッシュ","description":"59,033ダメージ"}
,{"title":"スリープモード","description":"スキル発動に必要なターンを1ターン延ばす"}
,{"title":"起動した","description":"999ターンの間、攻撃力が2倍"}
,{"title":"フレイムパルス","description":"2倍時:22,428ダメージ+ランダムで火ドロップを3個生成"}
,{"title":"アクアパルス","description":"2倍時:22,428ダメージ+ランダムで3個を水ドロップに変換"}
,{"title":"ウィンドパルス","description":"2倍時:24,428ダメージ+ランダムで3個を木ドロップに変換"}
,{"title":"ショックパルス","description":"2倍時:17,448ダメージ+ランダムで1体を2ターンの間バインド"}
,{"title":"ポイズンパルス","description":"2倍時:12,214ダメージ+ランダムで3個を毒ドロップに変換"}
,{"title":"フレイムブレード","description":"51,162（2倍時:102,324）ダメージ（連続攻撃）"}
,{"title":"レッドヒート","description":"40,930（2倍時:81,860）ダメージ+ランダムで1色を火ドロップに変換"}
,{"title":"チェイスモード","description":"5ターンの間、攻撃力が2倍"}
,{"title":"オーバーヒート","description":"81,859(2倍時:163,718)ダメージ+ランダムで1色を火ドロップに変換"}
,{"title":"ハイドロレーザー","description":"39,130（2倍時:78,260）ダメージ+ランダムで1色を水ドロップに変換"}
,{"title":"アクアランス","description":"48,912（2倍時:97,824）ダメージ（連続攻撃）"}
,{"title":"ハイドロバースト","description":"78,261(2倍時:156,522)ダメージ+ランダムで1色を水ドロップに変換"}
,{"title":"エアスラッシュ","description":"40,255（2倍時:80,510）ダメージ+ランダムで1色を木ドロップに変換"}
,{"title":"ウィンドエッジ","description":"50,320（2倍時:100,640）ダメージ（連続攻撃）"}
,{"title":"エアロストリーム","description":"80,510(2倍時:161,020)ダメージ+ランダムで1色を木ドロップに変換"}
,{"title":"ボルトアックス","description":"53,804（2倍時:107,608）ダメージ"}
,{"title":"放電","description":"39,130（2倍時:78,260）ダメージ+ランダムで1色を光ドロップに変換"}
,{"title":"サンダーウェポン","description":"78,261(2倍時:156,522)ダメージ+ランダムで1色を光ドロップに変換"}
,{"title":"クアッドサイズ","description":"48,912（2倍時:97,824）ダメージ（連続攻撃）"}
,{"title":"フィアーアタック","description":"39,130（2倍時:78,260）ダメージ+ランダムで1色を闇ドロップに変換"}
,{"title":"シャドウミスト","description":"78,261(2倍時:156,522)ダメージ+ランダムで1色を闇ドロップに変換"}
,{"title":"ハイドロチャージャー","description":"10ターンの間、単体100万以上のダメージを吸収"}
,{"title":"ウルトラソニック","description":"20,187ダメージ+火/水/木/光/闇/回復/お邪魔ドロップを15個ロック"}
,{"title":"ハイドロサイクロンビーム","description":"72,673ダメージ+盤面全てを水/お邪魔/毒ドロップに変換"}
,{"title":"水龍式徹甲弾","description":"スキル発動に必要なターンを2～5ターン延ばす"}
,{"title":"フルアヘッド","description":"現HP70%の割合ダメージ"}
,{"title":"スタビライザー","description":"1ターンの間、ダメージを50%軽減"}
,{"title":"百十四式魚雷","description":"28,262ダメージ(連続攻撃)"}
,{"title":"シャークビットの攻撃","description":"12,112ダメージ(連続攻撃)"}
,{"title":"防衛システム起動","description":"3ターンの間スキル封印"}
,{"title":"排除スル","description":"何もしない"}
,{"title":"ロケットパンチ","description":"64,924ダメージ"}
,{"title":"ロケットパンチ","description":"71,416ダメージ"}
,{"title":"突進スル","description":"何もしない"}
,{"title":"バーンタックル","description":"389,544ダメージ（連続攻撃）"}
,{"title":"防衛システム起動","description":"10ターンの間、水ドロップが落ちやすくなる"}
,{"title":"敵影ヲ補足","description":"何もしない"}
,{"title":"牽制射撃","description":"57,316ダメージ"}
,{"title":"敵ノ行動ヲ制限","description":"ランダムで1体を2〜3ターンの間バインド"}
,{"title":"ロックオン","description":"何もしない"}
,{"title":"ヘイルストームシュート","description":"286,580ダメージ（連続攻撃）"}
,{"title":"防衛システム起動","description":"999ターンの間、状態異常無効"}
,{"title":"敵ノ妨害ヲ始メル","description":"何もしない"}
,{"title":"レッドレイン","description":"5ターンの間、お邪魔ドロップが落ちやすくなる"}
,{"title":"ジャミングロック","description":"お邪魔ドロップをロックする"}
,{"title":"ブースト展開","description":"何もしない"}
,{"title":"ダブルハンマーサイクロン","description":"119,708ダメージ（連続攻撃）"}
,{"title":"ハイドロコア","description":"5ターンの間、水属性の攻撃を吸収"}
,{"title":"フォローリペア","description":"アクルックスをHP45%の状態で復活"}
,{"title":"アブソープション","description":"スキル発動に必要なターンを1ターン延ばす"}
,{"title":"超水波動","description":"21,714ダメージ+ランダムで水ドロップを4個生成"}
,{"title":"アクアガン","description":"21,714ダメージ+左から3列目を水ドロップに変換"}
,{"title":"ブルーチャージャー","description":"14,476ダメージ+水ドロップをお邪魔ドロップに変換"}
,{"title":"リミットバースト","description":"1000%ダメージ（連続攻撃）"}
,{"title":"フラッシュバリア","description":"999ターンの間、状態異常無効"}
,{"title":"ライトビーム","description":"16,286ダメージ+盤面を暗闇状態にする"}
,{"title":"ホーリーバインド","description":"16,286ダメージ+ランダムで1体を4ターンの間バインド"}
,{"title":"エナジーボール","description":"19,543ダメージ+光ドロップをお邪魔ドロップに変換"}
,{"title":"ゴッドドラゴンズフィールド","description":"999ターンの間、状態異常無効"}
,{"title":"スーパーハダルミサイル","description":"26,399ダメージ+ランダムで1色をお邪魔ドロップに変換"}
,{"title":"ライトニングレグルスクロー","description":"36,960ダメージ(連続攻撃)"}
,{"title":"カノープストルネードカッター","description":"21,119ダメージ+ランダムで1体を2~3ターンの間バインド"}
,{"title":"ベテルギウスボム","description":"31,679ダメージ+ランダムで1色を火ドロップに変換"}
,{"title":"アルデバランクラッシャー","description":"現HP99%の割合ダメージ"}
,{"title":"ゴッドモード起動！！","description":"999ターンの間、攻撃力が2倍"}
,{"title":"ファイナルゴッドカノン","description":"2倍時：84,476ダメージ"}
,{"title":"バリアフィールド","description":"999ターンの間、状態異常無効"}
,{"title":"ジェノサイドミサイル・零式","description":"18,937ダメージ+ランダムで毒ドロップを6個生成"}
,{"title":"皇爪連牙・改","description":"28,404～33,138ダメージ(連続攻撃)"}
,{"title":"ダークサイクロンブラスト","description":"23,671ダメージ+盤面を暗闇状態にする"}
,{"title":"ハイメギドキャノン","description":"37,874ダメージ(連続攻撃)"}
,{"title":"フリーズクラッシャー","description":"14,203ダメージ+サブ全員を2ターンの間バインド"}
,{"title":"リミッター解除","description":"甚麼都不做"}
,{"title":"アルティメット・ストリーム","description":"170,433ダメージ（連続攻撃）"}
,{"title":"イービルコア","description":"15ターンの間、お邪魔ドロップが落ちやすくなる"}
,{"title":"マインドイート","description":"7ターンの間、操作時間が3秒減少"}
,{"title":"エンヴィポイズン","description":"ランダムで毒ドロップを5個生成"}
,{"title":"デモンズフレア","description":"31,079ダメージ+盤面を暗闇状態にする"}
,{"title":"フューリーホーン","description":"221,990ダメージ（連続攻撃）"}
,{"title":"ギアチャージ","description":"999ターンの間、攻撃力が2倍"}
,{"title":"クリーンナップ","description":"29,397(2倍時：58,794)ダメージ+毒を木ドロップに変換"}
,{"title":"エアロバーン","description":"25,477(2倍時：50,955)ダメージ+上から1段目を火ドロップ/5段目を木ドロップに変換"}
,{"title":"インヴィンシブルボディ","description":"5ターンの間、受けるダメージを50%軽減"}
,{"title":"イグニスソウ","description":"47,025ダメージ+ランダムで1色を火ドロップに変換"}
,{"title":"デストロイアーム","description":"56,430ダメージ+5ターンの間、ランダムで2体をバインド"}
,{"title":"デスペリアレイ","description":"156,750ダメージ+左から3列目を毒ドロップ、4列目を猛毒ドロップに変換"}
,{"title":"シンギュラリティ","description":"2ターンの間、光/闇属性の攻撃を吸収"}
,{"title":"マシナリーボディ","description":"999ターンの間、状態異常攻撃を無効"}
,{"title":"ダークレールガン","description":"1000%の割合ダメージ"}
,{"title":"ブラックウェポン","description":"48,263ダメージ+スキル発動に必要なターンを3ターン延ばす"}
,{"title":"ブラックウェポン","description":"48,263ダメージ+ランダムで猛毒ドロップを3個生成"}
,{"title":"ブラックウェポン","description":"48,263ダメージ+全ドロップからランダムで8個ロック"}
,{"title":"エレメンタルアブソーバー","description":"2ターンの間、火属性攻撃を吸収"}
,{"title":"フレアコンバート","description":"ランダムで1色を火ドロップに変換+48,263ダメージ"}
,{"title":"エレメンタルアブソーバー","description":"2ターンの間、水属性攻撃を吸収"}
,{"title":"アクアコンバート","description":"ランダムで1色を水ドロップに変換+48,263ダメージ"}
,{"title":"エレメンタルアブソーバー","description":"2ターンの間、木属性攻撃を吸収"}
,{"title":"アースコンバート","description":"ランダムで1色を木ドロップに変換+48,263ダメージ"}
,{"title":"エレメンタルアブソーバー","description":"2ターンの間、光属性攻撃を吸収"}
,{"title":"ライトコンバート","description":"ランダムで1色を光ドロップに変換+48,263ダメージ"}
,{"title":"エレメンタルアブソーバー","description":"2ターンの間、闇属性攻撃を吸収"}
,{"title":"ダークコンバート","description":"ランダムで1色を闇ドロップに変換+48,263ダメージ"}
,{"title":"ハーフリペア","description":"敵のHPが50%回復"}
,{"title":"ルストジェネレート","description":"ランダムでお邪魔ドロップを12個生成"}
,{"title":"リミットシグナル","description":"2ターンの間、覚醒スキルを無効"}
,{"title":"ナムシグナル","description":"ランダムで4体を3ターンの間バインド"}
,{"title":"パワースティール","description":"次のターン、攻撃力が2倍"}
,{"title":"ミリアドソードウィング","description":"55,590~89,104ダメージ(2倍時：111,380~178,208)"}]