[{"title":"0","description":""},{"title":"気合溜め","description":"下次攻擊時造成200%傷害"},
{"title":"フリーズストライク","description":"重擊，造成150%傷害"},
{"title":"ウォーターバインド","description":"封鎖水屬性寵物2~4回合"},
{"title":"フレイムストライク","description":"重擊，造成150%傷害"},
{"title":"ロックストライク","description":"重擊，造成150%傷害"},
{"title":"羽交い絞め","description":"封鎖隨機1隻寵物10回合"},
{"title":"防衛システム起動","description":"3回合內，無法發動任何主動技能"},
{"title":"排除スル","description":"甚麼都不做"},
{"title":"ロケットパンチ","description":"重擊，造成100%傷害"},
{"title":"ロケットパンチ","description":"重擊，造成110%傷害"},
{"title":"突進スル","description":"甚麼都不做"},
{"title":"バーンタックル","description":"重擊，造成600%傷害"},
{"title":"防衛システム起動","description":"10回合內，水珠的掉落機率提升15%"},
{"title":"敵影ヲ補足","description":"甚麼都不做"},
{"title":"牽制射撃","description":"重擊，造成100%傷害"},
{"title":"敵ノ行動ヲ制限","description":"封鎖隨機1隻隊員寵物2~3回合"},
{"title":"ロックオン","description":"甚麼都不做"},
{"title":"ヘイルストームシュート","description":"連擊5次，造成500%傷害"},
{"title":"防衛システム起動","description":"999回合內異常狀態（如毒、威嚇、破防）無效化"},
{"title":"敵ノ妨害ヲ始メル","description":"甚麼都不做"},
{"title":"レッドレイン","description":"5回合內，邪魔珠的掉落機率提升20%"},
{"title":"ジャミングロック","description":"將邪魔珠鎖定"},
{"title":"ブースト展開","description":"甚麼都不做"},
{"title":"ダブルハンマーサイクロン","description":"連擊4次，造成400%傷害"},
{"title":"メタルボディ","description":"999回合內異常狀態（如毒、威嚇、破防）無效化"},
{"title":"バーベル落とし","description":"造成玩家目前HP99%的傷害"},
{"title":"パンプアップ","description":"999回合內攻擊力提升至200%"},
{"title":"マッスルインパクト","description":"連擊3次，造成300%傷害"}]