[{"title":"0","description":""},{"title":"気合溜め","description":"次のターン、攻撃力が2倍"},
{"title":"フリーズストライク","description":"15,900ダメージ"},
{"title":"ウォーターバインド","description":"水属性を2~4ターンの間バインド"},
{"title":"フレイムストライク","description":"15,123ダメージ"},
{"title":"ロックストライク","description":"15,900ダメージ"},
{"title":"羽交い絞め","description":"ランダムで1体を10ターンの間バインド"},
{"title":"防衛システム起動","description":"3ターンの間スキル封印"},
{"title":"排除スル","description":"何もしない"},
{"title":"ロケットパンチ","description":"9,529ダメージ"},
{"title":"ロケットパンチ","description":"10,482ダメージ"},
{"title":"突進スル","description":"何もしない"},
{"title":"バーンタックル","description":"57,174ダメージ（連続攻撃）"},
{"title":"防衛システム起動","description":"10ターンの間、水ドロップが落ちやすくなる"},
{"title":"敵影ヲ補足","description":"何もしない"},
{"title":"牽制射撃","description":"8,412ダメージ"},
{"title":"敵ノ行動ヲ制限","description":"ランダムで1体を2〜3ターンの間バインド"},
{"title":"ロックオン","description":"何もしない"},
{"title":"ヘイルストームシュート","description":"42,060ダメージ（連続攻撃）"},
{"title":"防衛システム起動","description":"999ターンの間、状態異常無効"},
{"title":"敵ノ妨害ヲ始メル","description":"何もしない"},
{"title":"レッドレイン","description":"	5ターンの間、お邪魔ドロップが落ちやすくなる"},
{"title":"ジャミングロック","description":"お邪魔ドロップをロックする"},
{"title":"ブースト展開","description":"何もしない"},
{"title":"ダブルハンマーサイクロン","description":"17,568ダメージ（連続攻撃）"},
{"title":"メタルボディ","description":"999ターンの間、状態異常無効"},
{"title":"バーベル落とし","description":"現HP99%の割合ダメージ"},
{"title":"パンプアップ","description":"999ターンの間、攻撃力が2倍"},
{"title":"マッスルインパクト","description":"2倍時：31,998ダメージ(連続攻撃)"}]