[{"title":"0","description":""},{"title":"Energy Charge","description":"Skips turn and deal 200% damage on the next attack.."},
{"title":"Freeze Strike","description":"Deal 150% damage.."},
{"title":"Water Bind ","description":"Binds all Water attribute cards for 2-4 turns. This will also disable leader skills and awoken skills.."},
{"title":"Flame Strike","description":"Deal 150% damage.."},
{"title":"Rock Strike","description":"Deal 150% damage.."},
{"title":"Binding Move","description":"Binds 1 Random card for 10 turns. This will also disable leader skill and awoken skills.."},
{"title":"Defense System Activated","description":"Disable active skills for 3 turns.."},
{"title":"Elimination","description":"Skip turn.."},
{"title":"Rocket Punch","description":"Deal 100% damage.."},
{"title":"Rocket Punch","description":"Deal 110% damage.."},
{"title":"Charge","description":"Skip turn.."},
{"title":"Burn Tackle","description":"Deal 600% damage.."},
{"title":"Defense System Activated","description":"Increases skyfall chance of Water orbs by 15% for 10 turns.."},
{"title":"Target Acquired","description":"Skip turn.."},
{"title":"Diversionary Attack","description":"Deal 100% damage.."},
{"title":"Restrict the enemy's actions","description":"Binds 1 Random sub for 2-3 turns. This will also disable awoken skills.."},
{"title":"Lock On","description":"Skip turn.."},
{"title":"Hailstorm Shot","description":"Deal 500% damage ( 5 hits, 100% per hit ).."},
{"title":"Defense System Activated","description":"Immunity against status effects such as delay, poison, defense reduction for 999 turns.."},
{"title":"Obstructing the Enemy","description":"Skip turn.."},
{"title":"Red Rain","description":"Increases skyfall chance of Jammer orbs by 20% for 5 turns.."},
{"title":"Jamming Lock","description":"Change Jammer orbs into locked orbs.."},
{"title":"Boost Deployment","description":"Skip turn.."},
{"title":"Double Hammer Cyclone","description":"Deal 400% damage ( 4 hits, 100% per hit ).."},
{"title":"Metal Body","description":"Immunity against status effects such as delay, poison, defense reduction for 999 turns.."},
{"title":"Barbell Drop","description":"Player -99% current HP.."},
{"title":"Pump Up","description":"Increases damage to 200% for the next 999 turns.."},
{"title":"Muscle Impact","description":"Deal 300% damage ( 3 hits, 100% per hit ).."}]