[{"title":"Knowledge Barrier","description":"Immunity against status effects such as delay, poison, defense reduction for 999 turns"},
{"title":"Demon's Wall","description":"50% damage reduction for 1 turn"},
{"title":"Shadow Touch","description":"Deal 130% damage and binds 1 Random sub for 2 turns. This will also disable awoken skills"},
{"title":"Poison Alchemy","description":"Deal 180% damage. Randomly spawn Poison orbs from non 3 Poison orbs"},
{"title":"Healing Element","description":"Deal 100% damage. Change all orbs to Fire, Light & Dark orbs"},
{"title":"Hinder Line","description":"Change middle row into Jammer orbs"},
{"title":"Hinder Alchemy","description":"Deal 180% damage. Randomly spawn Jammer orbs from non 5 Jammer orbs"},
{"title":"Heat and Cold","description":"Deal 160% damage. Randomly spawn Fire & Water orbs from non 2 Fire & Water orbs"},
{"title":"Chemical Reaction","description":"Change own attribute to Wood"},
{"title":"Weaknessless","description":"Absorbs 100% Fire damage for 5 turns"},
{"title":"Chemical Reaction","description":"Change own attribute to Light"},
{"title":"Weaknessless","description":"Absorbs 100% Dark damage for 5 turns"},
{"title":"Chemical Reaction","description":"Change own attribute to Dark"},
{"title":"Weaknessless","description":"Absorbs 100% Light damage for 5 turns"},
{"title":"High Poison Alchemy","description":"Deal 200% damage and converts all Jammer orbs into Mortal Poison orbs"},
{"title":"Hinder Alchemy","description":"Deal 180% damage. Randomly spawn Jammer orbs from non 5 Jammer orbs"},
{"title":"Heat and Cold","description":"Deal 160% damage. Randomly spawn Fire & Water orbs from non 2 Fire & Water orbs"},
{"title":"Contraindication","description":"Deal 400% damage. Change all orbs to Fire, Water, Wood, Light, Dark, Heart, Jammer, Poison & Mortal Poison orbs"}]