[{"title":"Holy Shot","description":"Pre-emptive Strike. Deal 290% damage"},
{"title":"Purification","description":"Disable awoken skills for 5 turns"},
{"title":"Certainty Shot","description":"Deal 500% damage ( 5 hits, 100% per hit )"},
{"title":"Skill Trap","description":"Disable active skills for 5 turns"},
{"title":"Capture","description":"Increases damage to 200% for the next 99 turns"},
{"title":"Mortal Shot","description":"Player -99% current HP"},
{"title":"Divine Protection of the Secret Stone","description":"Immunity against status effects such as delay, poison, defense reduction for 10 turns"},
{"title":"Reduce Shot","description":"Deal 120% damage and increases cooldown of active skills by 0-2 turns"},
{"title":"Earth Wind Shot","description":"Deal 130% damage. Change middle row into Wood orbs"},
{"title":"Snipe Shot","description":"Randomly change 5 Fire, Water, Wood, Light, Dark, Heart, Jammer, Poison & Mortal Poison orbs into locked orbs"},
{"title":"Hunting Breath","description":"Absorbs 100% of the damage you cause for combos 7 and under for 1 turn"},
{"title":"Drawing her bow","description":"Reduces time limit of orb movement by 2 secs for 1 turn"},
{"title":"Rapid Shot","description":"Deal 180% damage ( 3 hits, 60% per hit )"}]