[{"title":"ホーリーショット","description":"82,476ダメージ"},
{"title":"浄化","description":"5ターン覚醒スキル無効"},
{"title":"サーテンティショット","description":"142,200ダメージ（連続攻撃）"},
{"title":"スキルトラップ","description":"5ターンスキル封印"},
{"title":"捕捉","description":"99ターン攻撃力2倍"},
{"title":"モータルショット","description":"現HP99%割合ダメージ"},
{"title":"秘石の加護","description":"10ターン状態異常無効"},
{"title":"リデュースショット","description":"34,128ダメージ+0~2ターンスキル遅延"},
{"title":"アースウィンドショット","description":"36,972ダメージ+上から3段目を木に変換"},
{"title":"スナイプショット","description":"34,128ダメージ+5個ロック"},
{"title":"狩猟の息吹","description":"1ターン7コンボ以下吸収"},
{"title":"弓を構えている","description":"1ターン操作時間2秒減少"},
{"title":"ラピッドショット","description":"51,192ダメージ（連続攻撃）"}]