[{"title":"ナレッジバリア","description":"999ターン状態異常無効"},
{"title":"魔障壁","description":"1ターン全属性50%軽減"},
{"title":"シャドウタッチ","description":"22,932ダメージ+ランダムで1体を2ターンバインド"},
{"title":"ポイズンアルケミー","description":"31,752ダメージ+毒を3個生成"},
{"title":"ヒーリングエレメント","description":"17,640ダメージ+盤面を火/光/闇に変換"},
{"title":"ハインダーライン","description":"上から3段目を邪魔に変換"},
{"title":"ハインダーアルケミー","description":"31,752ダメージ+お邪魔を5個生成"},
{"title":"ヒートアンドコールド","description":"28,224ダメージ+火/水を2個ずつ生成"},
{"title":"ケミカルリアクション","description":"自身の属性を木属性に変化"},
{"title":"ウィークネスレス","description":"5ターン火属性吸収"},
{"title":"ケミカルリアクション","description":"自身の属性を光属性に変化"},
{"title":"ウィークネスレス","description":"5ターン闇属性吸収"},
{"title":"ケミカルリアクション","description":"自身の属性を闇属性に変化"},
{"title":"ウィークネスレス","description":"5ターン光属性吸収"},
{"title":"ハイポイズンアルケミー","description":" 35,280ダメージ+お邪魔を猛毒に変換"},
{"title":"ハインダーアルケミー","description":"31,752ダメージ+お邪魔を5個生成"},
{"title":"ヒートアンドコールド","description":"28,224ダメージ+火/水を2個ずつ生成"},
{"title":"コントラインディケーション","description":"70,560ダメージ+全ドロップを火/水/木/光/闇/回復/お邪魔/毒に変換"}]