[{"title":"ナレッジバリア","description":"999回合內異常狀態（如毒、威嚇、破防）無效化"},
{"title":"魔障壁","description":"1回合內，受到的所有傷害減少50%"},
{"title":"シャドウタッチ","description":"封鎖隨機1隻隊員寵物2回合，並造成130%傷害 (22932) "},
{"title":"ポイズンアルケミー","description":"隨機生成毒寶珠3粒，並造成180%傷害 (31752)"},
{"title":"ヒーリングエレメント","description":"所有寶珠變為火光暗，並造成100%傷害 (17640)"},
{"title":"ハインダーライン","description":"上方起第3橫行轉邪魔  "},
{"title":"ハインダーアルケミー","description":"隨機生成邪魔寶珠5粒，並造成180%傷害 (31752)"},
{"title":"ヒートアンドコールド","description":"隨機生成火水寶珠各2粒，並造成160%傷害 (28224)"},
{"title":"ケミカルリアクション","description":"將自身的屬性變成木"},
{"title":"ウィークネスレス","description":"5回合內，將受到的火屬性傷害轉換成自己的生命值"},
{"title":"ケミカルリアクション","description":"將自身的屬性變成光"},
{"title":"ウィークネスレス","description":"5回合內，將受到的暗屬性傷害轉換成自己的生命值"},
{"title":"ケミカルリアクション","description":"將自身的屬性變成暗"},
{"title":"ウィークネスレス","description":"5回合內，將受到的光屬性傷害轉換成自己的生命值"},
{"title":"ハイポイズンアルケミー","description":" 邪魔變猛毒，並造成200%傷害 (35280) "},
{"title":"ハインダーアルケミー","description":"隨機生成邪魔寶珠5粒，並造成180%傷害 (31752)"},
{"title":"ヒートアンドコールド","description":"隨機生成火水寶珠各2粒，並造成160%傷害 (28224)"},
{"title":"コントラインディケーション","description":"所有寶珠變為火水木光暗心邪魔毒猛毒，並造成400%傷害 (70560)"}]