[{"title":"ホーリーショット","description":"重擊，造成290%傷害 (82476)"},
{"title":"浄化","description":"5回合內，覺醒技能無效化"},
{"title":"サーテンティショット","description":"連擊5次，造成500%傷害 (142200→284400)"},
{"title":"スキルトラップ","description":"5回合內，無法發動任何主動技能"},
{"title":"捕捉","description":"99回合內攻擊力提升至200%"},
{"title":"モータルショット","description":"造成玩家目前HP99%的傷害"},
{"title":"秘石の加護","description":"10回合內異常狀態（如毒、威嚇、破防）無效化"},
{"title":"リデュースショット","description":"當前所有技能的冷卻時間增加 0~2 回合，並造成120%傷害 (34128)"},
{"title":"アースウィンドショット","description":"上方起第3橫行轉木珠，並造成130%傷害 (36972)"},
{"title":"スナイプショット","description":"將隨機5粒寶珠鎖定，並造成120%傷害 (34128)"},
{"title":"狩猟の息吹","description":"1回合內，將 7COMBO 或以下時所造成的傷害全部吸收"},
{"title":"弓を構えている","description":"1回合內，寶珠移動時間減少2秒"},
{"title":"ラピッドショット","description":"連擊3次，造成180%傷害 (51192→102384)"}]